city_name,hotel,address,rating,reviews,url,description,latitude_x,longitude_x,id,latitude_y,longitude_y,day,temp,wind_speed,humidity,weather
Avignon,Hôtel Le Bristol,"44 Cours Jean Jaurès, 84000 Avignon, France",8.3,5006,https://www.booking.com/hotel/fr/hotel-bristol-avignon.fr.html,"Idéalement situé à l’intérieur des remparts du centre d’Avignon, l’Hôtel Le Bristol vous propose des chambres climatisées, un bar, une connexion Wi-Fi...",43.9440321,4.8053317,c0ea9024-87a5-43ad-b895-2b6444607794,43.9492493,4.8059012,2025-09-10,23.96666666666667,4.546666666666667,46.333333333333336,scattered clouds
Avignon,Hôtel Le Bristol,"44 Cours Jean Jaurès, 84000 Avignon, France",8.3,5006,https://www.booking.com/hotel/fr/hotel-bristol-avignon.fr.html,"Idéalement situé à l’intérieur des remparts du centre d’Avignon, l’Hôtel Le Bristol vous propose des chambres climatisées, un bar, une connexion Wi-Fi...",43.9440321,4.8053317,c0ea9024-87a5-43ad-b895-2b6444607794,43.9492493,4.8059012,2025-09-11,20.99375,4.48125,51.25,clear sky
Avignon,Hôtel Le Bristol,"44 Cours Jean Jaurès, 84000 Avignon, France",8.3,5006,https://www.booking.com/hotel/fr/hotel-bristol-avignon.fr.html,"Idéalement situé à l’intérieur des remparts du centre d’Avignon, l’Hôtel Le Bristol vous propose des chambres climatisées, un bar, une connexion Wi-Fi...",43.9440321,4.8053317,c0ea9024-87a5-43ad-b895-2b6444607794,43.9492493,4.8059012,2025-09-12,20.405,2.52625,54.375,clear sky
Avignon,Hôtel Le Bristol,"44 Cours Jean Jaurès, 84000 Avignon, France",8.3,5006,https://www.booking.com/hotel/fr/hotel-bristol-avignon.fr.html,"Idéalement situé à l’intérieur des remparts du centre d’Avignon, l’Hôtel Le Bristol vous propose des chambres climatisées, un bar, une connexion Wi-Fi...",43.9440321,4.8053317,c0ea9024-87a5-43ad-b895-2b6444607794,43.9492493,4.8059012,2025-09-13,18.215,2.01875,71.375,broken clouds
Avignon,Hôtel Le Bristol,"44 Cours Jean Jaurès, 84000 Avignon, France",8.3,5006,https://www.booking.com/hotel/fr/hotel-bristol-avignon.fr.html,"Idéalement situé à l’intérieur des remparts du centre d’Avignon, l’Hôtel Le Bristol vous propose des chambres climatisées, un bar, une connexion Wi-Fi...",43.9440321,4.8053317,c0ea9024-87a5-43ad-b895-2b6444607794,43.9492493,4.8059012,2025-09-14,19.83,5.13625,55.5,clear sky
Avignon,Hôtel Le Bristol,"44 Cours Jean Jaurès, 84000 Avignon, France",8.3,5006,https://www.booking.com/hotel/fr/hotel-bristol-avignon.fr.html,"Idéalement situé à l’intérieur des remparts du centre d’Avignon, l’Hôtel Le Bristol vous propose des chambres climatisées, un bar, une connexion Wi-Fi...",43.9440321,4.8053317,c0ea9024-87a5-43ad-b895-2b6444607794,43.9492493,4.8059012,2025-09-15,19.576,1.632,50.6,scattered clouds
Avignon,Appartement Les Hortensias,"20, Boulevard de la Liberté, 84000 Avignon, France",9.3,56,https://www.booking.com/hotel/fr/les-hortensias-avignon.fr.html,"Situé à 10 minutes à pied du centre d'Avignon et à seulement 15 minutes de marche du quartier historique du Palais des Papes, l'établissement Les...",43.9433767,4.8191273,c0ea9024-87a5-43ad-b895-2b6444607794,43.9492493,4.8059012,2025-09-10,23.96666666666667,4.546666666666667,46.333333333333336,scattered clouds
Avignon,Appartement Les Hortensias,"20, Boulevard de la Liberté, 84000 Avignon, France",9.3,56,https://www.booking.com/hotel/fr/les-hortensias-avignon.fr.html,"Situé à 10 minutes à pied du centre d'Avignon et à seulement 15 minutes de marche du quartier historique du Palais des Papes, l'établissement Les...",43.9433767,4.8191273,c0ea9024-87a5-43ad-b895-2b6444607794,43.9492493,4.8059012,2025-09-11,20.99375,4.48125,51.25,clear sky
Avignon,Appartement Les Hortensias,"20, Boulevard de la Liberté, 84000 Avignon, France",9.3,56,https://www.booking.com/hotel/fr/les-hortensias-avignon.fr.html,"Situé à 10 minutes à pied du centre d'Avignon et à seulement 15 minutes de marche du quartier historique du Palais des Papes, l'établissement Les...",43.9433767,4.8191273,c0ea9024-87a5-43ad-b895-2b6444607794,43.9492493,4.8059012,2025-09-12,20.405,2.52625,54.375,clear sky
Avignon,Appartement Les Hortensias,"20, Boulevard de la Liberté, 84000 Avignon, France",9.3,56,https://www.booking.com/hotel/fr/les-hortensias-avignon.fr.html,"Situé à 10 minutes à pied du centre d'Avignon et à seulement 15 minutes de marche du quartier historique du Palais des Papes, l'établissement Les...",43.9433767,4.8191273,c0ea9024-87a5-43ad-b895-2b6444607794,43.9492493,4.8059012,2025-09-13,18.215,2.01875,71.375,broken clouds
Avignon,Appartement Les Hortensias,"20, Boulevard de la Liberté, 84000 Avignon, France",9.3,56,https://www.booking.com/hotel/fr/les-hortensias-avignon.fr.html,"Situé à 10 minutes à pied du centre d'Avignon et à seulement 15 minutes de marche du quartier historique du Palais des Papes, l'établissement Les...",43.9433767,4.8191273,c0ea9024-87a5-43ad-b895-2b6444607794,43.9492493,4.8059012,2025-09-14,19.83,5.13625,55.5,clear sky
Avignon,Appartement Les Hortensias,"20, Boulevard de la Liberté, 84000 Avignon, France",9.3,56,https://www.booking.com/hotel/fr/les-hortensias-avignon.fr.html,"Situé à 10 minutes à pied du centre d'Avignon et à seulement 15 minutes de marche du quartier historique du Palais des Papes, l'établissement Les...",43.9433767,4.8191273,c0ea9024-87a5-43ad-b895-2b6444607794,43.9492493,4.8059012,2025-09-15,19.576,1.632,50.6,scattered clouds
Avignon,Apartment-NO elevator-Free private parking-Self check in !! Appartement-PAS ascenseur-Parking privé gratuit-Arrivée autonome!!,"170 Rue Carreterie, 84000 Avignon, France",9.7,148,https://www.booking.com/hotel/fr/intramuros-parking-prive-wifi-smarttv50.fr.html,L’hébergement Apartment-NO elevator-Free private parking-Self check in!! Appartement-PAS ascenseur-Parking privé gratuit-Arrivée autonome!!,43.9509229,4.8184132,c0ea9024-87a5-43ad-b895-2b6444607794,43.9492493,4.8059012,2025-09-10,23.96666666666667,4.546666666666667,46.333333333333336,scattered clouds
Avignon,Apartment-NO elevator-Free private parking-Self check in !! Appartement-PAS ascenseur-Parking privé gratuit-Arrivée autonome!!,"170 Rue Carreterie, 84000 Avignon, France",9.7,148,https://www.booking.com/hotel/fr/intramuros-parking-prive-wifi-smarttv50.fr.html,L’hébergement Apartment-NO elevator-Free private parking-Self check in!! Appartement-PAS ascenseur-Parking privé gratuit-Arrivée autonome!!,43.9509229,4.8184132,c0ea9024-87a5-43ad-b895-2b6444607794,43.9492493,4.8059012,2025-09-11,20.99375,4.48125,51.25,clear sky
Avignon,Apartment-NO elevator-Free private parking-Self check in !! Appartement-PAS ascenseur-Parking privé gratuit-Arrivée autonome!!,"170 Rue Carreterie, 84000 Avignon, France",9.7,148,https://www.booking.com/hotel/fr/intramuros-parking-prive-wifi-smarttv50.fr.html,L’hébergement Apartment-NO elevator-Free private parking-Self check in!! Appartement-PAS ascenseur-Parking privé gratuit-Arrivée autonome!!,43.9509229,4.8184132,c0ea9024-87a5-43ad-b895-2b6444607794,43.9492493,4.8059012,2025-09-12,20.405,2.52625,54.375,clear sky
Avignon,Novotel Avignon Centre,"20 boulevard Saint Roch, 84000 Avignon, France",7.9,885,https://www.booking.com/hotel/fr/novotel-avignon-centre.fr.html,"Installé à côté de la gare ferroviaire d’Avignon, le Novotel Avignon Centrevous propose une piscine extérieure et un salon de beauté.",43.9427354,4.8024362,c0ea9024-87a5-43ad-b895-2b6444607794,43.9492493,4.8059012,2025-09-11,20.99375,4.48125,51.25,clear sky
Avignon,Apartment-NO elevator-Free private parking-Self check in !! Appartement-PAS ascenseur-Parking privé gratuit-Arrivée autonome!!,"170 Rue Carreterie, 84000 Avignon, France",9.7,148,https://www.booking.com/hotel/fr/intramuros-parking-prive-wifi-smarttv50.fr.html,L’hébergement Apartment-NO elevator-Free private parking-Self check in!! Appartement-PAS ascenseur-Parking privé gratuit-Arrivée autonome!!,43.9509229,4.8184132,c0ea9024-87a5-43ad-b895-2b6444607794,43.9492493,4.8059012,2025-09-13,18.215,2.01875,71.375,broken clouds
Avignon,Apartment-NO elevator-Free private parking-Self check in !! Appartement-PAS ascenseur-Parking privé gratuit-Arrivée autonome!!,"170 Rue Carreterie, 84000 Avignon, France",9.7,148,https://www.booking.com/hotel/fr/intramuros-parking-prive-wifi-smarttv50.fr.html,L’hébergement Apartment-NO elevator-Free private parking-Self check in!! Appartement-PAS ascenseur-Parking privé gratuit-Arrivée autonome!!,43.9509229,4.8184132,c0ea9024-87a5-43ad-b895-2b6444607794,43.9492493,4.8059012,2025-09-14,19.83,5.13625,55.5,clear sky
Avignon,Apartment-NO elevator-Free private parking-Self check in !! Appartement-PAS ascenseur-Parking privé gratuit-Arrivée autonome!!,"170 Rue Carreterie, 84000 Avignon, France",9.7,148,https://www.booking.com/hotel/fr/intramuros-parking-prive-wifi-smarttv50.fr.html,L’hébergement Apartment-NO elevator-Free private parking-Self check in!! Appartement-PAS ascenseur-Parking privé gratuit-Arrivée autonome!!,43.9509229,4.8184132,c0ea9024-87a5-43ad-b895-2b6444607794,43.9492493,4.8059012,2025-09-15,19.576,1.632,50.6,scattered clouds
Avignon,Garlande Hôtel Avignon Centre,"20 Rue Galante, 84000 Avignon, France",8.9,700,https://www.booking.com/hotel/fr/de-garlande.fr.html,"Doté d’une connexion Wi-Fi gratuite, le Garlande Hôtel Avignon Centre propose des hébergements installés sur une rue piétonne d’Avignon, à 500 mètres du...",43.9476183,4.8068035,c0ea9024-87a5-43ad-b895-2b6444607794,43.9492493,4.8059012,2025-09-10,23.96666666666667,4.546666666666667,46.333333333333336,scattered clouds
Avignon,Garlande Hôtel Avignon Centre,"20 Rue Galante, 84000 Avignon, France",8.9,700,https://www.booking.com/hotel/fr/de-garlande.fr.html,"Doté d’une connexion Wi-Fi gratuite, le Garlande Hôtel Avignon Centre propose des hébergements installés sur une rue piétonne d’Avignon, à 500 mètres du...",43.9476183,4.8068035,c0ea9024-87a5-43ad-b895-2b6444607794,43.9492493,4.8059012,2025-09-11,20.99375,4.48125,51.25,clear sky
Avignon,Garlande Hôtel Avignon Centre,"20 Rue Galante, 84000 Avignon, France",8.9,700,https://www.booking.com/hotel/fr/de-garlande.fr.html,"Doté d’une connexion Wi-Fi gratuite, le Garlande Hôtel Avignon Centre propose des hébergements installés sur une rue piétonne d’Avignon, à 500 mètres du...",43.9476183,4.8068035,c0ea9024-87a5-43ad-b895-2b6444607794,43.9492493,4.8059012,2025-09-12,20.405,2.52625,54.375,clear sky
Avignon,Garlande Hôtel Avignon Centre,"20 Rue Galante, 84000 Avignon, France",8.9,700,https://www.booking.com/hotel/fr/de-garlande.fr.html,"Doté d’une connexion Wi-Fi gratuite, le Garlande Hôtel Avignon Centre propose des hébergements installés sur une rue piétonne d’Avignon, à 500 mètres du...",43.9476183,4.8068035,c0ea9024-87a5-43ad-b895-2b6444607794,43.9492493,4.8059012,2025-09-13,18.215,2.01875,71.375,broken clouds
Avignon,Garlande Hôtel Avignon Centre,"20 Rue Galante, 84000 Avignon, France",8.9,700,https://www.booking.com/hotel/fr/de-garlande.fr.html,"Doté d’une connexion Wi-Fi gratuite, le Garlande Hôtel Avignon Centre propose des hébergements installés sur une rue piétonne d’Avignon, à 500 mètres du...",43.9476183,4.8068035,c0ea9024-87a5-43ad-b895-2b6444607794,43.9492493,4.8059012,2025-09-14,19.83,5.13625,55.5,clear sky
Avignon,Garlande Hôtel Avignon Centre,"20 Rue Galante, 84000 Avignon, France",8.9,700,https://www.booking.com/hotel/fr/de-garlande.fr.html,"Doté d’une connexion Wi-Fi gratuite, le Garlande Hôtel Avignon Centre propose des hébergements installés sur une rue piétonne d’Avignon, à 500 mètres du...",43.9476183,4.8068035,c0ea9024-87a5-43ad-b895-2b6444607794,43.9492493,4.8059012,2025-09-15,19.576,1.632,50.6,scattered clouds
Avignon,Hôtel de l'Horloge,"1 Rue Félicien David - Place de l'Horloge, 84000 Avignon, France",8.4,1345,https://www.booking.com/hotel/fr/de-l-horloge.fr.html,"L'Hôtel de l'Horloge occupe un bâtiment du XIXème siècle donnant sur la pittoresque place de l'horloge, dans le centre d'Avignon.",43.9489672,4.8054725,c0ea9024-87a5-43ad-b895-2b6444607794,43.9492493,4.8059012,2025-09-10,23.96666666666667,4.546666666666667,46.333333333333336,scattered clouds
Avignon,Hôtel de l'Horloge,"1 Rue Félicien David - Place de l'Horloge, 84000 Avignon, France",8.4,1345,https://www.booking.com/hotel/fr/de-l-horloge.fr.html,"L'Hôtel de l'Horloge occupe un bâtiment du XIXème siècle donnant sur la pittoresque place de l'horloge, dans le centre d'Avignon.",43.9489672,4.8054725,c0ea9024-87a5-43ad-b895-2b6444607794,43.9492493,4.8059012,2025-09-11,20.99375,4.48125,51.25,clear sky
Avignon,Hôtel de l'Horloge,"1 Rue Félicien David - Place de l'Horloge, 84000 Avignon, France",8.4,1345,https://www.booking.com/hotel/fr/de-l-horloge.fr.html,"L'Hôtel de l'Horloge occupe un bâtiment du XIXème siècle donnant sur la pittoresque place de l'horloge, dans le centre d'Avignon.",43.9489672,4.8054725,c0ea9024-87a5-43ad-b895-2b6444607794,43.9492493,4.8059012,2025-09-12,20.405,2.52625,54.375,clear sky
Avignon,Hôtel de l'Horloge,"1 Rue Félicien David - Place de l'Horloge, 84000 Avignon, France",8.4,1345,https://www.booking.com/hotel/fr/de-l-horloge.fr.html,"L'Hôtel de l'Horloge occupe un bâtiment du XIXème siècle donnant sur la pittoresque place de l'horloge, dans le centre d'Avignon.",43.9489672,4.8054725,c0ea9024-87a5-43ad-b895-2b6444607794,43.9492493,4.8059012,2025-09-13,18.215,2.01875,71.375,broken clouds
Avignon,Hôtel de l'Horloge,"1 Rue Félicien David - Place de l'Horloge, 84000 Avignon, France",8.4,1345,https://www.booking.com/hotel/fr/de-l-horloge.fr.html,"L'Hôtel de l'Horloge occupe un bâtiment du XIXème siècle donnant sur la pittoresque place de l'horloge, dans le centre d'Avignon.",43.9489672,4.8054725,c0ea9024-87a5-43ad-b895-2b6444607794,43.9492493,4.8059012,2025-09-14,19.83,5.13625,55.5,clear sky
Avignon,Hôtel de l'Horloge,"1 Rue Félicien David - Place de l'Horloge, 84000 Avignon, France",8.4,1345,https://www.booking.com/hotel/fr/de-l-horloge.fr.html,"L'Hôtel de l'Horloge occupe un bâtiment du XIXème siècle donnant sur la pittoresque place de l'horloge, dans le centre d'Avignon.",43.9489672,4.8054725,c0ea9024-87a5-43ad-b895-2b6444607794,43.9492493,4.8059012,2025-09-15,19.576,1.632,50.6,scattered clouds
Avignon,Novotel Avignon Centre,"20 boulevard Saint Roch, 84000 Avignon, France",7.9,885,https://www.booking.com/hotel/fr/novotel-avignon-centre.fr.html,"Installé à côté de la gare ferroviaire d’Avignon, le Novotel Avignon Centrevous propose une piscine extérieure et un salon de beauté.",43.9427354,4.8024362,c0ea9024-87a5-43ad-b895-2b6444607794,43.9492493,4.8059012,2025-09-10,23.96666666666667,4.546666666666667,46.333333333333336,scattered clouds
Avignon,Novotel Avignon Centre,"20 boulevard Saint Roch, 84000 Avignon, France",7.9,885,https://www.booking.com/hotel/fr/novotel-avignon-centre.fr.html,"Installé à côté de la gare ferroviaire d’Avignon, le Novotel Avignon Centrevous propose une piscine extérieure et un salon de beauté.",43.9427354,4.8024362,c0ea9024-87a5-43ad-b895-2b6444607794,43.9492493,4.8059012,2025-09-12,20.405,2.52625,54.375,clear sky
Avignon,Novotel Avignon Centre,"20 boulevard Saint Roch, 84000 Avignon, France",7.9,885,https://www.booking.com/hotel/fr/novotel-avignon-centre.fr.html,"Installé à côté de la gare ferroviaire d’Avignon, le Novotel Avignon Centrevous propose une piscine extérieure et un salon de beauté.",43.9427354,4.8024362,c0ea9024-87a5-43ad-b895-2b6444607794,43.9492493,4.8059012,2025-09-13,18.215,2.01875,71.375,broken clouds
Avignon,Novotel Avignon Centre,"20 boulevard Saint Roch, 84000 Avignon, France",7.9,885,https://www.booking.com/hotel/fr/novotel-avignon-centre.fr.html,"Installé à côté de la gare ferroviaire d’Avignon, le Novotel Avignon Centrevous propose une piscine extérieure et un salon de beauté.",43.9427354,4.8024362,c0ea9024-87a5-43ad-b895-2b6444607794,43.9492493,4.8059012,2025-09-14,19.83,5.13625,55.5,clear sky
Avignon,Novotel Avignon Centre,"20 boulevard Saint Roch, 84000 Avignon, France",7.9,885,https://www.booking.com/hotel/fr/novotel-avignon-centre.fr.html,"Installé à côté de la gare ferroviaire d’Avignon, le Novotel Avignon Centrevous propose une piscine extérieure et un salon de beauté.",43.9427354,4.8024362,c0ea9024-87a5-43ad-b895-2b6444607794,43.9492493,4.8059012,2025-09-15,19.576,1.632,50.6,scattered clouds
Avignon,Apartment 40m2-Air conditioning-Elevator-Underground parking-Self checkin! Appart climatisé 40m2-Ascenseur-Parking souterrain -Arrivée autonome,"3 Rue Velouterie, 84000 Avignon, France",9.7,109,https://www.booking.com/hotel/fr/appart-parking-arrivee-autonome.fr.html,L’hébergement Apartment 40m2-Air conditioning-Elevator-Underground parking-Self checkin!,43.9451879,4.7996263,c0ea9024-87a5-43ad-b895-2b6444607794,43.9492493,4.8059012,2025-09-10,23.96666666666667,4.546666666666667,46.333333333333336,scattered clouds
Avignon,Apartment 40m2-Air conditioning-Elevator-Underground parking-Self checkin! Appart climatisé 40m2-Ascenseur-Parking souterrain -Arrivée autonome,"3 Rue Velouterie, 84000 Avignon, France",9.7,109,https://www.booking.com/hotel/fr/appart-parking-arrivee-autonome.fr.html,L’hébergement Apartment 40m2-Air conditioning-Elevator-Underground parking-Self checkin!,43.9451879,4.7996263,c0ea9024-87a5-43ad-b895-2b6444607794,43.9492493,4.8059012,2025-09-11,20.99375,4.48125,51.25,clear sky
Avignon,Apartment 40m2-Air conditioning-Elevator-Underground parking-Self checkin! Appart climatisé 40m2-Ascenseur-Parking souterrain -Arrivée autonome,"3 Rue Velouterie, 84000 Avignon, France",9.7,109,https://www.booking.com/hotel/fr/appart-parking-arrivee-autonome.fr.html,L’hébergement Apartment 40m2-Air conditioning-Elevator-Underground parking-Self checkin!,43.9451879,4.7996263,c0ea9024-87a5-43ad-b895-2b6444607794,43.9492493,4.8059012,2025-09-12,20.405,2.52625,54.375,clear sky
Avignon,Apartment 40m2-Air conditioning-Elevator-Underground parking-Self checkin! Appart climatisé 40m2-Ascenseur-Parking souterrain -Arrivée autonome,"3 Rue Velouterie, 84000 Avignon, France",9.7,109,https://www.booking.com/hotel/fr/appart-parking-arrivee-autonome.fr.html,L’hébergement Apartment 40m2-Air conditioning-Elevator-Underground parking-Self checkin!,43.9451879,4.7996263,c0ea9024-87a5-43ad-b895-2b6444607794,43.9492493,4.8059012,2025-09-13,18.215,2.01875,71.375,broken clouds
Avignon,Apartment 40m2-Air conditioning-Elevator-Underground parking-Self checkin! Appart climatisé 40m2-Ascenseur-Parking souterrain -Arrivée autonome,"3 Rue Velouterie, 84000 Avignon, France",9.7,109,https://www.booking.com/hotel/fr/appart-parking-arrivee-autonome.fr.html,L’hébergement Apartment 40m2-Air conditioning-Elevator-Underground parking-Self checkin!,43.9451879,4.7996263,c0ea9024-87a5-43ad-b895-2b6444607794,43.9492493,4.8059012,2025-09-14,19.83,5.13625,55.5,clear sky
Avignon,Apartment 40m2-Air conditioning-Elevator-Underground parking-Self checkin! Appart climatisé 40m2-Ascenseur-Parking souterrain -Arrivée autonome,"3 Rue Velouterie, 84000 Avignon, France",9.7,109,https://www.booking.com/hotel/fr/appart-parking-arrivee-autonome.fr.html,L’hébergement Apartment 40m2-Air conditioning-Elevator-Underground parking-Self checkin!,43.9451879,4.7996263,c0ea9024-87a5-43ad-b895-2b6444607794,43.9492493,4.8059012,2025-09-15,19.576,1.632,50.6,scattered clouds
Avignon,"Au cœur des Papes, dans bâtisse de charme studios & appartements en cœur de ville","5 Rue et Place Noël Antoine Biret, 84000 Avignon, France",8.0,734,https://www.booking.com/hotel/fr/au-coeur-des-papes.fr.html,"Proposant une terrasse et une connexion Wi-Fi gratuite, l’établissement Au cœur des Papes, dans bâtisse de charme studios & appartements en cœur de ville...",43.9461706,4.8101887,c0ea9024-87a5-43ad-b895-2b6444607794,43.9492493,4.8059012,2025-09-10,23.96666666666667,4.546666666666667,46.333333333333336,scattered clouds
Avignon,"Au cœur des Papes, dans bâtisse de charme studios & appartements en cœur de ville","5 Rue et Place Noël Antoine Biret, 84000 Avignon, France",8.0,734,https://www.booking.com/hotel/fr/au-coeur-des-papes.fr.html,"Proposant une terrasse et une connexion Wi-Fi gratuite, l’établissement Au cœur des Papes, dans bâtisse de charme studios & appartements en cœur de ville...",43.9461706,4.8101887,c0ea9024-87a5-43ad-b895-2b6444607794,43.9492493,4.8059012,2025-09-11,20.99375,4.48125,51.25,clear sky
Avignon,"Au cœur des Papes, dans bâtisse de charme studios & appartements en cœur de ville","5 Rue et Place Noël Antoine Biret, 84000 Avignon, France",8.0,734,https://www.booking.com/hotel/fr/au-coeur-des-papes.fr.html,"Proposant une terrasse et une connexion Wi-Fi gratuite, l’établissement Au cœur des Papes, dans bâtisse de charme studios & appartements en cœur de ville...",43.9461706,4.8101887,c0ea9024-87a5-43ad-b895-2b6444607794,43.9492493,4.8059012,2025-09-12,20.405,2.52625,54.375,clear sky
Avignon,"Au cœur des Papes, dans bâtisse de charme studios & appartements en cœur de ville","5 Rue et Place Noël Antoine Biret, 84000 Avignon, France",8.0,734,https://www.booking.com/hotel/fr/au-coeur-des-papes.fr.html,"Proposant une terrasse et une connexion Wi-Fi gratuite, l’établissement Au cœur des Papes, dans bâtisse de charme studios & appartements en cœur de ville...",43.9461706,4.8101887,c0ea9024-87a5-43ad-b895-2b6444607794,43.9492493,4.8059012,2025-09-13,18.215,2.01875,71.375,broken clouds
Avignon,"Au cœur des Papes, dans bâtisse de charme studios & appartements en cœur de ville","5 Rue et Place Noël Antoine Biret, 84000 Avignon, France",8.0,734,https://www.booking.com/hotel/fr/au-coeur-des-papes.fr.html,"Proposant une terrasse et une connexion Wi-Fi gratuite, l’établissement Au cœur des Papes, dans bâtisse de charme studios & appartements en cœur de ville...",43.9461706,4.8101887,c0ea9024-87a5-43ad-b895-2b6444607794,43.9492493,4.8059012,2025-09-14,19.83,5.13625,55.5,clear sky
Avignon,"Au cœur des Papes, dans bâtisse de charme studios & appartements en cœur de ville","5 Rue et Place Noël Antoine Biret, 84000 Avignon, France",8.0,734,https://www.booking.com/hotel/fr/au-coeur-des-papes.fr.html,"Proposant une terrasse et une connexion Wi-Fi gratuite, l’établissement Au cœur des Papes, dans bâtisse de charme studios & appartements en cœur de ville...",43.9461706,4.8101887,c0ea9024-87a5-43ad-b895-2b6444607794,43.9492493,4.8059012,2025-09-15,19.576,1.632,50.6,scattered clouds
Avignon,Hôtel Central,"31/33 Rue De La République, 84000 Avignon, France",7.9,2656,https://www.booking.com/hotel/fr/central-avignon.fr.html,"Situé au cœur de la vieille ville d'Avignon, l'Hôtel Central propose des chambres confortables avec une connexion Wi-Fi gratuite.",43.945525,4.8057608,c0ea9024-87a5-43ad-b895-2b6444607794,43.9492493,4.8059012,2025-09-10,23.96666666666667,4.546666666666667,46.333333333333336,scattered clouds
Avignon,Hôtel Central,"31/33 Rue De La République, 84000 Avignon, France",7.9,2656,https://www.booking.com/hotel/fr/central-avignon.fr.html,"Situé au cœur de la vieille ville d'Avignon, l'Hôtel Central propose des chambres confortables avec une connexion Wi-Fi gratuite.",43.945525,4.8057608,c0ea9024-87a5-43ad-b895-2b6444607794,43.9492493,4.8059012,2025-09-11,20.99375,4.48125,51.25,clear sky
Avignon,Hôtel Central,"31/33 Rue De La République, 84000 Avignon, France",7.9,2656,https://www.booking.com/hotel/fr/central-avignon.fr.html,"Situé au cœur de la vieille ville d'Avignon, l'Hôtel Central propose des chambres confortables avec une connexion Wi-Fi gratuite.",43.945525,4.8057608,c0ea9024-87a5-43ad-b895-2b6444607794,43.9492493,4.8059012,2025-09-12,20.405,2.52625,54.375,clear sky
Avignon,Hôtel Central,"31/33 Rue De La République, 84000 Avignon, France",7.9,2656,https://www.booking.com/hotel/fr/central-avignon.fr.html,"Situé au cœur de la vieille ville d'Avignon, l'Hôtel Central propose des chambres confortables avec une connexion Wi-Fi gratuite.",43.945525,4.8057608,c0ea9024-87a5-43ad-b895-2b6444607794,43.9492493,4.8059012,2025-09-13,18.215,2.01875,71.375,broken clouds
Avignon,Hôtel Central,"31/33 Rue De La République, 84000 Avignon, France",7.9,2656,https://www.booking.com/hotel/fr/central-avignon.fr.html,"Situé au cœur de la vieille ville d'Avignon, l'Hôtel Central propose des chambres confortables avec une connexion Wi-Fi gratuite.",43.945525,4.8057608,c0ea9024-87a5-43ad-b895-2b6444607794,43.9492493,4.8059012,2025-09-14,19.83,5.13625,55.5,clear sky
Avignon,Hôtel Central,"31/33 Rue De La République, 84000 Avignon, France",7.9,2656,https://www.booking.com/hotel/fr/central-avignon.fr.html,"Situé au cœur de la vieille ville d'Avignon, l'Hôtel Central propose des chambres confortables avec une connexion Wi-Fi gratuite.",43.945525,4.8057608,c0ea9024-87a5-43ad-b895-2b6444607794,43.9492493,4.8059012,2025-09-15,19.576,1.632,50.6,scattered clouds
Avignon,ApartHotel Sainte-Marthe,"6 Route de Lyon , 84000 Avignon, France",8.0,6008,https://www.booking.com/hotel/fr/ra-c-sidence-sainte-marthe.fr.html,Enjoy a comfortable stay at Apart’Hotel Sainte-Marthe and feel right at home.,43.9498951,4.8198639,c0ea9024-87a5-43ad-b895-2b6444607794,43.9492493,4.8059012,2025-09-10,23.96666666666667,4.546666666666667,46.333333333333336,scattered clouds
Avignon,ApartHotel Sainte-Marthe,"6 Route de Lyon , 84000 Avignon, France",8.0,6008,https://www.booking.com/hotel/fr/ra-c-sidence-sainte-marthe.fr.html,Enjoy a comfortable stay at Apart’Hotel Sainte-Marthe and feel right at home.,43.9498951,4.8198639,c0ea9024-87a5-43ad-b895-2b6444607794,43.9492493,4.8059012,2025-09-11,20.99375,4.48125,51.25,clear sky
Avignon,ApartHotel Sainte-Marthe,"6 Route de Lyon , 84000 Avignon, France",8.0,6008,https://www.booking.com/hotel/fr/ra-c-sidence-sainte-marthe.fr.html,Enjoy a comfortable stay at Apart’Hotel Sainte-Marthe and feel right at home.,43.9498951,4.8198639,c0ea9024-87a5-43ad-b895-2b6444607794,43.9492493,4.8059012,2025-09-12,20.405,2.52625,54.375,clear sky
Avignon,ApartHotel Sainte-Marthe,"6 Route de Lyon , 84000 Avignon, France",8.0,6008,https://www.booking.com/hotel/fr/ra-c-sidence-sainte-marthe.fr.html,Enjoy a comfortable stay at Apart’Hotel Sainte-Marthe and feel right at home.,43.9498951,4.8198639,c0ea9024-87a5-43ad-b895-2b6444607794,43.9492493,4.8059012,2025-09-13,18.215,2.01875,71.375,broken clouds
Avignon,ApartHotel Sainte-Marthe,"6 Route de Lyon , 84000 Avignon, France",8.0,6008,https://www.booking.com/hotel/fr/ra-c-sidence-sainte-marthe.fr.html,Enjoy a comfortable stay at Apart’Hotel Sainte-Marthe and feel right at home.,43.9498951,4.8198639,c0ea9024-87a5-43ad-b895-2b6444607794,43.9492493,4.8059012,2025-09-14,19.83,5.13625,55.5,clear sky
Avignon,ApartHotel Sainte-Marthe,"6 Route de Lyon , 84000 Avignon, France",8.0,6008,https://www.booking.com/hotel/fr/ra-c-sidence-sainte-marthe.fr.html,Enjoy a comfortable stay at Apart’Hotel Sainte-Marthe and feel right at home.,43.9498951,4.8198639,c0ea9024-87a5-43ad-b895-2b6444607794,43.9492493,4.8059012,2025-09-15,19.576,1.632,50.6,scattered clouds
Avignon,Lavande Dorée,"13B Rue Bon Martinet, 84000 Avignon, France",9.4,33,https://www.booking.com/hotel/fr/lavande-doree.fr.html,"L’hébergement Lavande Dorée affiche 3 étoiles et est idéalement situé dans le centre de Avignon, à seulement 700 mètres de ce lieu d’intérêt : Gare...",43.9443406,4.8127291,c0ea9024-87a5-43ad-b895-2b6444607794,43.9492493,4.8059012,2025-09-10,23.96666666666667,4.546666666666667,46.333333333333336,scattered clouds
Avignon,Lavande Dorée,"13B Rue Bon Martinet, 84000 Avignon, France",9.4,33,https://www.booking.com/hotel/fr/lavande-doree.fr.html,"L’hébergement Lavande Dorée affiche 3 étoiles et est idéalement situé dans le centre de Avignon, à seulement 700 mètres de ce lieu d’intérêt : Gare...",43.9443406,4.8127291,c0ea9024-87a5-43ad-b895-2b6444607794,43.9492493,4.8059012,2025-09-11,20.99375,4.48125,51.25,clear sky
Avignon,Lavande Dorée,"13B Rue Bon Martinet, 84000 Avignon, France",9.4,33,https://www.booking.com/hotel/fr/lavande-doree.fr.html,"L’hébergement Lavande Dorée affiche 3 étoiles et est idéalement situé dans le centre de Avignon, à seulement 700 mètres de ce lieu d’intérêt : Gare...",43.9443406,4.8127291,c0ea9024-87a5-43ad-b895-2b6444607794,43.9492493,4.8059012,2025-09-12,20.405,2.52625,54.375,clear sky
Avignon,Lavande Dorée,"13B Rue Bon Martinet, 84000 Avignon, France",9.4,33,https://www.booking.com/hotel/fr/lavande-doree.fr.html,"L’hébergement Lavande Dorée affiche 3 étoiles et est idéalement situé dans le centre de Avignon, à seulement 700 mètres de ce lieu d’intérêt : Gare...",43.9443406,4.8127291,c0ea9024-87a5-43ad-b895-2b6444607794,43.9492493,4.8059012,2025-09-13,18.215,2.01875,71.375,broken clouds
Avignon,Lavande Dorée,"13B Rue Bon Martinet, 84000 Avignon, France",9.4,33,https://www.booking.com/hotel/fr/lavande-doree.fr.html,"L’hébergement Lavande Dorée affiche 3 étoiles et est idéalement situé dans le centre de Avignon, à seulement 700 mètres de ce lieu d’intérêt : Gare...",43.9443406,4.8127291,c0ea9024-87a5-43ad-b895-2b6444607794,43.9492493,4.8059012,2025-09-14,19.83,5.13625,55.5,clear sky
Avignon,Lavande Dorée,"13B Rue Bon Martinet, 84000 Avignon, France",9.4,33,https://www.booking.com/hotel/fr/lavande-doree.fr.html,"L’hébergement Lavande Dorée affiche 3 étoiles et est idéalement situé dans le centre de Avignon, à seulement 700 mètres de ce lieu d’intérêt : Gare...",43.9443406,4.8127291,c0ea9024-87a5-43ad-b895-2b6444607794,43.9492493,4.8059012,2025-09-15,19.576,1.632,50.6,scattered clouds
Avignon,ibis Avignon Centre Gare,"42 boulevard Saint Roch, 84000 Avignon, France",7.7,1126,https://www.booking.com/hotel/fr/ibis-avignon-centre-gare.fr.html,"L'ibis Avignon Centre Gare est situé au cœur d'Avignon, à seulement 50 mètres de la gare.",43.9422907,4.8072743,c0ea9024-87a5-43ad-b895-2b6444607794,43.9492493,4.8059012,2025-09-10,23.96666666666667,4.546666666666667,46.333333333333336,scattered clouds
Avignon,ibis Avignon Centre Gare,"42 boulevard Saint Roch, 84000 Avignon, France",7.7,1126,https://www.booking.com/hotel/fr/ibis-avignon-centre-gare.fr.html,"L'ibis Avignon Centre Gare est situé au cœur d'Avignon, à seulement 50 mètres de la gare.",43.9422907,4.8072743,c0ea9024-87a5-43ad-b895-2b6444607794,43.9492493,4.8059012,2025-09-11,20.99375,4.48125,51.25,clear sky
Avignon,ibis Avignon Centre Gare,"42 boulevard Saint Roch, 84000 Avignon, France",7.7,1126,https://www.booking.com/hotel/fr/ibis-avignon-centre-gare.fr.html,"L'ibis Avignon Centre Gare est situé au cœur d'Avignon, à seulement 50 mètres de la gare.",43.9422907,4.8072743,c0ea9024-87a5-43ad-b895-2b6444607794,43.9492493,4.8059012,2025-09-12,20.405,2.52625,54.375,clear sky
Avignon,ibis Avignon Centre Gare,"42 boulevard Saint Roch, 84000 Avignon, France",7.7,1126,https://www.booking.com/hotel/fr/ibis-avignon-centre-gare.fr.html,"L'ibis Avignon Centre Gare est situé au cœur d'Avignon, à seulement 50 mètres de la gare.",43.9422907,4.8072743,c0ea9024-87a5-43ad-b895-2b6444607794,43.9492493,4.8059012,2025-09-13,18.215,2.01875,71.375,broken clouds
Avignon,ibis Avignon Centre Gare,"42 boulevard Saint Roch, 84000 Avignon, France",7.7,1126,https://www.booking.com/hotel/fr/ibis-avignon-centre-gare.fr.html,"L'ibis Avignon Centre Gare est situé au cœur d'Avignon, à seulement 50 mètres de la gare.",43.9422907,4.8072743,c0ea9024-87a5-43ad-b895-2b6444607794,43.9492493,4.8059012,2025-09-14,19.83,5.13625,55.5,clear sky
Avignon,ibis Avignon Centre Gare,"42 boulevard Saint Roch, 84000 Avignon, France",7.7,1126,https://www.booking.com/hotel/fr/ibis-avignon-centre-gare.fr.html,"L'ibis Avignon Centre Gare est situé au cœur d'Avignon, à seulement 50 mètres de la gare.",43.9422907,4.8072743,c0ea9024-87a5-43ad-b895-2b6444607794,43.9492493,4.8059012,2025-09-15,19.576,1.632,50.6,scattered clouds
Avignon,Hotel De Cambis Best Western Premier Collection,"89 Rue Joseph Vernet, 84000 Avignon, France",8.7,757,https://www.booking.com/hotel/fr/de-cambis-bw-premier-collection.fr.html,L’établissement Hotel De Cambis Best Western Premier Collection bénéficie d’un emplacement idéal à Avignon.,43.947113,4.80333,c0ea9024-87a5-43ad-b895-2b6444607794,43.9492493,4.8059012,2025-09-10,23.96666666666667,4.546666666666667,46.333333333333336,scattered clouds
Avignon,Hotel De Cambis Best Western Premier Collection,"89 Rue Joseph Vernet, 84000 Avignon, France",8.7,757,https://www.booking.com/hotel/fr/de-cambis-bw-premier-collection.fr.html,L’établissement Hotel De Cambis Best Western Premier Collection bénéficie d’un emplacement idéal à Avignon.,43.947113,4.80333,c0ea9024-87a5-43ad-b895-2b6444607794,43.9492493,4.8059012,2025-09-11,20.99375,4.48125,51.25,clear sky
Avignon,Hotel De Cambis Best Western Premier Collection,"89 Rue Joseph Vernet, 84000 Avignon, France",8.7,757,https://www.booking.com/hotel/fr/de-cambis-bw-premier-collection.fr.html,L’établissement Hotel De Cambis Best Western Premier Collection bénéficie d’un emplacement idéal à Avignon.,43.947113,4.80333,c0ea9024-87a5-43ad-b895-2b6444607794,43.9492493,4.8059012,2025-09-12,20.405,2.52625,54.375,clear sky
Avignon,Hotel De Cambis Best Western Premier Collection,"89 Rue Joseph Vernet, 84000 Avignon, France",8.7,757,https://www.booking.com/hotel/fr/de-cambis-bw-premier-collection.fr.html,L’établissement Hotel De Cambis Best Western Premier Collection bénéficie d’un emplacement idéal à Avignon.,43.947113,4.80333,c0ea9024-87a5-43ad-b895-2b6444607794,43.9492493,4.8059012,2025-09-13,18.215,2.01875,71.375,broken clouds
Avignon,Hotel De Cambis Best Western Premier Collection,"89 Rue Joseph Vernet, 84000 Avignon, France",8.7,757,https://www.booking.com/hotel/fr/de-cambis-bw-premier-collection.fr.html,L’établissement Hotel De Cambis Best Western Premier Collection bénéficie d’un emplacement idéal à Avignon.,43.947113,4.80333,c0ea9024-87a5-43ad-b895-2b6444607794,43.9492493,4.8059012,2025-09-14,19.83,5.13625,55.5,clear sky
Avignon,Hotel De Cambis Best Western Premier Collection,"89 Rue Joseph Vernet, 84000 Avignon, France",8.7,757,https://www.booking.com/hotel/fr/de-cambis-bw-premier-collection.fr.html,L’établissement Hotel De Cambis Best Western Premier Collection bénéficie d’un emplacement idéal à Avignon.,43.947113,4.80333,c0ea9024-87a5-43ad-b895-2b6444607794,43.9492493,4.8059012,2025-09-15,19.576,1.632,50.6,scattered clouds
Avignon,ibis Styles Avignon Sud,"2968 avenue de l'Amandier, 84000 Avignon, France",8.3,2656,https://www.booking.com/hotel/fr/avignon.fr.html,"L'ibis Styles Avignon Sud se situe à 4 km des remparts de la ville d'Avignon, au cœur de la Provence et du massif du Luberon.",43.9261655,4.8444209,c0ea9024-87a5-43ad-b895-2b6444607794,43.9492493,4.8059012,2025-09-10,23.96666666666667,4.546666666666667,46.333333333333336,scattered clouds
Avignon,ibis Styles Avignon Sud,"2968 avenue de l'Amandier, 84000 Avignon, France",8.3,2656,https://www.booking.com/hotel/fr/avignon.fr.html,"L'ibis Styles Avignon Sud se situe à 4 km des remparts de la ville d'Avignon, au cœur de la Provence et du massif du Luberon.",43.9261655,4.8444209,c0ea9024-87a5-43ad-b895-2b6444607794,43.9492493,4.8059012,2025-09-11,20.99375,4.48125,51.25,clear sky
Avignon,ibis Styles Avignon Sud,"2968 avenue de l'Amandier, 84000 Avignon, France",8.3,2656,https://www.booking.com/hotel/fr/avignon.fr.html,"L'ibis Styles Avignon Sud se situe à 4 km des remparts de la ville d'Avignon, au cœur de la Provence et du massif du Luberon.",43.9261655,4.8444209,c0ea9024-87a5-43ad-b895-2b6444607794,43.9492493,4.8059012,2025-09-12,20.405,2.52625,54.375,clear sky
Avignon,ibis Styles Avignon Sud,"2968 avenue de l'Amandier, 84000 Avignon, France",8.3,2656,https://www.booking.com/hotel/fr/avignon.fr.html,"L'ibis Styles Avignon Sud se situe à 4 km des remparts de la ville d'Avignon, au cœur de la Provence et du massif du Luberon.",43.9261655,4.8444209,c0ea9024-87a5-43ad-b895-2b6444607794,43.9492493,4.8059012,2025-09-13,18.215,2.01875,71.375,broken clouds
Avignon,ibis Styles Avignon Sud,"2968 avenue de l'Amandier, 84000 Avignon, France",8.3,2656,https://www.booking.com/hotel/fr/avignon.fr.html,"L'ibis Styles Avignon Sud se situe à 4 km des remparts de la ville d'Avignon, au cœur de la Provence et du massif du Luberon.",43.9261655,4.8444209,c0ea9024-87a5-43ad-b895-2b6444607794,43.9492493,4.8059012,2025-09-14,19.83,5.13625,55.5,clear sky
Avignon,ibis Styles Avignon Sud,"2968 avenue de l'Amandier, 84000 Avignon, France",8.3,2656,https://www.booking.com/hotel/fr/avignon.fr.html,"L'ibis Styles Avignon Sud se situe à 4 km des remparts de la ville d'Avignon, au cœur de la Provence et du massif du Luberon.",43.9261655,4.8444209,c0ea9024-87a5-43ad-b895-2b6444607794,43.9492493,4.8059012,2025-09-15,19.576,1.632,50.6,scattered clouds
Avignon,Hôtel Le Médiéval Palais des Papes,"15 rue Petite Saunerie, 84000 Avignon, France",8.0,1440,https://www.booking.com/hotel/fr/le-medieval-avignon.fr.html,L'Hôtel Le Médiéval Palais des Papes occupe l'ancien palais d'un cardinal dans le centre historique d'Avignon.,43.9493061,4.8093456,c0ea9024-87a5-43ad-b895-2b6444607794,43.9492493,4.8059012,2025-09-10,23.96666666666667,4.546666666666667,46.333333333333336,scattered clouds
Avignon,Hôtel Le Médiéval Palais des Papes,"15 rue Petite Saunerie, 84000 Avignon, France",8.0,1440,https://www.booking.com/hotel/fr/le-medieval-avignon.fr.html,L'Hôtel Le Médiéval Palais des Papes occupe l'ancien palais d'un cardinal dans le centre historique d'Avignon.,43.9493061,4.8093456,c0ea9024-87a5-43ad-b895-2b6444607794,43.9492493,4.8059012,2025-09-11,20.99375,4.48125,51.25,clear sky
Avignon,Hôtel Le Médiéval Palais des Papes,"15 rue Petite Saunerie, 84000 Avignon, France",8.0,1440,https://www.booking.com/hotel/fr/le-medieval-avignon.fr.html,L'Hôtel Le Médiéval Palais des Papes occupe l'ancien palais d'un cardinal dans le centre historique d'Avignon.,43.9493061,4.8093456,c0ea9024-87a5-43ad-b895-2b6444607794,43.9492493,4.8059012,2025-09-12,20.405,2.52625,54.375,clear sky
Avignon,Hôtel Le Médiéval Palais des Papes,"15 rue Petite Saunerie, 84000 Avignon, France",8.0,1440,https://www.booking.com/hotel/fr/le-medieval-avignon.fr.html,L'Hôtel Le Médiéval Palais des Papes occupe l'ancien palais d'un cardinal dans le centre historique d'Avignon.,43.9493061,4.8093456,c0ea9024-87a5-43ad-b895-2b6444607794,43.9492493,4.8059012,2025-09-13,18.215,2.01875,71.375,broken clouds
Avignon,Hôtel Le Médiéval Palais des Papes,"15 rue Petite Saunerie, 84000 Avignon, France",8.0,1440,https://www.booking.com/hotel/fr/le-medieval-avignon.fr.html,L'Hôtel Le Médiéval Palais des Papes occupe l'ancien palais d'un cardinal dans le centre historique d'Avignon.,43.9493061,4.8093456,c0ea9024-87a5-43ad-b895-2b6444607794,43.9492493,4.8059012,2025-09-14,19.83,5.13625,55.5,clear sky
Avignon,Hôtel Le Médiéval Palais des Papes,"15 rue Petite Saunerie, 84000 Avignon, France",8.0,1440,https://www.booking.com/hotel/fr/le-medieval-avignon.fr.html,L'Hôtel Le Médiéval Palais des Papes occupe l'ancien palais d'un cardinal dans le centre historique d'Avignon.,43.9493061,4.8093456,c0ea9024-87a5-43ad-b895-2b6444607794,43.9492493,4.8059012,2025-09-15,19.576,1.632,50.6,scattered clouds
Avignon,Le 47,"3e étage 47 Rue Carreterie, 84000 Avignon, France",9.7,69,https://www.booking.com/hotel/fr/le-47-avignon.fr.html,"L’hébergement Le 47 se situe à Avignon, à seulement 1,5 km de ce lieu d’intérêt : Gare d'Avignon-Centre.",43.9505876,4.8139651,c0ea9024-87a5-43ad-b895-2b6444607794,43.9492493,4.8059012,2025-09-10,23.96666666666667,4.546666666666667,46.333333333333336,scattered clouds
Avignon,Le 47,"3e étage 47 Rue Carreterie, 84000 Avignon, France",9.7,69,https://www.booking.com/hotel/fr/le-47-avignon.fr.html,"L’hébergement Le 47 se situe à Avignon, à seulement 1,5 km de ce lieu d’intérêt : Gare d'Avignon-Centre.",43.9505876,4.8139651,c0ea9024-87a5-43ad-b895-2b6444607794,43.9492493,4.8059012,2025-09-11,20.99375,4.48125,51.25,clear sky
Avignon,Le 47,"3e étage 47 Rue Carreterie, 84000 Avignon, France",9.7,69,https://www.booking.com/hotel/fr/le-47-avignon.fr.html,"L’hébergement Le 47 se situe à Avignon, à seulement 1,5 km de ce lieu d’intérêt : Gare d'Avignon-Centre.",43.9505876,4.8139651,c0ea9024-87a5-43ad-b895-2b6444607794,43.9492493,4.8059012,2025-09-12,20.405,2.52625,54.375,clear sky
Avignon,Le 47,"3e étage 47 Rue Carreterie, 84000 Avignon, France",9.7,69,https://www.booking.com/hotel/fr/le-47-avignon.fr.html,"L’hébergement Le 47 se situe à Avignon, à seulement 1,5 km de ce lieu d’intérêt : Gare d'Avignon-Centre.",43.9505876,4.8139651,c0ea9024-87a5-43ad-b895-2b6444607794,43.9492493,4.8059012,2025-09-13,18.215,2.01875,71.375,broken clouds
Avignon,Le 47,"3e étage 47 Rue Carreterie, 84000 Avignon, France",9.7,69,https://www.booking.com/hotel/fr/le-47-avignon.fr.html,"L’hébergement Le 47 se situe à Avignon, à seulement 1,5 km de ce lieu d’intérêt : Gare d'Avignon-Centre.",43.9505876,4.8139651,c0ea9024-87a5-43ad-b895-2b6444607794,43.9492493,4.8059012,2025-09-14,19.83,5.13625,55.5,clear sky
Avignon,Le 47,"3e étage 47 Rue Carreterie, 84000 Avignon, France",9.7,69,https://www.booking.com/hotel/fr/le-47-avignon.fr.html,"L’hébergement Le 47 se situe à Avignon, à seulement 1,5 km de ce lieu d’intérêt : Gare d'Avignon-Centre.",43.9505876,4.8139651,c0ea9024-87a5-43ad-b895-2b6444607794,43.9492493,4.8059012,2025-09-15,19.576,1.632,50.6,scattered clouds
Avignon,Mercure Pont d’Avignon Centre,"Rue Ferruce, 84000 Avignon, France",7.8,986,https://www.booking.com/hotel/fr/pont-d-avignon.fr.html,"Featuring free WiFi throughout the property, Mercure Pont d’Avignon Centre is located in the historic centre of Avignon, just 100 metres from the Pont...",43.9528408,4.8059338,c0ea9024-87a5-43ad-b895-2b6444607794,43.9492493,4.8059012,2025-09-10,23.96666666666667,4.546666666666667,46.333333333333336,scattered clouds
Avignon,Mercure Pont d’Avignon Centre,"Rue Ferruce, 84000 Avignon, France",7.8,986,https://www.booking.com/hotel/fr/pont-d-avignon.fr.html,"Featuring free WiFi throughout the property, Mercure Pont d’Avignon Centre is located in the historic centre of Avignon, just 100 metres from the Pont...",43.9528408,4.8059338,c0ea9024-87a5-43ad-b895-2b6444607794,43.9492493,4.8059012,2025-09-11,20.99375,4.48125,51.25,clear sky
Avignon,Mercure Pont d’Avignon Centre,"Rue Ferruce, 84000 Avignon, France",7.8,986,https://www.booking.com/hotel/fr/pont-d-avignon.fr.html,"Featuring free WiFi throughout the property, Mercure Pont d’Avignon Centre is located in the historic centre of Avignon, just 100 metres from the Pont...",43.9528408,4.8059338,c0ea9024-87a5-43ad-b895-2b6444607794,43.9492493,4.8059012,2025-09-12,20.405,2.52625,54.375,clear sky
Avignon,Mercure Pont d’Avignon Centre,"Rue Ferruce, 84000 Avignon, France",7.8,986,https://www.booking.com/hotel/fr/pont-d-avignon.fr.html,"Featuring free WiFi throughout the property, Mercure Pont d’Avignon Centre is located in the historic centre of Avignon, just 100 metres from the Pont...",43.9528408,4.8059338,c0ea9024-87a5-43ad-b895-2b6444607794,43.9492493,4.8059012,2025-09-13,18.215,2.01875,71.375,broken clouds
Avignon,Mercure Pont d’Avignon Centre,"Rue Ferruce, 84000 Avignon, France",7.8,986,https://www.booking.com/hotel/fr/pont-d-avignon.fr.html,"Featuring free WiFi throughout the property, Mercure Pont d’Avignon Centre is located in the historic centre of Avignon, just 100 metres from the Pont...",43.9528408,4.8059338,c0ea9024-87a5-43ad-b895-2b6444607794,43.9492493,4.8059012,2025-09-14,19.83,5.13625,55.5,clear sky
Avignon,Mercure Pont d’Avignon Centre,"Rue Ferruce, 84000 Avignon, France",7.8,986,https://www.booking.com/hotel/fr/pont-d-avignon.fr.html,"Featuring free WiFi throughout the property, Mercure Pont d’Avignon Centre is located in the historic centre of Avignon, just 100 metres from the Pont...",43.9528408,4.8059338,c0ea9024-87a5-43ad-b895-2b6444607794,43.9492493,4.8059012,2025-09-15,19.576,1.632,50.6,scattered clouds
Avignon,La Chapelle du Miracle,"13 rue velouterie, 84000 Avignon, France",9.0,499,https://www.booking.com/hotel/fr/chapelle-du-miracle.fr.html,"Situé à Avignon, l'établissement La Chapelle du Miracle est une chapelle du XIVe siècle, rénovée en 2006 et classée monument historique.",43.944483,4.7994959,c0ea9024-87a5-43ad-b895-2b6444607794,43.9492493,4.8059012,2025-09-10,23.96666666666667,4.546666666666667,46.333333333333336,scattered clouds
Avignon,La Chapelle du Miracle,"13 rue velouterie, 84000 Avignon, France",9.0,499,https://www.booking.com/hotel/fr/chapelle-du-miracle.fr.html,"Situé à Avignon, l'établissement La Chapelle du Miracle est une chapelle du XIVe siècle, rénovée en 2006 et classée monument historique.",43.944483,4.7994959,c0ea9024-87a5-43ad-b895-2b6444607794,43.9492493,4.8059012,2025-09-11,20.99375,4.48125,51.25,clear sky
Avignon,La Chapelle du Miracle,"13 rue velouterie, 84000 Avignon, France",9.0,499,https://www.booking.com/hotel/fr/chapelle-du-miracle.fr.html,"Situé à Avignon, l'établissement La Chapelle du Miracle est une chapelle du XIVe siècle, rénovée en 2006 et classée monument historique.",43.944483,4.7994959,c0ea9024-87a5-43ad-b895-2b6444607794,43.9492493,4.8059012,2025-09-12,20.405,2.52625,54.375,clear sky
Avignon,La Chapelle du Miracle,"13 rue velouterie, 84000 Avignon, France",9.0,499,https://www.booking.com/hotel/fr/chapelle-du-miracle.fr.html,"Situé à Avignon, l'établissement La Chapelle du Miracle est une chapelle du XIVe siècle, rénovée en 2006 et classée monument historique.",43.944483,4.7994959,c0ea9024-87a5-43ad-b895-2b6444607794,43.9492493,4.8059012,2025-09-13,18.215,2.01875,71.375,broken clouds
Avignon,La Chapelle du Miracle,"13 rue velouterie, 84000 Avignon, France",9.0,499,https://www.booking.com/hotel/fr/chapelle-du-miracle.fr.html,"Situé à Avignon, l'établissement La Chapelle du Miracle est une chapelle du XIVe siècle, rénovée en 2006 et classée monument historique.",43.944483,4.7994959,c0ea9024-87a5-43ad-b895-2b6444607794,43.9492493,4.8059012,2025-09-14,19.83,5.13625,55.5,clear sky
Avignon,La Chapelle du Miracle,"13 rue velouterie, 84000 Avignon, France",9.0,499,https://www.booking.com/hotel/fr/chapelle-du-miracle.fr.html,"Situé à Avignon, l'établissement La Chapelle du Miracle est une chapelle du XIVe siècle, rénovée en 2006 et classée monument historique.",43.944483,4.7994959,c0ea9024-87a5-43ad-b895-2b6444607794,43.9492493,4.8059012,2025-09-15,19.576,1.632,50.6,scattered clouds
Avignon,Avignon Grand Hotel,"34, bd Saint-Roch, 84000 Avignon, France",8.2,3016,https://www.booking.com/hotel/fr/avignongrandhotel.fr.html,"Doté d'une petite piscine sur le toit, l'Avignon Grand Hotel bénéficie d'un emplacement idéal à proximité directe des remparts médiévaux d'Avignon, à...",43.9425451,4.8043621,c0ea9024-87a5-43ad-b895-2b6444607794,43.9492493,4.8059012,2025-09-10,23.96666666666667,4.546666666666667,46.333333333333336,scattered clouds
Avignon,Avignon Grand Hotel,"34, bd Saint-Roch, 84000 Avignon, France",8.2,3016,https://www.booking.com/hotel/fr/avignongrandhotel.fr.html,"Doté d'une petite piscine sur le toit, l'Avignon Grand Hotel bénéficie d'un emplacement idéal à proximité directe des remparts médiévaux d'Avignon, à...",43.9425451,4.8043621,c0ea9024-87a5-43ad-b895-2b6444607794,43.9492493,4.8059012,2025-09-11,20.99375,4.48125,51.25,clear sky
Avignon,Avignon Grand Hotel,"34, bd Saint-Roch, 84000 Avignon, France",8.2,3016,https://www.booking.com/hotel/fr/avignongrandhotel.fr.html,"Doté d'une petite piscine sur le toit, l'Avignon Grand Hotel bénéficie d'un emplacement idéal à proximité directe des remparts médiévaux d'Avignon, à...",43.9425451,4.8043621,c0ea9024-87a5-43ad-b895-2b6444607794,43.9492493,4.8059012,2025-09-12,20.405,2.52625,54.375,clear sky
Avignon,Avignon Grand Hotel,"34, bd Saint-Roch, 84000 Avignon, France",8.2,3016,https://www.booking.com/hotel/fr/avignongrandhotel.fr.html,"Doté d'une petite piscine sur le toit, l'Avignon Grand Hotel bénéficie d'un emplacement idéal à proximité directe des remparts médiévaux d'Avignon, à...",43.9425451,4.8043621,c0ea9024-87a5-43ad-b895-2b6444607794,43.9492493,4.8059012,2025-09-13,18.215,2.01875,71.375,broken clouds
Avignon,Avignon Grand Hotel,"34, bd Saint-Roch, 84000 Avignon, France",8.2,3016,https://www.booking.com/hotel/fr/avignongrandhotel.fr.html,"Doté d'une petite piscine sur le toit, l'Avignon Grand Hotel bénéficie d'un emplacement idéal à proximité directe des remparts médiévaux d'Avignon, à...",43.9425451,4.8043621,c0ea9024-87a5-43ad-b895-2b6444607794,43.9492493,4.8059012,2025-09-14,19.83,5.13625,55.5,clear sky
Avignon,Avignon Grand Hotel,"34, bd Saint-Roch, 84000 Avignon, France",8.2,3016,https://www.booking.com/hotel/fr/avignongrandhotel.fr.html,"Doté d'une petite piscine sur le toit, l'Avignon Grand Hotel bénéficie d'un emplacement idéal à proximité directe des remparts médiévaux d'Avignon, à...",43.9425451,4.8043621,c0ea9024-87a5-43ad-b895-2b6444607794,43.9492493,4.8059012,2025-09-15,19.576,1.632,50.6,scattered clouds
Avignon,Hotel Le Magnan,"63 Rue du Portail Magnanen, 84000 Avignon, France",8.4,2492,https://www.booking.com/hotel/fr/hotellemagnan.fr.html,"Situé dans un cadre verdoyant au sein des anciens remparts de la ville, Le Magnan propose une connexion Wi-Fi gratuite.",43.9436295,4.8121713,c0ea9024-87a5-43ad-b895-2b6444607794,43.9492493,4.8059012,2025-09-10,23.96666666666667,4.546666666666667,46.333333333333336,scattered clouds
Avignon,Hotel Le Magnan,"63 Rue du Portail Magnanen, 84000 Avignon, France",8.4,2492,https://www.booking.com/hotel/fr/hotellemagnan.fr.html,"Situé dans un cadre verdoyant au sein des anciens remparts de la ville, Le Magnan propose une connexion Wi-Fi gratuite.",43.9436295,4.8121713,c0ea9024-87a5-43ad-b895-2b6444607794,43.9492493,4.8059012,2025-09-11,20.99375,4.48125,51.25,clear sky
Avignon,Hotel Le Magnan,"63 Rue du Portail Magnanen, 84000 Avignon, France",8.4,2492,https://www.booking.com/hotel/fr/hotellemagnan.fr.html,"Situé dans un cadre verdoyant au sein des anciens remparts de la ville, Le Magnan propose une connexion Wi-Fi gratuite.",43.9436295,4.8121713,c0ea9024-87a5-43ad-b895-2b6444607794,43.9492493,4.8059012,2025-09-12,20.405,2.52625,54.375,clear sky
Avignon,Hotel Le Magnan,"63 Rue du Portail Magnanen, 84000 Avignon, France",8.4,2492,https://www.booking.com/hotel/fr/hotellemagnan.fr.html,"Situé dans un cadre verdoyant au sein des anciens remparts de la ville, Le Magnan propose une connexion Wi-Fi gratuite.",43.9436295,4.8121713,c0ea9024-87a5-43ad-b895-2b6444607794,43.9492493,4.8059012,2025-09-13,18.215,2.01875,71.375,broken clouds
Avignon,Hotel Le Magnan,"63 Rue du Portail Magnanen, 84000 Avignon, France",8.4,2492,https://www.booking.com/hotel/fr/hotellemagnan.fr.html,"Situé dans un cadre verdoyant au sein des anciens remparts de la ville, Le Magnan propose une connexion Wi-Fi gratuite.",43.9436295,4.8121713,c0ea9024-87a5-43ad-b895-2b6444607794,43.9492493,4.8059012,2025-09-14,19.83,5.13625,55.5,clear sky
Avignon,Hotel Le Magnan,"63 Rue du Portail Magnanen, 84000 Avignon, France",8.4,2492,https://www.booking.com/hotel/fr/hotellemagnan.fr.html,"Situé dans un cadre verdoyant au sein des anciens remparts de la ville, Le Magnan propose une connexion Wi-Fi gratuite.",43.9436295,4.8121713,c0ea9024-87a5-43ad-b895-2b6444607794,43.9492493,4.8059012,2025-09-15,19.576,1.632,50.6,scattered clouds
Avignon,Mercure Avignon Centre Palais des Papes,"1 Rue Jean Vilar Accès voiture: parking du Palais des Papes (GPS: Boulevard de la ligne), 84000 Avignon, France",7.8,650,https://www.booking.com/hotel/fr/mercure-cite-des-papes.fr.html,"Situé au cœur d'Avignon, sur la place centrale de l'Horloge, à 50 mètres du Palais des Papes et à 500 mètres du Pont d'Avignon, le Mercure Avignon Centre...",43.9499014,4.806477,c0ea9024-87a5-43ad-b895-2b6444607794,43.9492493,4.8059012,2025-09-10,23.96666666666667,4.546666666666667,46.333333333333336,scattered clouds
Avignon,Mercure Avignon Centre Palais des Papes,"1 Rue Jean Vilar Accès voiture: parking du Palais des Papes (GPS: Boulevard de la ligne), 84000 Avignon, France",7.8,650,https://www.booking.com/hotel/fr/mercure-cite-des-papes.fr.html,"Situé au cœur d'Avignon, sur la place centrale de l'Horloge, à 50 mètres du Palais des Papes et à 500 mètres du Pont d'Avignon, le Mercure Avignon Centre...",43.9499014,4.806477,c0ea9024-87a5-43ad-b895-2b6444607794,43.9492493,4.8059012,2025-09-11,20.99375,4.48125,51.25,clear sky
Avignon,Mercure Avignon Centre Palais des Papes,"1 Rue Jean Vilar Accès voiture: parking du Palais des Papes (GPS: Boulevard de la ligne), 84000 Avignon, France",7.8,650,https://www.booking.com/hotel/fr/mercure-cite-des-papes.fr.html,"Situé au cœur d'Avignon, sur la place centrale de l'Horloge, à 50 mètres du Palais des Papes et à 500 mètres du Pont d'Avignon, le Mercure Avignon Centre...",43.9499014,4.806477,c0ea9024-87a5-43ad-b895-2b6444607794,43.9492493,4.8059012,2025-09-12,20.405,2.52625,54.375,clear sky
Avignon,Mercure Avignon Centre Palais des Papes,"1 Rue Jean Vilar Accès voiture: parking du Palais des Papes (GPS: Boulevard de la ligne), 84000 Avignon, France",7.8,650,https://www.booking.com/hotel/fr/mercure-cite-des-papes.fr.html,"Situé au cœur d'Avignon, sur la place centrale de l'Horloge, à 50 mètres du Palais des Papes et à 500 mètres du Pont d'Avignon, le Mercure Avignon Centre...",43.9499014,4.806477,c0ea9024-87a5-43ad-b895-2b6444607794,43.9492493,4.8059012,2025-09-13,18.215,2.01875,71.375,broken clouds
Avignon,Mercure Avignon Centre Palais des Papes,"1 Rue Jean Vilar Accès voiture: parking du Palais des Papes (GPS: Boulevard de la ligne), 84000 Avignon, France",7.8,650,https://www.booking.com/hotel/fr/mercure-cite-des-papes.fr.html,"Situé au cœur d'Avignon, sur la place centrale de l'Horloge, à 50 mètres du Palais des Papes et à 500 mètres du Pont d'Avignon, le Mercure Avignon Centre...",43.9499014,4.806477,c0ea9024-87a5-43ad-b895-2b6444607794,43.9492493,4.8059012,2025-09-14,19.83,5.13625,55.5,clear sky
Avignon,Mercure Avignon Centre Palais des Papes,"1 Rue Jean Vilar Accès voiture: parking du Palais des Papes (GPS: Boulevard de la ligne), 84000 Avignon, France",7.8,650,https://www.booking.com/hotel/fr/mercure-cite-des-papes.fr.html,"Situé au cœur d'Avignon, sur la place centrale de l'Horloge, à 50 mètres du Palais des Papes et à 500 mètres du Pont d'Avignon, le Mercure Avignon Centre...",43.9499014,4.806477,c0ea9024-87a5-43ad-b895-2b6444607794,43.9492493,4.8059012,2025-09-15,19.576,1.632,50.6,scattered clouds
Avignon,Kyriad Avignon - Palais des Papes,"26, Place de l'horloge, 84000 Avignon, France",8.4,2594,https://www.booking.com/hotel/fr/kyriad-avignon-palais-des-papes-xml.fr.html,"Located on Place de l'Horloge, the Kyriad Palais des Papes hotel is the ideal starting point for exploring the city.",43.9496378,4.806359,c0ea9024-87a5-43ad-b895-2b6444607794,43.9492493,4.8059012,2025-09-10,23.96666666666667,4.546666666666667,46.333333333333336,scattered clouds
Avignon,Kyriad Avignon - Palais des Papes,"26, Place de l'horloge, 84000 Avignon, France",8.4,2594,https://www.booking.com/hotel/fr/kyriad-avignon-palais-des-papes-xml.fr.html,"Located on Place de l'Horloge, the Kyriad Palais des Papes hotel is the ideal starting point for exploring the city.",43.9496378,4.806359,c0ea9024-87a5-43ad-b895-2b6444607794,43.9492493,4.8059012,2025-09-11,20.99375,4.48125,51.25,clear sky
Avignon,Kyriad Avignon - Palais des Papes,"26, Place de l'horloge, 84000 Avignon, France",8.4,2594,https://www.booking.com/hotel/fr/kyriad-avignon-palais-des-papes-xml.fr.html,"Located on Place de l'Horloge, the Kyriad Palais des Papes hotel is the ideal starting point for exploring the city.",43.9496378,4.806359,c0ea9024-87a5-43ad-b895-2b6444607794,43.9492493,4.8059012,2025-09-12,20.405,2.52625,54.375,clear sky
Avignon,Kyriad Avignon - Palais des Papes,"26, Place de l'horloge, 84000 Avignon, France",8.4,2594,https://www.booking.com/hotel/fr/kyriad-avignon-palais-des-papes-xml.fr.html,"Located on Place de l'Horloge, the Kyriad Palais des Papes hotel is the ideal starting point for exploring the city.",43.9496378,4.806359,c0ea9024-87a5-43ad-b895-2b6444607794,43.9492493,4.8059012,2025-09-13,18.215,2.01875,71.375,broken clouds
Avignon,Kyriad Avignon - Palais des Papes,"26, Place de l'horloge, 84000 Avignon, France",8.4,2594,https://www.booking.com/hotel/fr/kyriad-avignon-palais-des-papes-xml.fr.html,"Located on Place de l'Horloge, the Kyriad Palais des Papes hotel is the ideal starting point for exploring the city.",43.9496378,4.806359,c0ea9024-87a5-43ad-b895-2b6444607794,43.9492493,4.8059012,2025-09-14,19.83,5.13625,55.5,clear sky
Avignon,Kyriad Avignon - Palais des Papes,"26, Place de l'horloge, 84000 Avignon, France",8.4,2594,https://www.booking.com/hotel/fr/kyriad-avignon-palais-des-papes-xml.fr.html,"Located on Place de l'Horloge, the Kyriad Palais des Papes hotel is the ideal starting point for exploring the city.",43.9496378,4.806359,c0ea9024-87a5-43ad-b895-2b6444607794,43.9492493,4.8059012,2025-09-15,19.576,1.632,50.6,scattered clouds
Avignon,Hôtel Cloitre Saint Louis Avignon,"20, rue du Portail Boquier, 84000 Avignon, France",7.6,3355,https://www.booking.com/hotel/fr/clarioncloitrestlouis.fr.html,"Situé dans le centre d'Avignon, à 15 minutes à pied du palais des papes et du pont de la ville, l'Hôtel Cloitre Saint Louis Avignon occupe un bâtiment du...",43.9438081,4.8049468,c0ea9024-87a5-43ad-b895-2b6444607794,43.9492493,4.8059012,2025-09-10,23.96666666666667,4.546666666666667,46.333333333333336,scattered clouds
Avignon,Hôtel Cloitre Saint Louis Avignon,"20, rue du Portail Boquier, 84000 Avignon, France",7.6,3355,https://www.booking.com/hotel/fr/clarioncloitrestlouis.fr.html,"Situé dans le centre d'Avignon, à 15 minutes à pied du palais des papes et du pont de la ville, l'Hôtel Cloitre Saint Louis Avignon occupe un bâtiment du...",43.9438081,4.8049468,c0ea9024-87a5-43ad-b895-2b6444607794,43.9492493,4.8059012,2025-09-11,20.99375,4.48125,51.25,clear sky
Avignon,Hôtel Cloitre Saint Louis Avignon,"20, rue du Portail Boquier, 84000 Avignon, France",7.6,3355,https://www.booking.com/hotel/fr/clarioncloitrestlouis.fr.html,"Situé dans le centre d'Avignon, à 15 minutes à pied du palais des papes et du pont de la ville, l'Hôtel Cloitre Saint Louis Avignon occupe un bâtiment du...",43.9438081,4.8049468,c0ea9024-87a5-43ad-b895-2b6444607794,43.9492493,4.8059012,2025-09-12,20.405,2.52625,54.375,clear sky
Avignon,Hôtel Cloitre Saint Louis Avignon,"20, rue du Portail Boquier, 84000 Avignon, France",7.6,3355,https://www.booking.com/hotel/fr/clarioncloitrestlouis.fr.html,"Situé dans le centre d'Avignon, à 15 minutes à pied du palais des papes et du pont de la ville, l'Hôtel Cloitre Saint Louis Avignon occupe un bâtiment du...",43.9438081,4.8049468,c0ea9024-87a5-43ad-b895-2b6444607794,43.9492493,4.8059012,2025-09-13,18.215,2.01875,71.375,broken clouds
Avignon,Hôtel Cloitre Saint Louis Avignon,"20, rue du Portail Boquier, 84000 Avignon, France",7.6,3355,https://www.booking.com/hotel/fr/clarioncloitrestlouis.fr.html,"Situé dans le centre d'Avignon, à 15 minutes à pied du palais des papes et du pont de la ville, l'Hôtel Cloitre Saint Louis Avignon occupe un bâtiment du...",43.9438081,4.8049468,c0ea9024-87a5-43ad-b895-2b6444607794,43.9492493,4.8059012,2025-09-14,19.83,5.13625,55.5,clear sky
Avignon,Hôtel Cloitre Saint Louis Avignon,"20, rue du Portail Boquier, 84000 Avignon, France",7.6,3355,https://www.booking.com/hotel/fr/clarioncloitrestlouis.fr.html,"Situé dans le centre d'Avignon, à 15 minutes à pied du palais des papes et du pont de la ville, l'Hôtel Cloitre Saint Louis Avignon occupe un bâtiment du...",43.9438081,4.8049468,c0ea9024-87a5-43ad-b895-2b6444607794,43.9492493,4.8059012,2025-09-15,19.576,1.632,50.6,scattered clouds
Avignon,Best Western Plus Le Lavarin,"1715 Chemin du Lavarin, 84000 Avignon, France",8.3,2193,https://www.booking.com/hotel/fr/hotellelavarin.fr.html,"L’hôtel Best Western Plus Le Lavarin est situé à Avignon, à 2,5 km des remparts, du Palais des Papes et du Pont d'Avignon.",43.9227577,4.804295,c0ea9024-87a5-43ad-b895-2b6444607794,43.9492493,4.8059012,2025-09-10,23.96666666666667,4.546666666666667,46.333333333333336,scattered clouds
Avignon,Best Western Plus Le Lavarin,"1715 Chemin du Lavarin, 84000 Avignon, France",8.3,2193,https://www.booking.com/hotel/fr/hotellelavarin.fr.html,"L’hôtel Best Western Plus Le Lavarin est situé à Avignon, à 2,5 km des remparts, du Palais des Papes et du Pont d'Avignon.",43.9227577,4.804295,c0ea9024-87a5-43ad-b895-2b6444607794,43.9492493,4.8059012,2025-09-11,20.99375,4.48125,51.25,clear sky
Avignon,Best Western Plus Le Lavarin,"1715 Chemin du Lavarin, 84000 Avignon, France",8.3,2193,https://www.booking.com/hotel/fr/hotellelavarin.fr.html,"L’hôtel Best Western Plus Le Lavarin est situé à Avignon, à 2,5 km des remparts, du Palais des Papes et du Pont d'Avignon.",43.9227577,4.804295,c0ea9024-87a5-43ad-b895-2b6444607794,43.9492493,4.8059012,2025-09-12,20.405,2.52625,54.375,clear sky
Avignon,Best Western Plus Le Lavarin,"1715 Chemin du Lavarin, 84000 Avignon, France",8.3,2193,https://www.booking.com/hotel/fr/hotellelavarin.fr.html,"L’hôtel Best Western Plus Le Lavarin est situé à Avignon, à 2,5 km des remparts, du Palais des Papes et du Pont d'Avignon.",43.9227577,4.804295,c0ea9024-87a5-43ad-b895-2b6444607794,43.9492493,4.8059012,2025-09-13,18.215,2.01875,71.375,broken clouds
Avignon,Best Western Plus Le Lavarin,"1715 Chemin du Lavarin, 84000 Avignon, France",8.3,2193,https://www.booking.com/hotel/fr/hotellelavarin.fr.html,"L’hôtel Best Western Plus Le Lavarin est situé à Avignon, à 2,5 km des remparts, du Palais des Papes et du Pont d'Avignon.",43.9227577,4.804295,c0ea9024-87a5-43ad-b895-2b6444607794,43.9492493,4.8059012,2025-09-14,19.83,5.13625,55.5,clear sky
Avignon,Best Western Plus Le Lavarin,"1715 Chemin du Lavarin, 84000 Avignon, France",8.3,2193,https://www.booking.com/hotel/fr/hotellelavarin.fr.html,"L’hôtel Best Western Plus Le Lavarin est situé à Avignon, à 2,5 km des remparts, du Palais des Papes et du Pont d'Avignon.",43.9227577,4.804295,c0ea9024-87a5-43ad-b895-2b6444607794,43.9492493,4.8059012,2025-09-15,19.576,1.632,50.6,scattered clouds
Avignon,Mercure Avignon Gare TGV,"2 Rue Mère Térésa, 84000 Avignon, France",8.5,2015,https://www.booking.com/hotel/fr/expresshiavignon.fr.html,"Le Mercure Avignon Gare TGV vous accueille à Avignon, à 600 mètres de la gare TGV ainsi qu’à moins de 10 minutes en voiture du centre-ville, de la gare...",43.92929,4.784118,c0ea9024-87a5-43ad-b895-2b6444607794,43.9492493,4.8059012,2025-09-10,23.96666666666667,4.546666666666667,46.333333333333336,scattered clouds
Avignon,Mercure Avignon Gare TGV,"2 Rue Mère Térésa, 84000 Avignon, France",8.5,2015,https://www.booking.com/hotel/fr/expresshiavignon.fr.html,"Le Mercure Avignon Gare TGV vous accueille à Avignon, à 600 mètres de la gare TGV ainsi qu’à moins de 10 minutes en voiture du centre-ville, de la gare...",43.92929,4.784118,c0ea9024-87a5-43ad-b895-2b6444607794,43.9492493,4.8059012,2025-09-11,20.99375,4.48125,51.25,clear sky
Avignon,Mercure Avignon Gare TGV,"2 Rue Mère Térésa, 84000 Avignon, France",8.5,2015,https://www.booking.com/hotel/fr/expresshiavignon.fr.html,"Le Mercure Avignon Gare TGV vous accueille à Avignon, à 600 mètres de la gare TGV ainsi qu’à moins de 10 minutes en voiture du centre-ville, de la gare...",43.92929,4.784118,c0ea9024-87a5-43ad-b895-2b6444607794,43.9492493,4.8059012,2025-09-12,20.405,2.52625,54.375,clear sky
Avignon,Mercure Avignon Gare TGV,"2 Rue Mère Térésa, 84000 Avignon, France",8.5,2015,https://www.booking.com/hotel/fr/expresshiavignon.fr.html,"Le Mercure Avignon Gare TGV vous accueille à Avignon, à 600 mètres de la gare TGV ainsi qu’à moins de 10 minutes en voiture du centre-ville, de la gare...",43.92929,4.784118,c0ea9024-87a5-43ad-b895-2b6444607794,43.9492493,4.8059012,2025-09-13,18.215,2.01875,71.375,broken clouds
Avignon,Mercure Avignon Gare TGV,"2 Rue Mère Térésa, 84000 Avignon, France",8.5,2015,https://www.booking.com/hotel/fr/expresshiavignon.fr.html,"Le Mercure Avignon Gare TGV vous accueille à Avignon, à 600 mètres de la gare TGV ainsi qu’à moins de 10 minutes en voiture du centre-ville, de la gare...",43.92929,4.784118,c0ea9024-87a5-43ad-b895-2b6444607794,43.9492493,4.8059012,2025-09-14,19.83,5.13625,55.5,clear sky
Avignon,Mercure Avignon Gare TGV,"2 Rue Mère Térésa, 84000 Avignon, France",8.5,2015,https://www.booking.com/hotel/fr/expresshiavignon.fr.html,"Le Mercure Avignon Gare TGV vous accueille à Avignon, à 600 mètres de la gare TGV ainsi qu’à moins de 10 minutes en voiture du centre-ville, de la gare...",43.92929,4.784118,c0ea9024-87a5-43ad-b895-2b6444607794,43.9492493,4.8059012,2025-09-15,19.576,1.632,50.6,scattered clouds
Bormes les Mimosas,Hostellerie du Cigalou,"Place Gambetta, 83230 Bormes-les-Mimosas, France",8.6,236,https://www.booking.com/hotel/fr/hostellerie-du-cigalou.fr.html,"Cet hôtel 3 étoiles est situé dans le village médiéval de Bormes-les-Mimosas, à seulement 25 minutes de route de Toulon.",43.1519579,6.3432835,87a31398-1e5b-47b8-a529-b79013bd384a,43.1506968,6.3419285,2025-09-10,23.07333333333333,8.483333333333333,56.333333333333336,few clouds
Bormes les Mimosas,Hostellerie du Cigalou,"Place Gambetta, 83230 Bormes-les-Mimosas, France",8.6,236,https://www.booking.com/hotel/fr/hostellerie-du-cigalou.fr.html,"Cet hôtel 3 étoiles est situé dans le village médiéval de Bormes-les-Mimosas, à seulement 25 minutes de route de Toulon.",43.1519579,6.3432835,87a31398-1e5b-47b8-a529-b79013bd384a,43.1506968,6.3419285,2025-09-11,21.27375,7.55,47.875,clear sky
Bormes les Mimosas,Hostellerie du Cigalou,"Place Gambetta, 83230 Bormes-les-Mimosas, France",8.6,236,https://www.booking.com/hotel/fr/hostellerie-du-cigalou.fr.html,"Cet hôtel 3 étoiles est situé dans le village médiéval de Bormes-les-Mimosas, à seulement 25 minutes de route de Toulon.",43.1519579,6.3432835,87a31398-1e5b-47b8-a529-b79013bd384a,43.1506968,6.3419285,2025-09-12,22.07125,6.5675,49.625,clear sky
Bormes les Mimosas,Hostellerie du Cigalou,"Place Gambetta, 83230 Bormes-les-Mimosas, France",8.6,236,https://www.booking.com/hotel/fr/hostellerie-du-cigalou.fr.html,"Cet hôtel 3 étoiles est situé dans le village médiéval de Bormes-les-Mimosas, à seulement 25 minutes de route de Toulon.",43.1519579,6.3432835,87a31398-1e5b-47b8-a529-b79013bd384a,43.1506968,6.3419285,2025-09-13,18.02125,2.12625,80.25,heavy intensity rain
Bormes les Mimosas,Hostellerie du Cigalou,"Place Gambetta, 83230 Bormes-les-Mimosas, France",8.6,236,https://www.booking.com/hotel/fr/hostellerie-du-cigalou.fr.html,"Cet hôtel 3 étoiles est situé dans le village médiéval de Bormes-les-Mimosas, à seulement 25 minutes de route de Toulon.",43.1519579,6.3432835,87a31398-1e5b-47b8-a529-b79013bd384a,43.1506968,6.3419285,2025-09-14,19.57125,2.55875,64.5,overcast clouds
Bormes les Mimosas,Hostellerie du Cigalou,"Place Gambetta, 83230 Bormes-les-Mimosas, France",8.6,236,https://www.booking.com/hotel/fr/hostellerie-du-cigalou.fr.html,"Cet hôtel 3 étoiles est situé dans le village médiéval de Bormes-les-Mimosas, à seulement 25 minutes de route de Toulon.",43.1519579,6.3432835,87a31398-1e5b-47b8-a529-b79013bd384a,43.1506968,6.3419285,2025-09-15,19.632,2.014,74.0,clear sky
Bormes les Mimosas,Hotel Restaurant Bellevue,"14 place Gambetta, 83230 Bormes-les-Mimosas, France",7.5,528,https://www.booking.com/hotel/fr/restaurant-bellevue.fr.html,"L’établissement Hotel Restaurant Bellevue vous accueille à Bormes-les-Mimosas, à 29 km de ce lieu d’intérêt : Chateau de Grimaud.",43.1518776,6.343136,87a31398-1e5b-47b8-a529-b79013bd384a,43.1506968,6.3419285,2025-09-10,23.07333333333333,8.483333333333333,56.333333333333336,few clouds
Bormes les Mimosas,Hotel Restaurant Bellevue,"14 place Gambetta, 83230 Bormes-les-Mimosas, France",7.5,528,https://www.booking.com/hotel/fr/restaurant-bellevue.fr.html,"L’établissement Hotel Restaurant Bellevue vous accueille à Bormes-les-Mimosas, à 29 km de ce lieu d’intérêt : Chateau de Grimaud.",43.1518776,6.343136,87a31398-1e5b-47b8-a529-b79013bd384a,43.1506968,6.3419285,2025-09-11,21.27375,7.55,47.875,clear sky
Bormes les Mimosas,Hotel Restaurant Bellevue,"14 place Gambetta, 83230 Bormes-les-Mimosas, France",7.5,528,https://www.booking.com/hotel/fr/restaurant-bellevue.fr.html,"L’établissement Hotel Restaurant Bellevue vous accueille à Bormes-les-Mimosas, à 29 km de ce lieu d’intérêt : Chateau de Grimaud.",43.1518776,6.343136,87a31398-1e5b-47b8-a529-b79013bd384a,43.1506968,6.3419285,2025-09-12,22.07125,6.5675,49.625,clear sky
Bormes les Mimosas,Hotel Restaurant Bellevue,"14 place Gambetta, 83230 Bormes-les-Mimosas, France",7.5,528,https://www.booking.com/hotel/fr/restaurant-bellevue.fr.html,"L’établissement Hotel Restaurant Bellevue vous accueille à Bormes-les-Mimosas, à 29 km de ce lieu d’intérêt : Chateau de Grimaud.",43.1518776,6.343136,87a31398-1e5b-47b8-a529-b79013bd384a,43.1506968,6.3419285,2025-09-13,18.02125,2.12625,80.25,heavy intensity rain
Bormes les Mimosas,Hotel Restaurant Bellevue,"14 place Gambetta, 83230 Bormes-les-Mimosas, France",7.5,528,https://www.booking.com/hotel/fr/restaurant-bellevue.fr.html,"L’établissement Hotel Restaurant Bellevue vous accueille à Bormes-les-Mimosas, à 29 km de ce lieu d’intérêt : Chateau de Grimaud.",43.1518776,6.343136,87a31398-1e5b-47b8-a529-b79013bd384a,43.1506968,6.3419285,2025-09-14,19.57125,2.55875,64.5,overcast clouds
Bormes les Mimosas,Hotel Restaurant Bellevue,"14 place Gambetta, 83230 Bormes-les-Mimosas, France",7.5,528,https://www.booking.com/hotel/fr/restaurant-bellevue.fr.html,"L’établissement Hotel Restaurant Bellevue vous accueille à Bormes-les-Mimosas, à 29 km de ce lieu d’intérêt : Chateau de Grimaud.",43.1518776,6.343136,87a31398-1e5b-47b8-a529-b79013bd384a,43.1506968,6.3419285,2025-09-15,19.632,2.014,74.0,clear sky
Bormes les Mimosas,SELECT'soHOME - Maison neuve avec piscine - Parking inclus - EVASION,"207 Chemin des Berles, 83230 Bormes-les-Mimosas, France",9.3,3,https://www.booking.com/hotel/fr/select-sohome-maison-neuve-avec-piscine-parking-inclus-evasion.fr.html,"L’hébergement SELECT'soHOME - Maison neuve avec piscine - Parking inclus - EVASION se situe à Bormes-les-Mimosas, à respectivement 2,6 km, 33 km et 33 km...",43.133895,6.34062,87a31398-1e5b-47b8-a529-b79013bd384a,43.1506968,6.3419285,2025-09-10,23.07333333333333,8.483333333333333,56.333333333333336,few clouds
Bormes les Mimosas,SELECT'soHOME - Maison neuve avec piscine - Parking inclus - EVASION,"207 Chemin des Berles, 83230 Bormes-les-Mimosas, France",9.3,3,https://www.booking.com/hotel/fr/select-sohome-maison-neuve-avec-piscine-parking-inclus-evasion.fr.html,"L’hébergement SELECT'soHOME - Maison neuve avec piscine - Parking inclus - EVASION se situe à Bormes-les-Mimosas, à respectivement 2,6 km, 33 km et 33 km...",43.133895,6.34062,87a31398-1e5b-47b8-a529-b79013bd384a,43.1506968,6.3419285,2025-09-11,21.27375,7.55,47.875,clear sky
Bormes les Mimosas,SELECT'soHOME - Maison neuve avec piscine - Parking inclus - EVASION,"207 Chemin des Berles, 83230 Bormes-les-Mimosas, France",9.3,3,https://www.booking.com/hotel/fr/select-sohome-maison-neuve-avec-piscine-parking-inclus-evasion.fr.html,"L’hébergement SELECT'soHOME - Maison neuve avec piscine - Parking inclus - EVASION se situe à Bormes-les-Mimosas, à respectivement 2,6 km, 33 km et 33 km...",43.133895,6.34062,87a31398-1e5b-47b8-a529-b79013bd384a,43.1506968,6.3419285,2025-09-12,22.07125,6.5675,49.625,clear sky
Bormes les Mimosas,SELECT'soHOME - Maison neuve avec piscine - Parking inclus - EVASION,"207 Chemin des Berles, 83230 Bormes-les-Mimosas, France",9.3,3,https://www.booking.com/hotel/fr/select-sohome-maison-neuve-avec-piscine-parking-inclus-evasion.fr.html,"L’hébergement SELECT'soHOME - Maison neuve avec piscine - Parking inclus - EVASION se situe à Bormes-les-Mimosas, à respectivement 2,6 km, 33 km et 33 km...",43.133895,6.34062,87a31398-1e5b-47b8-a529-b79013bd384a,43.1506968,6.3419285,2025-09-13,18.02125,2.12625,80.25,heavy intensity rain
Bormes les Mimosas,SELECT'soHOME - Maison neuve avec piscine - Parking inclus - EVASION,"207 Chemin des Berles, 83230 Bormes-les-Mimosas, France",9.3,3,https://www.booking.com/hotel/fr/select-sohome-maison-neuve-avec-piscine-parking-inclus-evasion.fr.html,"L’hébergement SELECT'soHOME - Maison neuve avec piscine - Parking inclus - EVASION se situe à Bormes-les-Mimosas, à respectivement 2,6 km, 33 km et 33 km...",43.133895,6.34062,87a31398-1e5b-47b8-a529-b79013bd384a,43.1506968,6.3419285,2025-09-14,19.57125,2.55875,64.5,overcast clouds
Bormes les Mimosas,SELECT'soHOME - Maison neuve avec piscine - Parking inclus - EVASION,"207 Chemin des Berles, 83230 Bormes-les-Mimosas, France",9.3,3,https://www.booking.com/hotel/fr/select-sohome-maison-neuve-avec-piscine-parking-inclus-evasion.fr.html,"L’hébergement SELECT'soHOME - Maison neuve avec piscine - Parking inclus - EVASION se situe à Bormes-les-Mimosas, à respectivement 2,6 km, 33 km et 33 km...",43.133895,6.34062,87a31398-1e5b-47b8-a529-b79013bd384a,43.1506968,6.3419285,2025-09-15,19.632,2.014,74.0,clear sky
Bormes les Mimosas,SELECT'soHOME - Superbe appartement pour 4 personnes à deux pas de la plage et des commerces de la Favière ! - ILOA-B01,"207 Avenue des mimosas, 83230 Bormes-les-Mimosas, France",9.4,16,https://www.booking.com/hotel/fr/select-sohome-superbe-appartement-pour-4-personnes-a-deux-pas-de-la-plage-et-des.fr.html,L’hébergement SELECT'soHOME - Superbe appartement pour 4 personnes à deux pas de la plage et des commerces de la Favière!,43.124624,6.359008,87a31398-1e5b-47b8-a529-b79013bd384a,43.1506968,6.3419285,2025-09-10,23.07333333333333,8.483333333333333,56.333333333333336,few clouds
Bormes les Mimosas,SELECT'soHOME - Superbe appartement pour 4 personnes à deux pas de la plage et des commerces de la Favière ! - ILOA-B01,"207 Avenue des mimosas, 83230 Bormes-les-Mimosas, France",9.4,16,https://www.booking.com/hotel/fr/select-sohome-superbe-appartement-pour-4-personnes-a-deux-pas-de-la-plage-et-des.fr.html,L’hébergement SELECT'soHOME - Superbe appartement pour 4 personnes à deux pas de la plage et des commerces de la Favière!,43.124624,6.359008,87a31398-1e5b-47b8-a529-b79013bd384a,43.1506968,6.3419285,2025-09-11,21.27375,7.55,47.875,clear sky
Bormes les Mimosas,SELECT'soHOME - Superbe appartement pour 4 personnes à deux pas de la plage et des commerces de la Favière ! - ILOA-B01,"207 Avenue des mimosas, 83230 Bormes-les-Mimosas, France",9.4,16,https://www.booking.com/hotel/fr/select-sohome-superbe-appartement-pour-4-personnes-a-deux-pas-de-la-plage-et-des.fr.html,L’hébergement SELECT'soHOME - Superbe appartement pour 4 personnes à deux pas de la plage et des commerces de la Favière!,43.124624,6.359008,87a31398-1e5b-47b8-a529-b79013bd384a,43.1506968,6.3419285,2025-09-12,22.07125,6.5675,49.625,clear sky
Bormes les Mimosas,SELECT'soHOME - Superbe appartement pour 4 personnes à deux pas de la plage et des commerces de la Favière ! - ILOA-B01,"207 Avenue des mimosas, 83230 Bormes-les-Mimosas, France",9.4,16,https://www.booking.com/hotel/fr/select-sohome-superbe-appartement-pour-4-personnes-a-deux-pas-de-la-plage-et-des.fr.html,L’hébergement SELECT'soHOME - Superbe appartement pour 4 personnes à deux pas de la plage et des commerces de la Favière!,43.124624,6.359008,87a31398-1e5b-47b8-a529-b79013bd384a,43.1506968,6.3419285,2025-09-13,18.02125,2.12625,80.25,heavy intensity rain
Bormes les Mimosas,SELECT'soHOME - Superbe appartement pour 4 personnes à deux pas de la plage et des commerces de la Favière ! - ILOA-B01,"207 Avenue des mimosas, 83230 Bormes-les-Mimosas, France",9.4,16,https://www.booking.com/hotel/fr/select-sohome-superbe-appartement-pour-4-personnes-a-deux-pas-de-la-plage-et-des.fr.html,L’hébergement SELECT'soHOME - Superbe appartement pour 4 personnes à deux pas de la plage et des commerces de la Favière!,43.124624,6.359008,87a31398-1e5b-47b8-a529-b79013bd384a,43.1506968,6.3419285,2025-09-14,19.57125,2.55875,64.5,overcast clouds
Bormes les Mimosas,SELECT'soHOME - Superbe appartement pour 4 personnes à deux pas de la plage et des commerces de la Favière ! - ILOA-B01,"207 Avenue des mimosas, 83230 Bormes-les-Mimosas, France",9.4,16,https://www.booking.com/hotel/fr/select-sohome-superbe-appartement-pour-4-personnes-a-deux-pas-de-la-plage-et-des.fr.html,L’hébergement SELECT'soHOME - Superbe appartement pour 4 personnes à deux pas de la plage et des commerces de la Favière!,43.124624,6.359008,87a31398-1e5b-47b8-a529-b79013bd384a,43.1506968,6.3419285,2025-09-15,19.632,2.014,74.0,clear sky
Bormes les Mimosas,Mer et soleil,"163 Boulevard de la Plage appartement 36 1 étage immeuble les troènes, 83230 Bormes-les-Mimosas, France",8.5,17,https://www.booking.com/hotel/fr/mer-et-soleil-bormes-les-mimosas.fr.html,"Offrant une vue sur le jardin, l’hébergement Mer et soleil possède une terrasse et un balcon, à environ 34 km de ce lieu d’intérêt : Chateau de Grimaud.",43.1255915,6.3555541,87a31398-1e5b-47b8-a529-b79013bd384a,43.1506968,6.3419285,2025-09-10,23.07333333333333,8.483333333333333,56.333333333333336,few clouds
Bormes les Mimosas,Mer et soleil,"163 Boulevard de la Plage appartement 36 1 étage immeuble les troènes, 83230 Bormes-les-Mimosas, France",8.5,17,https://www.booking.com/hotel/fr/mer-et-soleil-bormes-les-mimosas.fr.html,"Offrant une vue sur le jardin, l’hébergement Mer et soleil possède une terrasse et un balcon, à environ 34 km de ce lieu d’intérêt : Chateau de Grimaud.",43.1255915,6.3555541,87a31398-1e5b-47b8-a529-b79013bd384a,43.1506968,6.3419285,2025-09-11,21.27375,7.55,47.875,clear sky
Bormes les Mimosas,Mer et soleil,"163 Boulevard de la Plage appartement 36 1 étage immeuble les troènes, 83230 Bormes-les-Mimosas, France",8.5,17,https://www.booking.com/hotel/fr/mer-et-soleil-bormes-les-mimosas.fr.html,"Offrant une vue sur le jardin, l’hébergement Mer et soleil possède une terrasse et un balcon, à environ 34 km de ce lieu d’intérêt : Chateau de Grimaud.",43.1255915,6.3555541,87a31398-1e5b-47b8-a529-b79013bd384a,43.1506968,6.3419285,2025-09-12,22.07125,6.5675,49.625,clear sky
Bormes les Mimosas,Mer et soleil,"163 Boulevard de la Plage appartement 36 1 étage immeuble les troènes, 83230 Bormes-les-Mimosas, France",8.5,17,https://www.booking.com/hotel/fr/mer-et-soleil-bormes-les-mimosas.fr.html,"Offrant une vue sur le jardin, l’hébergement Mer et soleil possède une terrasse et un balcon, à environ 34 km de ce lieu d’intérêt : Chateau de Grimaud.",43.1255915,6.3555541,87a31398-1e5b-47b8-a529-b79013bd384a,43.1506968,6.3419285,2025-09-13,18.02125,2.12625,80.25,heavy intensity rain
Bormes les Mimosas,Mer et soleil,"163 Boulevard de la Plage appartement 36 1 étage immeuble les troènes, 83230 Bormes-les-Mimosas, France",8.5,17,https://www.booking.com/hotel/fr/mer-et-soleil-bormes-les-mimosas.fr.html,"Offrant une vue sur le jardin, l’hébergement Mer et soleil possède une terrasse et un balcon, à environ 34 km de ce lieu d’intérêt : Chateau de Grimaud.",43.1255915,6.3555541,87a31398-1e5b-47b8-a529-b79013bd384a,43.1506968,6.3419285,2025-09-14,19.57125,2.55875,64.5,overcast clouds
Bormes les Mimosas,Mer et soleil,"163 Boulevard de la Plage appartement 36 1 étage immeuble les troènes, 83230 Bormes-les-Mimosas, France",8.5,17,https://www.booking.com/hotel/fr/mer-et-soleil-bormes-les-mimosas.fr.html,"Offrant une vue sur le jardin, l’hébergement Mer et soleil possède une terrasse et un balcon, à environ 34 km de ce lieu d’intérêt : Chateau de Grimaud.",43.1255915,6.3555541,87a31398-1e5b-47b8-a529-b79013bd384a,43.1506968,6.3419285,2025-09-15,19.632,2.014,74.0,clear sky
Bormes les Mimosas,Hôtel Les Palmiers,"240 Chemin du Petit Fort, 83230 Bormes-les-Mimosas, France",8.7,47,https://www.booking.com/hotel/fr/les-palmiers-bormes-les-mimosas.fr.html,"L’établissement Hôtel Les Palmiers se situe à Bormes-les-Mimosas, à 800 mètres de ce lieu d’intérêt : Plage de Cabasson.",43.1028629,6.3273525,87a31398-1e5b-47b8-a529-b79013bd384a,43.1506968,6.3419285,2025-09-10,23.07333333333333,8.483333333333333,56.333333333333336,few clouds
Bormes les Mimosas,Hôtel Les Palmiers,"240 Chemin du Petit Fort, 83230 Bormes-les-Mimosas, France",8.7,47,https://www.booking.com/hotel/fr/les-palmiers-bormes-les-mimosas.fr.html,"L’établissement Hôtel Les Palmiers se situe à Bormes-les-Mimosas, à 800 mètres de ce lieu d’intérêt : Plage de Cabasson.",43.1028629,6.3273525,87a31398-1e5b-47b8-a529-b79013bd384a,43.1506968,6.3419285,2025-09-11,21.27375,7.55,47.875,clear sky
Bormes les Mimosas,Hôtel Les Palmiers,"240 Chemin du Petit Fort, 83230 Bormes-les-Mimosas, France",8.7,47,https://www.booking.com/hotel/fr/les-palmiers-bormes-les-mimosas.fr.html,"L’établissement Hôtel Les Palmiers se situe à Bormes-les-Mimosas, à 800 mètres de ce lieu d’intérêt : Plage de Cabasson.",43.1028629,6.3273525,87a31398-1e5b-47b8-a529-b79013bd384a,43.1506968,6.3419285,2025-09-12,22.07125,6.5675,49.625,clear sky
Bormes les Mimosas,Hôtel Les Palmiers,"240 Chemin du Petit Fort, 83230 Bormes-les-Mimosas, France",8.7,47,https://www.booking.com/hotel/fr/les-palmiers-bormes-les-mimosas.fr.html,"L’établissement Hôtel Les Palmiers se situe à Bormes-les-Mimosas, à 800 mètres de ce lieu d’intérêt : Plage de Cabasson.",43.1028629,6.3273525,87a31398-1e5b-47b8-a529-b79013bd384a,43.1506968,6.3419285,2025-09-13,18.02125,2.12625,80.25,heavy intensity rain
Bormes les Mimosas,Hôtel Les Palmiers,"240 Chemin du Petit Fort, 83230 Bormes-les-Mimosas, France",8.7,47,https://www.booking.com/hotel/fr/les-palmiers-bormes-les-mimosas.fr.html,"L’établissement Hôtel Les Palmiers se situe à Bormes-les-Mimosas, à 800 mètres de ce lieu d’intérêt : Plage de Cabasson.",43.1028629,6.3273525,87a31398-1e5b-47b8-a529-b79013bd384a,43.1506968,6.3419285,2025-09-14,19.57125,2.55875,64.5,overcast clouds
Bormes les Mimosas,Hôtel Les Palmiers,"240 Chemin du Petit Fort, 83230 Bormes-les-Mimosas, France",8.7,47,https://www.booking.com/hotel/fr/les-palmiers-bormes-les-mimosas.fr.html,"L’établissement Hôtel Les Palmiers se situe à Bormes-les-Mimosas, à 800 mètres de ce lieu d’intérêt : Plage de Cabasson.",43.1028629,6.3273525,87a31398-1e5b-47b8-a529-b79013bd384a,43.1506968,6.3419285,2025-09-15,19.632,2.014,74.0,clear sky
Bormes les Mimosas,Villa Merveille,"62 Allée des Cîmes, 83019 Bormes-les-Mimosas, France",9.2,9,https://www.booking.com/hotel/fr/merveille.fr.html,"Offrant une vue sur la montagne, l’hébergement Villa Merveille comprend une piscine extérieure ouverte en saison, un salon commun et un bar, à environ 30...",43.1521251,6.303449,87a31398-1e5b-47b8-a529-b79013bd384a,43.1506968,6.3419285,2025-09-10,23.07333333333333,8.483333333333333,56.333333333333336,few clouds
Bormes les Mimosas,Villa Merveille,"62 Allée des Cîmes, 83019 Bormes-les-Mimosas, France",9.2,9,https://www.booking.com/hotel/fr/merveille.fr.html,"Offrant une vue sur la montagne, l’hébergement Villa Merveille comprend une piscine extérieure ouverte en saison, un salon commun et un bar, à environ 30...",43.1521251,6.303449,87a31398-1e5b-47b8-a529-b79013bd384a,43.1506968,6.3419285,2025-09-11,21.27375,7.55,47.875,clear sky
Bormes les Mimosas,Villa Merveille,"62 Allée des Cîmes, 83019 Bormes-les-Mimosas, France",9.2,9,https://www.booking.com/hotel/fr/merveille.fr.html,"Offrant une vue sur la montagne, l’hébergement Villa Merveille comprend une piscine extérieure ouverte en saison, un salon commun et un bar, à environ 30...",43.1521251,6.303449,87a31398-1e5b-47b8-a529-b79013bd384a,43.1506968,6.3419285,2025-09-12,22.07125,6.5675,49.625,clear sky
Bormes les Mimosas,Villa Merveille,"62 Allée des Cîmes, 83019 Bormes-les-Mimosas, France",9.2,9,https://www.booking.com/hotel/fr/merveille.fr.html,"Offrant une vue sur la montagne, l’hébergement Villa Merveille comprend une piscine extérieure ouverte en saison, un salon commun et un bar, à environ 30...",43.1521251,6.303449,87a31398-1e5b-47b8-a529-b79013bd384a,43.1506968,6.3419285,2025-09-13,18.02125,2.12625,80.25,heavy intensity rain
Bormes les Mimosas,Villa Merveille,"62 Allée des Cîmes, 83019 Bormes-les-Mimosas, France",9.2,9,https://www.booking.com/hotel/fr/merveille.fr.html,"Offrant une vue sur la montagne, l’hébergement Villa Merveille comprend une piscine extérieure ouverte en saison, un salon commun et un bar, à environ 30...",43.1521251,6.303449,87a31398-1e5b-47b8-a529-b79013bd384a,43.1506968,6.3419285,2025-09-14,19.57125,2.55875,64.5,overcast clouds
Bormes les Mimosas,Villa Merveille,"62 Allée des Cîmes, 83019 Bormes-les-Mimosas, France",9.2,9,https://www.booking.com/hotel/fr/merveille.fr.html,"Offrant une vue sur la montagne, l’hébergement Villa Merveille comprend une piscine extérieure ouverte en saison, un salon commun et un bar, à environ 30...",43.1521251,6.303449,87a31398-1e5b-47b8-a529-b79013bd384a,43.1506968,6.3419285,2025-09-15,19.632,2.014,74.0,clear sky
Bormes les Mimosas,Appartement climatisé Bord de Mer La Faviere,"112 boulevard de la plage, 83230 Bormes-les-Mimosas, France",8.6,58,https://www.booking.com/hotel/fr/apartement-la-faviere-bormes-les-mimosas.fr.html,L’hébergement Appartement climatisé Bord de Mer La Faviere propose un jardin et une terrasse.,43.1260259,6.3567547,87a31398-1e5b-47b8-a529-b79013bd384a,43.1506968,6.3419285,2025-09-10,23.07333333333333,8.483333333333333,56.333333333333336,few clouds
Bormes les Mimosas,Appartement climatisé Bord de Mer La Faviere,"112 boulevard de la plage, 83230 Bormes-les-Mimosas, France",8.6,58,https://www.booking.com/hotel/fr/apartement-la-faviere-bormes-les-mimosas.fr.html,L’hébergement Appartement climatisé Bord de Mer La Faviere propose un jardin et une terrasse.,43.1260259,6.3567547,87a31398-1e5b-47b8-a529-b79013bd384a,43.1506968,6.3419285,2025-09-11,21.27375,7.55,47.875,clear sky
Bormes les Mimosas,Appartement climatisé Bord de Mer La Faviere,"112 boulevard de la plage, 83230 Bormes-les-Mimosas, France",8.6,58,https://www.booking.com/hotel/fr/apartement-la-faviere-bormes-les-mimosas.fr.html,L’hébergement Appartement climatisé Bord de Mer La Faviere propose un jardin et une terrasse.,43.1260259,6.3567547,87a31398-1e5b-47b8-a529-b79013bd384a,43.1506968,6.3419285,2025-09-12,22.07125,6.5675,49.625,clear sky
Bormes les Mimosas,Appartement climatisé Bord de Mer La Faviere,"112 boulevard de la plage, 83230 Bormes-les-Mimosas, France",8.6,58,https://www.booking.com/hotel/fr/apartement-la-faviere-bormes-les-mimosas.fr.html,L’hébergement Appartement climatisé Bord de Mer La Faviere propose un jardin et une terrasse.,43.1260259,6.3567547,87a31398-1e5b-47b8-a529-b79013bd384a,43.1506968,6.3419285,2025-09-13,18.02125,2.12625,80.25,heavy intensity rain
Bormes les Mimosas,Appartement climatisé Bord de Mer La Faviere,"112 boulevard de la plage, 83230 Bormes-les-Mimosas, France",8.6,58,https://www.booking.com/hotel/fr/apartement-la-faviere-bormes-les-mimosas.fr.html,L’hébergement Appartement climatisé Bord de Mer La Faviere propose un jardin et une terrasse.,43.1260259,6.3567547,87a31398-1e5b-47b8-a529-b79013bd384a,43.1506968,6.3419285,2025-09-14,19.57125,2.55875,64.5,overcast clouds
Bormes les Mimosas,Appartement climatisé Bord de Mer La Faviere,"112 boulevard de la plage, 83230 Bormes-les-Mimosas, France",8.6,58,https://www.booking.com/hotel/fr/apartement-la-faviere-bormes-les-mimosas.fr.html,L’hébergement Appartement climatisé Bord de Mer La Faviere propose un jardin et une terrasse.,43.1260259,6.3567547,87a31398-1e5b-47b8-a529-b79013bd384a,43.1506968,6.3419285,2025-09-15,19.632,2.014,74.0,clear sky
Bormes les Mimosas,La Lavandière,"1565 Rte des Lavandières, 83230 Bormes-les-Mimosas, France",9.2,19,https://www.booking.com/hotel/fr/la-lavandiere-bormes-les-mimosas.fr.html,"Proposant une terrasse, l’hébergement La Lavandière se situe à Bormes-les-Mimosas, à respectivement 31 km, 31 km et 39 km de ces lieux d’intérêt : Chateau...",43.1438549,6.3518156,87a31398-1e5b-47b8-a529-b79013bd384a,43.1506968,6.3419285,2025-09-10,23.07333333333333,8.483333333333333,56.333333333333336,few clouds
Bormes les Mimosas,La Lavandière,"1565 Rte des Lavandières, 83230 Bormes-les-Mimosas, France",9.2,19,https://www.booking.com/hotel/fr/la-lavandiere-bormes-les-mimosas.fr.html,"Proposant une terrasse, l’hébergement La Lavandière se situe à Bormes-les-Mimosas, à respectivement 31 km, 31 km et 39 km de ces lieux d’intérêt : Chateau...",43.1438549,6.3518156,87a31398-1e5b-47b8-a529-b79013bd384a,43.1506968,6.3419285,2025-09-11,21.27375,7.55,47.875,clear sky
Bormes les Mimosas,La Lavandière,"1565 Rte des Lavandières, 83230 Bormes-les-Mimosas, France",9.2,19,https://www.booking.com/hotel/fr/la-lavandiere-bormes-les-mimosas.fr.html,"Proposant une terrasse, l’hébergement La Lavandière se situe à Bormes-les-Mimosas, à respectivement 31 km, 31 km et 39 km de ces lieux d’intérêt : Chateau...",43.1438549,6.3518156,87a31398-1e5b-47b8-a529-b79013bd384a,43.1506968,6.3419285,2025-09-12,22.07125,6.5675,49.625,clear sky
Bormes les Mimosas,La Lavandière,"1565 Rte des Lavandières, 83230 Bormes-les-Mimosas, France",9.2,19,https://www.booking.com/hotel/fr/la-lavandiere-bormes-les-mimosas.fr.html,"Proposant une terrasse, l’hébergement La Lavandière se situe à Bormes-les-Mimosas, à respectivement 31 km, 31 km et 39 km de ces lieux d’intérêt : Chateau...",43.1438549,6.3518156,87a31398-1e5b-47b8-a529-b79013bd384a,43.1506968,6.3419285,2025-09-13,18.02125,2.12625,80.25,heavy intensity rain
Bormes les Mimosas,La Lavandière,"1565 Rte des Lavandières, 83230 Bormes-les-Mimosas, France",9.2,19,https://www.booking.com/hotel/fr/la-lavandiere-bormes-les-mimosas.fr.html,"Proposant une terrasse, l’hébergement La Lavandière se situe à Bormes-les-Mimosas, à respectivement 31 km, 31 km et 39 km de ces lieux d’intérêt : Chateau...",43.1438549,6.3518156,87a31398-1e5b-47b8-a529-b79013bd384a,43.1506968,6.3419285,2025-09-14,19.57125,2.55875,64.5,overcast clouds
Bormes les Mimosas,La Lavandière,"1565 Rte des Lavandières, 83230 Bormes-les-Mimosas, France",9.2,19,https://www.booking.com/hotel/fr/la-lavandiere-bormes-les-mimosas.fr.html,"Proposant une terrasse, l’hébergement La Lavandière se situe à Bormes-les-Mimosas, à respectivement 31 km, 31 km et 39 km de ces lieux d’intérêt : Chateau...",43.1438549,6.3518156,87a31398-1e5b-47b8-a529-b79013bd384a,43.1506968,6.3419285,2025-09-15,19.632,2.014,74.0,clear sky
Bormes les Mimosas,Bormes - Le Loft,"101 Rue Carnot, 83230 Bormes-les-Mimosas, France",9.0,52,https://www.booking.com/hotel/fr/bormes-le-loft.fr.html,"Offrant une vue sur le jardin, l’hébergement Bormes - Le Loft se trouve à Bormes-les-Mimosas, à respectivement 33 km et 33 km de ces lieux d’intérêt :...",43.1507533,6.3406583,87a31398-1e5b-47b8-a529-b79013bd384a,43.1506968,6.3419285,2025-09-10,23.07333333333333,8.483333333333333,56.333333333333336,few clouds
Bormes les Mimosas,Bormes - Le Loft,"101 Rue Carnot, 83230 Bormes-les-Mimosas, France",9.0,52,https://www.booking.com/hotel/fr/bormes-le-loft.fr.html,"Offrant une vue sur le jardin, l’hébergement Bormes - Le Loft se trouve à Bormes-les-Mimosas, à respectivement 33 km et 33 km de ces lieux d’intérêt :...",43.1507533,6.3406583,87a31398-1e5b-47b8-a529-b79013bd384a,43.1506968,6.3419285,2025-09-11,21.27375,7.55,47.875,clear sky
Bormes les Mimosas,Bormes - Le Loft,"101 Rue Carnot, 83230 Bormes-les-Mimosas, France",9.0,52,https://www.booking.com/hotel/fr/bormes-le-loft.fr.html,"Offrant une vue sur le jardin, l’hébergement Bormes - Le Loft se trouve à Bormes-les-Mimosas, à respectivement 33 km et 33 km de ces lieux d’intérêt :...",43.1507533,6.3406583,87a31398-1e5b-47b8-a529-b79013bd384a,43.1506968,6.3419285,2025-09-12,22.07125,6.5675,49.625,clear sky
Bormes les Mimosas,Bormes - Le Loft,"101 Rue Carnot, 83230 Bormes-les-Mimosas, France",9.0,52,https://www.booking.com/hotel/fr/bormes-le-loft.fr.html,"Offrant une vue sur le jardin, l’hébergement Bormes - Le Loft se trouve à Bormes-les-Mimosas, à respectivement 33 km et 33 km de ces lieux d’intérêt :...",43.1507533,6.3406583,87a31398-1e5b-47b8-a529-b79013bd384a,43.1506968,6.3419285,2025-09-13,18.02125,2.12625,80.25,heavy intensity rain
Bormes les Mimosas,Bormes - Le Loft,"101 Rue Carnot, 83230 Bormes-les-Mimosas, France",9.0,52,https://www.booking.com/hotel/fr/bormes-le-loft.fr.html,"Offrant une vue sur le jardin, l’hébergement Bormes - Le Loft se trouve à Bormes-les-Mimosas, à respectivement 33 km et 33 km de ces lieux d’intérêt :...",43.1507533,6.3406583,87a31398-1e5b-47b8-a529-b79013bd384a,43.1506968,6.3419285,2025-09-14,19.57125,2.55875,64.5,overcast clouds
Bormes les Mimosas,Bormes - Le Loft,"101 Rue Carnot, 83230 Bormes-les-Mimosas, France",9.0,52,https://www.booking.com/hotel/fr/bormes-le-loft.fr.html,"Offrant une vue sur le jardin, l’hébergement Bormes - Le Loft se trouve à Bormes-les-Mimosas, à respectivement 33 km et 33 km de ces lieux d’intérêt :...",43.1507533,6.3406583,87a31398-1e5b-47b8-a529-b79013bd384a,43.1506968,6.3419285,2025-09-15,19.632,2.014,74.0,clear sky
Bormes les Mimosas,HomeStay Bormes,"322 Rue des Icares, 83230 Bormes-les-Mimosas, France",9.8,62,https://www.booking.com/hotel/fr/homestay-bormes-bormes-les-mimosas.fr.html,"Situé à Bormes-les-Mimosas et offrant une vue sur la montagne, l’établissement HomeStay Bormes propose une piscine extérieure ouverte en saison, un jardin,...",43.146445,6.327724,87a31398-1e5b-47b8-a529-b79013bd384a,43.1506968,6.3419285,2025-09-10,23.07333333333333,8.483333333333333,56.333333333333336,few clouds
Bormes les Mimosas,HomeStay Bormes,"322 Rue des Icares, 83230 Bormes-les-Mimosas, France",9.8,62,https://www.booking.com/hotel/fr/homestay-bormes-bormes-les-mimosas.fr.html,"Situé à Bormes-les-Mimosas et offrant une vue sur la montagne, l’établissement HomeStay Bormes propose une piscine extérieure ouverte en saison, un jardin,...",43.146445,6.327724,87a31398-1e5b-47b8-a529-b79013bd384a,43.1506968,6.3419285,2025-09-11,21.27375,7.55,47.875,clear sky
Bormes les Mimosas,HomeStay Bormes,"322 Rue des Icares, 83230 Bormes-les-Mimosas, France",9.8,62,https://www.booking.com/hotel/fr/homestay-bormes-bormes-les-mimosas.fr.html,"Situé à Bormes-les-Mimosas et offrant une vue sur la montagne, l’établissement HomeStay Bormes propose une piscine extérieure ouverte en saison, un jardin,...",43.146445,6.327724,87a31398-1e5b-47b8-a529-b79013bd384a,43.1506968,6.3419285,2025-09-12,22.07125,6.5675,49.625,clear sky
Bormes les Mimosas,HomeStay Bormes,"322 Rue des Icares, 83230 Bormes-les-Mimosas, France",9.8,62,https://www.booking.com/hotel/fr/homestay-bormes-bormes-les-mimosas.fr.html,"Situé à Bormes-les-Mimosas et offrant une vue sur la montagne, l’établissement HomeStay Bormes propose une piscine extérieure ouverte en saison, un jardin,...",43.146445,6.327724,87a31398-1e5b-47b8-a529-b79013bd384a,43.1506968,6.3419285,2025-09-13,18.02125,2.12625,80.25,heavy intensity rain
Bormes les Mimosas,HomeStay Bormes,"322 Rue des Icares, 83230 Bormes-les-Mimosas, France",9.8,62,https://www.booking.com/hotel/fr/homestay-bormes-bormes-les-mimosas.fr.html,"Situé à Bormes-les-Mimosas et offrant une vue sur la montagne, l’établissement HomeStay Bormes propose une piscine extérieure ouverte en saison, un jardin,...",43.146445,6.327724,87a31398-1e5b-47b8-a529-b79013bd384a,43.1506968,6.3419285,2025-09-14,19.57125,2.55875,64.5,overcast clouds
Bormes les Mimosas,HomeStay Bormes,"322 Rue des Icares, 83230 Bormes-les-Mimosas, France",9.8,62,https://www.booking.com/hotel/fr/homestay-bormes-bormes-les-mimosas.fr.html,"Situé à Bormes-les-Mimosas et offrant une vue sur la montagne, l’établissement HomeStay Bormes propose une piscine extérieure ouverte en saison, un jardin,...",43.146445,6.327724,87a31398-1e5b-47b8-a529-b79013bd384a,43.1506968,6.3419285,2025-09-15,19.632,2.014,74.0,clear sky
Bormes les Mimosas,Le Hameau de la Nicolinière,"155 Chemin du Petit Fort, 83230 Bormes-les-Mimosas, France",9.2,9,https://www.booking.com/hotel/fr/le-hameau-de-la-nicolinia-re.fr.html,"Situé à Bormes-les-Mimosas, l’hébergement Le Hameau de la Nicolinière offre une vue sur la montagne.",43.1034808,6.3279238,87a31398-1e5b-47b8-a529-b79013bd384a,43.1506968,6.3419285,2025-09-10,23.07333333333333,8.483333333333333,56.333333333333336,few clouds
Bormes les Mimosas,Le Hameau de la Nicolinière,"155 Chemin du Petit Fort, 83230 Bormes-les-Mimosas, France",9.2,9,https://www.booking.com/hotel/fr/le-hameau-de-la-nicolinia-re.fr.html,"Situé à Bormes-les-Mimosas, l’hébergement Le Hameau de la Nicolinière offre une vue sur la montagne.",43.1034808,6.3279238,87a31398-1e5b-47b8-a529-b79013bd384a,43.1506968,6.3419285,2025-09-11,21.27375,7.55,47.875,clear sky
Bormes les Mimosas,Le Hameau de la Nicolinière,"155 Chemin du Petit Fort, 83230 Bormes-les-Mimosas, France",9.2,9,https://www.booking.com/hotel/fr/le-hameau-de-la-nicolinia-re.fr.html,"Situé à Bormes-les-Mimosas, l’hébergement Le Hameau de la Nicolinière offre une vue sur la montagne.",43.1034808,6.3279238,87a31398-1e5b-47b8-a529-b79013bd384a,43.1506968,6.3419285,2025-09-12,22.07125,6.5675,49.625,clear sky
Bormes les Mimosas,Le Hameau de la Nicolinière,"155 Chemin du Petit Fort, 83230 Bormes-les-Mimosas, France",9.2,9,https://www.booking.com/hotel/fr/le-hameau-de-la-nicolinia-re.fr.html,"Situé à Bormes-les-Mimosas, l’hébergement Le Hameau de la Nicolinière offre une vue sur la montagne.",43.1034808,6.3279238,87a31398-1e5b-47b8-a529-b79013bd384a,43.1506968,6.3419285,2025-09-13,18.02125,2.12625,80.25,heavy intensity rain
Bormes les Mimosas,Le Hameau de la Nicolinière,"155 Chemin du Petit Fort, 83230 Bormes-les-Mimosas, France",9.2,9,https://www.booking.com/hotel/fr/le-hameau-de-la-nicolinia-re.fr.html,"Situé à Bormes-les-Mimosas, l’hébergement Le Hameau de la Nicolinière offre une vue sur la montagne.",43.1034808,6.3279238,87a31398-1e5b-47b8-a529-b79013bd384a,43.1506968,6.3419285,2025-09-14,19.57125,2.55875,64.5,overcast clouds
Bormes les Mimosas,Le Hameau de la Nicolinière,"155 Chemin du Petit Fort, 83230 Bormes-les-Mimosas, France",9.2,9,https://www.booking.com/hotel/fr/le-hameau-de-la-nicolinia-re.fr.html,"Situé à Bormes-les-Mimosas, l’hébergement Le Hameau de la Nicolinière offre une vue sur la montagne.",43.1034808,6.3279238,87a31398-1e5b-47b8-a529-b79013bd384a,43.1506968,6.3419285,2025-09-15,19.632,2.014,74.0,clear sky
Bormes les Mimosas,Boulevard du Soleil,"714 Boulevard du soleil, 83230 Bormes-les-Mimosas, France",9.5,60,https://www.booking.com/hotel/fr/boulevard-du-soleil.fr.html,"L’hébergement Boulevard du Soleil se trouve à Bormes-les-Mimosas, à seulement 29 km de ce lieu d’intérêt : Chateau de Grimaud.",43.1492328,6.3419701,87a31398-1e5b-47b8-a529-b79013bd384a,43.1506968,6.3419285,2025-09-10,23.07333333333333,8.483333333333333,56.333333333333336,few clouds
Bormes les Mimosas,Boulevard du Soleil,"714 Boulevard du soleil, 83230 Bormes-les-Mimosas, France",9.5,60,https://www.booking.com/hotel/fr/boulevard-du-soleil.fr.html,"L’hébergement Boulevard du Soleil se trouve à Bormes-les-Mimosas, à seulement 29 km de ce lieu d’intérêt : Chateau de Grimaud.",43.1492328,6.3419701,87a31398-1e5b-47b8-a529-b79013bd384a,43.1506968,6.3419285,2025-09-11,21.27375,7.55,47.875,clear sky
Bormes les Mimosas,Boulevard du Soleil,"714 Boulevard du soleil, 83230 Bormes-les-Mimosas, France",9.5,60,https://www.booking.com/hotel/fr/boulevard-du-soleil.fr.html,"L’hébergement Boulevard du Soleil se trouve à Bormes-les-Mimosas, à seulement 29 km de ce lieu d’intérêt : Chateau de Grimaud.",43.1492328,6.3419701,87a31398-1e5b-47b8-a529-b79013bd384a,43.1506968,6.3419285,2025-09-12,22.07125,6.5675,49.625,clear sky
Bormes les Mimosas,Boulevard du Soleil,"714 Boulevard du soleil, 83230 Bormes-les-Mimosas, France",9.5,60,https://www.booking.com/hotel/fr/boulevard-du-soleil.fr.html,"L’hébergement Boulevard du Soleil se trouve à Bormes-les-Mimosas, à seulement 29 km de ce lieu d’intérêt : Chateau de Grimaud.",43.1492328,6.3419701,87a31398-1e5b-47b8-a529-b79013bd384a,43.1506968,6.3419285,2025-09-13,18.02125,2.12625,80.25,heavy intensity rain
Bormes les Mimosas,Boulevard du Soleil,"714 Boulevard du soleil, 83230 Bormes-les-Mimosas, France",9.5,60,https://www.booking.com/hotel/fr/boulevard-du-soleil.fr.html,"L’hébergement Boulevard du Soleil se trouve à Bormes-les-Mimosas, à seulement 29 km de ce lieu d’intérêt : Chateau de Grimaud.",43.1492328,6.3419701,87a31398-1e5b-47b8-a529-b79013bd384a,43.1506968,6.3419285,2025-09-14,19.57125,2.55875,64.5,overcast clouds
Bormes les Mimosas,Boulevard du Soleil,"714 Boulevard du soleil, 83230 Bormes-les-Mimosas, France",9.5,60,https://www.booking.com/hotel/fr/boulevard-du-soleil.fr.html,"L’hébergement Boulevard du Soleil se trouve à Bormes-les-Mimosas, à seulement 29 km de ce lieu d’intérêt : Chateau de Grimaud.",43.1492328,6.3419701,87a31398-1e5b-47b8-a529-b79013bd384a,43.1506968,6.3419285,2025-09-15,19.632,2.014,74.0,clear sky
Bormes les Mimosas,"Calme, Piscine - Appartement Milady's Garden","622 Boulevard du Mont des Roses, 83230 Bormes-les-Mimosas, France",8.8,7,https://www.booking.com/hotel/fr/calme-piscine-appartement-miladys-garden.fr.html,"Situé à Bormes-les-Mimosas, l’hébergement Calme, Piscine - Appartement Milady's Garden offre une vue sur le jardin.",43.145294,6.33369,87a31398-1e5b-47b8-a529-b79013bd384a,43.1506968,6.3419285,2025-09-10,23.07333333333333,8.483333333333333,56.333333333333336,few clouds
Bormes les Mimosas,"Calme, Piscine - Appartement Milady's Garden","622 Boulevard du Mont des Roses, 83230 Bormes-les-Mimosas, France",8.8,7,https://www.booking.com/hotel/fr/calme-piscine-appartement-miladys-garden.fr.html,"Situé à Bormes-les-Mimosas, l’hébergement Calme, Piscine - Appartement Milady's Garden offre une vue sur le jardin.",43.145294,6.33369,87a31398-1e5b-47b8-a529-b79013bd384a,43.1506968,6.3419285,2025-09-11,21.27375,7.55,47.875,clear sky
Bormes les Mimosas,"Calme, Piscine - Appartement Milady's Garden","622 Boulevard du Mont des Roses, 83230 Bormes-les-Mimosas, France",8.8,7,https://www.booking.com/hotel/fr/calme-piscine-appartement-miladys-garden.fr.html,"Situé à Bormes-les-Mimosas, l’hébergement Calme, Piscine - Appartement Milady's Garden offre une vue sur le jardin.",43.145294,6.33369,87a31398-1e5b-47b8-a529-b79013bd384a,43.1506968,6.3419285,2025-09-12,22.07125,6.5675,49.625,clear sky
Bormes les Mimosas,"Calme, Piscine - Appartement Milady's Garden","622 Boulevard du Mont des Roses, 83230 Bormes-les-Mimosas, France",8.8,7,https://www.booking.com/hotel/fr/calme-piscine-appartement-miladys-garden.fr.html,"Situé à Bormes-les-Mimosas, l’hébergement Calme, Piscine - Appartement Milady's Garden offre une vue sur le jardin.",43.145294,6.33369,87a31398-1e5b-47b8-a529-b79013bd384a,43.1506968,6.3419285,2025-09-13,18.02125,2.12625,80.25,heavy intensity rain
Bormes les Mimosas,"Calme, Piscine - Appartement Milady's Garden","622 Boulevard du Mont des Roses, 83230 Bormes-les-Mimosas, France",8.8,7,https://www.booking.com/hotel/fr/calme-piscine-appartement-miladys-garden.fr.html,"Situé à Bormes-les-Mimosas, l’hébergement Calme, Piscine - Appartement Milady's Garden offre une vue sur le jardin.",43.145294,6.33369,87a31398-1e5b-47b8-a529-b79013bd384a,43.1506968,6.3419285,2025-09-14,19.57125,2.55875,64.5,overcast clouds
Bormes les Mimosas,"Calme, Piscine - Appartement Milady's Garden","622 Boulevard du Mont des Roses, 83230 Bormes-les-Mimosas, France",8.8,7,https://www.booking.com/hotel/fr/calme-piscine-appartement-miladys-garden.fr.html,"Situé à Bormes-les-Mimosas, l’hébergement Calme, Piscine - Appartement Milady's Garden offre une vue sur le jardin.",43.145294,6.33369,87a31398-1e5b-47b8-a529-b79013bd384a,43.1506968,6.3419285,2025-09-15,19.632,2.014,74.0,clear sky
Bormes les Mimosas,"L'Odyssée provençale, un duplex de charme de 2 chambres au pied du village médiéval de Bormes-les-Mimosas, offrant des prestations haut de gamme et une superbe vue sur le Massif des Maures","2ème 16 Impasse des Myrtilles, 83230 Bormes-les-Mimosas, France",9.6,47,https://www.booking.com/hotel/fr/duplex-de-charme-t3-dernier-etage-vue-collines.fr.html,"L’hébergement L'Odyssée provençale, un duplex de charme de 2 chambres au pied du village médiéval de Bormes-les-Mimosas, offrant des prestations haut de...",43.1466879,6.3391625,87a31398-1e5b-47b8-a529-b79013bd384a,43.1506968,6.3419285,2025-09-10,23.07333333333333,8.483333333333333,56.333333333333336,few clouds
Bormes les Mimosas,"L'Odyssée provençale, un duplex de charme de 2 chambres au pied du village médiéval de Bormes-les-Mimosas, offrant des prestations haut de gamme et une superbe vue sur le Massif des Maures","2ème 16 Impasse des Myrtilles, 83230 Bormes-les-Mimosas, France",9.6,47,https://www.booking.com/hotel/fr/duplex-de-charme-t3-dernier-etage-vue-collines.fr.html,"L’hébergement L'Odyssée provençale, un duplex de charme de 2 chambres au pied du village médiéval de Bormes-les-Mimosas, offrant des prestations haut de...",43.1466879,6.3391625,87a31398-1e5b-47b8-a529-b79013bd384a,43.1506968,6.3419285,2025-09-11,21.27375,7.55,47.875,clear sky
Bormes les Mimosas,"L'Odyssée provençale, un duplex de charme de 2 chambres au pied du village médiéval de Bormes-les-Mimosas, offrant des prestations haut de gamme et une superbe vue sur le Massif des Maures","2ème 16 Impasse des Myrtilles, 83230 Bormes-les-Mimosas, France",9.6,47,https://www.booking.com/hotel/fr/duplex-de-charme-t3-dernier-etage-vue-collines.fr.html,"L’hébergement L'Odyssée provençale, un duplex de charme de 2 chambres au pied du village médiéval de Bormes-les-Mimosas, offrant des prestations haut de...",43.1466879,6.3391625,87a31398-1e5b-47b8-a529-b79013bd384a,43.1506968,6.3419285,2025-09-12,22.07125,6.5675,49.625,clear sky
Bormes les Mimosas,"L'Odyssée provençale, un duplex de charme de 2 chambres au pied du village médiéval de Bormes-les-Mimosas, offrant des prestations haut de gamme et une superbe vue sur le Massif des Maures","2ème 16 Impasse des Myrtilles, 83230 Bormes-les-Mimosas, France",9.6,47,https://www.booking.com/hotel/fr/duplex-de-charme-t3-dernier-etage-vue-collines.fr.html,"L’hébergement L'Odyssée provençale, un duplex de charme de 2 chambres au pied du village médiéval de Bormes-les-Mimosas, offrant des prestations haut de...",43.1466879,6.3391625,87a31398-1e5b-47b8-a529-b79013bd384a,43.1506968,6.3419285,2025-09-13,18.02125,2.12625,80.25,heavy intensity rain
Bormes les Mimosas,"L'Odyssée provençale, un duplex de charme de 2 chambres au pied du village médiéval de Bormes-les-Mimosas, offrant des prestations haut de gamme et une superbe vue sur le Massif des Maures","2ème 16 Impasse des Myrtilles, 83230 Bormes-les-Mimosas, France",9.6,47,https://www.booking.com/hotel/fr/duplex-de-charme-t3-dernier-etage-vue-collines.fr.html,"L’hébergement L'Odyssée provençale, un duplex de charme de 2 chambres au pied du village médiéval de Bormes-les-Mimosas, offrant des prestations haut de...",43.1466879,6.3391625,87a31398-1e5b-47b8-a529-b79013bd384a,43.1506968,6.3419285,2025-09-14,19.57125,2.55875,64.5,overcast clouds
Bormes les Mimosas,"L'Odyssée provençale, un duplex de charme de 2 chambres au pied du village médiéval de Bormes-les-Mimosas, offrant des prestations haut de gamme et une superbe vue sur le Massif des Maures","2ème 16 Impasse des Myrtilles, 83230 Bormes-les-Mimosas, France",9.6,47,https://www.booking.com/hotel/fr/duplex-de-charme-t3-dernier-etage-vue-collines.fr.html,"L’hébergement L'Odyssée provençale, un duplex de charme de 2 chambres au pied du village médiéval de Bormes-les-Mimosas, offrant des prestations haut de...",43.1466879,6.3391625,87a31398-1e5b-47b8-a529-b79013bd384a,43.1506968,6.3419285,2025-09-15,19.632,2.014,74.0,clear sky
Bormes les Mimosas,La Recampado,"27 Rue Rompi Cuou, 83230 Bormes-les-Mimosas, France",9.8,51,https://www.booking.com/hotel/fr/la-recampado-bormes-les-mimosas.fr.html,"L’hébergement La Recampado se trouve à Bormes-les-Mimosas, à respectivement 29 km et 29 km de ces lieux d’intérêt : Chateau de Grimaud et Le Pont des Fées.",43.150971,6.342117,87a31398-1e5b-47b8-a529-b79013bd384a,43.1506968,6.3419285,2025-09-10,23.07333333333333,8.483333333333333,56.333333333333336,few clouds
Bormes les Mimosas,La Recampado,"27 Rue Rompi Cuou, 83230 Bormes-les-Mimosas, France",9.8,51,https://www.booking.com/hotel/fr/la-recampado-bormes-les-mimosas.fr.html,"L’hébergement La Recampado se trouve à Bormes-les-Mimosas, à respectivement 29 km et 29 km de ces lieux d’intérêt : Chateau de Grimaud et Le Pont des Fées.",43.150971,6.342117,87a31398-1e5b-47b8-a529-b79013bd384a,43.1506968,6.3419285,2025-09-11,21.27375,7.55,47.875,clear sky
Bormes les Mimosas,La Recampado,"27 Rue Rompi Cuou, 83230 Bormes-les-Mimosas, France",9.8,51,https://www.booking.com/hotel/fr/la-recampado-bormes-les-mimosas.fr.html,"L’hébergement La Recampado se trouve à Bormes-les-Mimosas, à respectivement 29 km et 29 km de ces lieux d’intérêt : Chateau de Grimaud et Le Pont des Fées.",43.150971,6.342117,87a31398-1e5b-47b8-a529-b79013bd384a,43.1506968,6.3419285,2025-09-12,22.07125,6.5675,49.625,clear sky
Bormes les Mimosas,La Recampado,"27 Rue Rompi Cuou, 83230 Bormes-les-Mimosas, France",9.8,51,https://www.booking.com/hotel/fr/la-recampado-bormes-les-mimosas.fr.html,"L’hébergement La Recampado se trouve à Bormes-les-Mimosas, à respectivement 29 km et 29 km de ces lieux d’intérêt : Chateau de Grimaud et Le Pont des Fées.",43.150971,6.342117,87a31398-1e5b-47b8-a529-b79013bd384a,43.1506968,6.3419285,2025-09-13,18.02125,2.12625,80.25,heavy intensity rain
Bormes les Mimosas,La Recampado,"27 Rue Rompi Cuou, 83230 Bormes-les-Mimosas, France",9.8,51,https://www.booking.com/hotel/fr/la-recampado-bormes-les-mimosas.fr.html,"L’hébergement La Recampado se trouve à Bormes-les-Mimosas, à respectivement 29 km et 29 km de ces lieux d’intérêt : Chateau de Grimaud et Le Pont des Fées.",43.150971,6.342117,87a31398-1e5b-47b8-a529-b79013bd384a,43.1506968,6.3419285,2025-09-14,19.57125,2.55875,64.5,overcast clouds
Bormes les Mimosas,La Recampado,"27 Rue Rompi Cuou, 83230 Bormes-les-Mimosas, France",9.8,51,https://www.booking.com/hotel/fr/la-recampado-bormes-les-mimosas.fr.html,"L’hébergement La Recampado se trouve à Bormes-les-Mimosas, à respectivement 29 km et 29 km de ces lieux d’intérêt : Chateau de Grimaud et Le Pont des Fées.",43.150971,6.342117,87a31398-1e5b-47b8-a529-b79013bd384a,43.1506968,6.3419285,2025-09-15,19.632,2.014,74.0,clear sky
Bormes les Mimosas,Villa avec piscine - confort et tranquillité,"850 Route des Lavandières, 83230 Bormes-les-Mimosas, France",9.0,2,https://www.booking.com/hotel/fr/villa-avec-piscine-confort-et-tranquillite.fr.html,"Proposant une piscine extérieure et un service de concierge, l’hébergement Villa avec piscine - confort et tranquillité bénéficie d’un emplacement idéal à...",43.1454805,6.3500762,87a31398-1e5b-47b8-a529-b79013bd384a,43.1506968,6.3419285,2025-09-10,23.07333333333333,8.483333333333333,56.333333333333336,few clouds
Bormes les Mimosas,Villa avec piscine - confort et tranquillité,"850 Route des Lavandières, 83230 Bormes-les-Mimosas, France",9.0,2,https://www.booking.com/hotel/fr/villa-avec-piscine-confort-et-tranquillite.fr.html,"Proposant une piscine extérieure et un service de concierge, l’hébergement Villa avec piscine - confort et tranquillité bénéficie d’un emplacement idéal à...",43.1454805,6.3500762,87a31398-1e5b-47b8-a529-b79013bd384a,43.1506968,6.3419285,2025-09-11,21.27375,7.55,47.875,clear sky
Bormes les Mimosas,Villa avec piscine - confort et tranquillité,"850 Route des Lavandières, 83230 Bormes-les-Mimosas, France",9.0,2,https://www.booking.com/hotel/fr/villa-avec-piscine-confort-et-tranquillite.fr.html,"Proposant une piscine extérieure et un service de concierge, l’hébergement Villa avec piscine - confort et tranquillité bénéficie d’un emplacement idéal à...",43.1454805,6.3500762,87a31398-1e5b-47b8-a529-b79013bd384a,43.1506968,6.3419285,2025-09-12,22.07125,6.5675,49.625,clear sky
Bormes les Mimosas,Villa avec piscine - confort et tranquillité,"850 Route des Lavandières, 83230 Bormes-les-Mimosas, France",9.0,2,https://www.booking.com/hotel/fr/villa-avec-piscine-confort-et-tranquillite.fr.html,"Proposant une piscine extérieure et un service de concierge, l’hébergement Villa avec piscine - confort et tranquillité bénéficie d’un emplacement idéal à...",43.1454805,6.3500762,87a31398-1e5b-47b8-a529-b79013bd384a,43.1506968,6.3419285,2025-09-13,18.02125,2.12625,80.25,heavy intensity rain
Bormes les Mimosas,Villa avec piscine - confort et tranquillité,"850 Route des Lavandières, 83230 Bormes-les-Mimosas, France",9.0,2,https://www.booking.com/hotel/fr/villa-avec-piscine-confort-et-tranquillite.fr.html,"Proposant une piscine extérieure et un service de concierge, l’hébergement Villa avec piscine - confort et tranquillité bénéficie d’un emplacement idéal à...",43.1454805,6.3500762,87a31398-1e5b-47b8-a529-b79013bd384a,43.1506968,6.3419285,2025-09-14,19.57125,2.55875,64.5,overcast clouds
Bormes les Mimosas,Villa avec piscine - confort et tranquillité,"850 Route des Lavandières, 83230 Bormes-les-Mimosas, France",9.0,2,https://www.booking.com/hotel/fr/villa-avec-piscine-confort-et-tranquillite.fr.html,"Proposant une piscine extérieure et un service de concierge, l’hébergement Villa avec piscine - confort et tranquillité bénéficie d’un emplacement idéal à...",43.1454805,6.3500762,87a31398-1e5b-47b8-a529-b79013bd384a,43.1506968,6.3419285,2025-09-15,19.632,2.014,74.0,clear sky
Bormes les Mimosas,"Bord de mer, charmant studio entièrement équipé","1er étage 140 Avenue des Mimosas, 83230 Bormes-les-Mimosas, France",9.0,36,https://www.booking.com/hotel/fr/bord-de-mer-charmant-studio-entierement-equipe.fr.html,"L’hébergement Bord de mer, charmant studio entièrement équipé vous accueille à Bormes-les-Mimosas, à respectivement 34 km, 34 km et 41 km de ces lieux...",43.1260231,6.358852,87a31398-1e5b-47b8-a529-b79013bd384a,43.1506968,6.3419285,2025-09-10,23.07333333333333,8.483333333333333,56.333333333333336,few clouds
Bormes les Mimosas,"Bord de mer, charmant studio entièrement équipé","1er étage 140 Avenue des Mimosas, 83230 Bormes-les-Mimosas, France",9.0,36,https://www.booking.com/hotel/fr/bord-de-mer-charmant-studio-entierement-equipe.fr.html,"L’hébergement Bord de mer, charmant studio entièrement équipé vous accueille à Bormes-les-Mimosas, à respectivement 34 km, 34 km et 41 km de ces lieux...",43.1260231,6.358852,87a31398-1e5b-47b8-a529-b79013bd384a,43.1506968,6.3419285,2025-09-11,21.27375,7.55,47.875,clear sky
Bormes les Mimosas,"Bord de mer, charmant studio entièrement équipé","1er étage 140 Avenue des Mimosas, 83230 Bormes-les-Mimosas, France",9.0,36,https://www.booking.com/hotel/fr/bord-de-mer-charmant-studio-entierement-equipe.fr.html,"L’hébergement Bord de mer, charmant studio entièrement équipé vous accueille à Bormes-les-Mimosas, à respectivement 34 km, 34 km et 41 km de ces lieux...",43.1260231,6.358852,87a31398-1e5b-47b8-a529-b79013bd384a,43.1506968,6.3419285,2025-09-12,22.07125,6.5675,49.625,clear sky
Bormes les Mimosas,Superbe T4 -Vue Mer- Tout Confort Refait à Neuf!,"10 Rue des Lentisques, 83230 Bormes-les-Mimosas, France",9.4,39,https://www.booking.com/hotel/fr/superbe-t4-vue-mer-tout-confort-refait-a-neuf.fr.html,"Situé à Bormes-les-Mimosas, l’hébergement Superbe T4 -Vue Mer- Tout Confort Refait à Neuf! offre une vue sur la ville.",43.1448805,6.3533245,87a31398-1e5b-47b8-a529-b79013bd384a,43.1506968,6.3419285,2025-09-10,23.07333333333333,8.483333333333333,56.333333333333336,few clouds
Bormes les Mimosas,"Bord de mer, charmant studio entièrement équipé","1er étage 140 Avenue des Mimosas, 83230 Bormes-les-Mimosas, France",9.0,36,https://www.booking.com/hotel/fr/bord-de-mer-charmant-studio-entierement-equipe.fr.html,"L’hébergement Bord de mer, charmant studio entièrement équipé vous accueille à Bormes-les-Mimosas, à respectivement 34 km, 34 km et 41 km de ces lieux...",43.1260231,6.358852,87a31398-1e5b-47b8-a529-b79013bd384a,43.1506968,6.3419285,2025-09-13,18.02125,2.12625,80.25,heavy intensity rain
Bormes les Mimosas,"Bord de mer, charmant studio entièrement équipé","1er étage 140 Avenue des Mimosas, 83230 Bormes-les-Mimosas, France",9.0,36,https://www.booking.com/hotel/fr/bord-de-mer-charmant-studio-entierement-equipe.fr.html,"L’hébergement Bord de mer, charmant studio entièrement équipé vous accueille à Bormes-les-Mimosas, à respectivement 34 km, 34 km et 41 km de ces lieux...",43.1260231,6.358852,87a31398-1e5b-47b8-a529-b79013bd384a,43.1506968,6.3419285,2025-09-14,19.57125,2.55875,64.5,overcast clouds
Bormes les Mimosas,"Bord de mer, charmant studio entièrement équipé","1er étage 140 Avenue des Mimosas, 83230 Bormes-les-Mimosas, France",9.0,36,https://www.booking.com/hotel/fr/bord-de-mer-charmant-studio-entierement-equipe.fr.html,"L’hébergement Bord de mer, charmant studio entièrement équipé vous accueille à Bormes-les-Mimosas, à respectivement 34 km, 34 km et 41 km de ces lieux...",43.1260231,6.358852,87a31398-1e5b-47b8-a529-b79013bd384a,43.1506968,6.3419285,2025-09-15,19.632,2.014,74.0,clear sky
Bormes les Mimosas,Hôtel de la Plage - HDLP,"La Favière 352 Boulevard de la Plage, 83230 Bormes-les-Mimosas, France",9.0,262,https://www.booking.com/hotel/fr/de-la-plage-hdlp.fr.html,"L’établissement Hôtel de la Plage - HDLP se situe à Bormes-les-Mimosas, à 500 mètres de ce lieu d’intérêt : Plage de la Favière.",43.124617,6.357572,87a31398-1e5b-47b8-a529-b79013bd384a,43.1506968,6.3419285,2025-09-10,23.07333333333333,8.483333333333333,56.333333333333336,few clouds
Bormes les Mimosas,Hôtel de la Plage - HDLP,"La Favière 352 Boulevard de la Plage, 83230 Bormes-les-Mimosas, France",9.0,262,https://www.booking.com/hotel/fr/de-la-plage-hdlp.fr.html,"L’établissement Hôtel de la Plage - HDLP se situe à Bormes-les-Mimosas, à 500 mètres de ce lieu d’intérêt : Plage de la Favière.",43.124617,6.357572,87a31398-1e5b-47b8-a529-b79013bd384a,43.1506968,6.3419285,2025-09-11,21.27375,7.55,47.875,clear sky
Bormes les Mimosas,Hôtel de la Plage - HDLP,"La Favière 352 Boulevard de la Plage, 83230 Bormes-les-Mimosas, France",9.0,262,https://www.booking.com/hotel/fr/de-la-plage-hdlp.fr.html,"L’établissement Hôtel de la Plage - HDLP se situe à Bormes-les-Mimosas, à 500 mètres de ce lieu d’intérêt : Plage de la Favière.",43.124617,6.357572,87a31398-1e5b-47b8-a529-b79013bd384a,43.1506968,6.3419285,2025-09-12,22.07125,6.5675,49.625,clear sky
Bormes les Mimosas,Hôtel de la Plage - HDLP,"La Favière 352 Boulevard de la Plage, 83230 Bormes-les-Mimosas, France",9.0,262,https://www.booking.com/hotel/fr/de-la-plage-hdlp.fr.html,"L’établissement Hôtel de la Plage - HDLP se situe à Bormes-les-Mimosas, à 500 mètres de ce lieu d’intérêt : Plage de la Favière.",43.124617,6.357572,87a31398-1e5b-47b8-a529-b79013bd384a,43.1506968,6.3419285,2025-09-13,18.02125,2.12625,80.25,heavy intensity rain
Bormes les Mimosas,Hôtel de la Plage - HDLP,"La Favière 352 Boulevard de la Plage, 83230 Bormes-les-Mimosas, France",9.0,262,https://www.booking.com/hotel/fr/de-la-plage-hdlp.fr.html,"L’établissement Hôtel de la Plage - HDLP se situe à Bormes-les-Mimosas, à 500 mètres de ce lieu d’intérêt : Plage de la Favière.",43.124617,6.357572,87a31398-1e5b-47b8-a529-b79013bd384a,43.1506968,6.3419285,2025-09-14,19.57125,2.55875,64.5,overcast clouds
Bormes les Mimosas,Hôtel de la Plage - HDLP,"La Favière 352 Boulevard de la Plage, 83230 Bormes-les-Mimosas, France",9.0,262,https://www.booking.com/hotel/fr/de-la-plage-hdlp.fr.html,"L’établissement Hôtel de la Plage - HDLP se situe à Bormes-les-Mimosas, à 500 mètres de ce lieu d’intérêt : Plage de la Favière.",43.124617,6.357572,87a31398-1e5b-47b8-a529-b79013bd384a,43.1506968,6.3419285,2025-09-15,19.632,2.014,74.0,clear sky
Bormes les Mimosas,Maison Gaou Bénat Piscine Vue mer,"7 Sent. des Écureuils, 83230 Bormes-les-Mimosas, France",8.6,6,https://www.booking.com/hotel/fr/maison-piscine-vue-mer.fr.html,"L’hébergement Maison Gaou Bénat Piscine Vue mer se trouve à Bormes-les-Mimosas, à respectivement 1,4 km et 38 km de ces lieux d’intérêt : Plage du Gaou et...",43.101616,6.3497585,87a31398-1e5b-47b8-a529-b79013bd384a,43.1506968,6.3419285,2025-09-10,23.07333333333333,8.483333333333333,56.333333333333336,few clouds
Bormes les Mimosas,Maison Gaou Bénat Piscine Vue mer,"7 Sent. des Écureuils, 83230 Bormes-les-Mimosas, France",8.6,6,https://www.booking.com/hotel/fr/maison-piscine-vue-mer.fr.html,"L’hébergement Maison Gaou Bénat Piscine Vue mer se trouve à Bormes-les-Mimosas, à respectivement 1,4 km et 38 km de ces lieux d’intérêt : Plage du Gaou et...",43.101616,6.3497585,87a31398-1e5b-47b8-a529-b79013bd384a,43.1506968,6.3419285,2025-09-11,21.27375,7.55,47.875,clear sky
Bormes les Mimosas,Maison Gaou Bénat Piscine Vue mer,"7 Sent. des Écureuils, 83230 Bormes-les-Mimosas, France",8.6,6,https://www.booking.com/hotel/fr/maison-piscine-vue-mer.fr.html,"L’hébergement Maison Gaou Bénat Piscine Vue mer se trouve à Bormes-les-Mimosas, à respectivement 1,4 km et 38 km de ces lieux d’intérêt : Plage du Gaou et...",43.101616,6.3497585,87a31398-1e5b-47b8-a529-b79013bd384a,43.1506968,6.3419285,2025-09-12,22.07125,6.5675,49.625,clear sky
Bormes les Mimosas,Maison Gaou Bénat Piscine Vue mer,"7 Sent. des Écureuils, 83230 Bormes-les-Mimosas, France",8.6,6,https://www.booking.com/hotel/fr/maison-piscine-vue-mer.fr.html,"L’hébergement Maison Gaou Bénat Piscine Vue mer se trouve à Bormes-les-Mimosas, à respectivement 1,4 km et 38 km de ces lieux d’intérêt : Plage du Gaou et...",43.101616,6.3497585,87a31398-1e5b-47b8-a529-b79013bd384a,43.1506968,6.3419285,2025-09-13,18.02125,2.12625,80.25,heavy intensity rain
Bormes les Mimosas,Maison Gaou Bénat Piscine Vue mer,"7 Sent. des Écureuils, 83230 Bormes-les-Mimosas, France",8.6,6,https://www.booking.com/hotel/fr/maison-piscine-vue-mer.fr.html,"L’hébergement Maison Gaou Bénat Piscine Vue mer se trouve à Bormes-les-Mimosas, à respectivement 1,4 km et 38 km de ces lieux d’intérêt : Plage du Gaou et...",43.101616,6.3497585,87a31398-1e5b-47b8-a529-b79013bd384a,43.1506968,6.3419285,2025-09-14,19.57125,2.55875,64.5,overcast clouds
Bormes les Mimosas,Maison Gaou Bénat Piscine Vue mer,"7 Sent. des Écureuils, 83230 Bormes-les-Mimosas, France",8.6,6,https://www.booking.com/hotel/fr/maison-piscine-vue-mer.fr.html,"L’hébergement Maison Gaou Bénat Piscine Vue mer se trouve à Bormes-les-Mimosas, à respectivement 1,4 km et 38 km de ces lieux d’intérêt : Plage du Gaou et...",43.101616,6.3497585,87a31398-1e5b-47b8-a529-b79013bd384a,43.1506968,6.3419285,2025-09-15,19.632,2.014,74.0,clear sky
Bormes les Mimosas,Superbe T4 -Vue Mer- Tout Confort Refait à Neuf!,"10 Rue des Lentisques, 83230 Bormes-les-Mimosas, France",9.4,39,https://www.booking.com/hotel/fr/superbe-t4-vue-mer-tout-confort-refait-a-neuf.fr.html,"Situé à Bormes-les-Mimosas, l’hébergement Superbe T4 -Vue Mer- Tout Confort Refait à Neuf! offre une vue sur la ville.",43.1448805,6.3533245,87a31398-1e5b-47b8-a529-b79013bd384a,43.1506968,6.3419285,2025-09-11,21.27375,7.55,47.875,clear sky
Bormes les Mimosas,Superbe T4 -Vue Mer- Tout Confort Refait à Neuf!,"10 Rue des Lentisques, 83230 Bormes-les-Mimosas, France",9.4,39,https://www.booking.com/hotel/fr/superbe-t4-vue-mer-tout-confort-refait-a-neuf.fr.html,"Situé à Bormes-les-Mimosas, l’hébergement Superbe T4 -Vue Mer- Tout Confort Refait à Neuf! offre une vue sur la ville.",43.1448805,6.3533245,87a31398-1e5b-47b8-a529-b79013bd384a,43.1506968,6.3419285,2025-09-12,22.07125,6.5675,49.625,clear sky
Bormes les Mimosas,Superbe T4 -Vue Mer- Tout Confort Refait à Neuf!,"10 Rue des Lentisques, 83230 Bormes-les-Mimosas, France",9.4,39,https://www.booking.com/hotel/fr/superbe-t4-vue-mer-tout-confort-refait-a-neuf.fr.html,"Situé à Bormes-les-Mimosas, l’hébergement Superbe T4 -Vue Mer- Tout Confort Refait à Neuf! offre une vue sur la ville.",43.1448805,6.3533245,87a31398-1e5b-47b8-a529-b79013bd384a,43.1506968,6.3419285,2025-09-13,18.02125,2.12625,80.25,heavy intensity rain
Bormes les Mimosas,Superbe T4 -Vue Mer- Tout Confort Refait à Neuf!,"10 Rue des Lentisques, 83230 Bormes-les-Mimosas, France",9.4,39,https://www.booking.com/hotel/fr/superbe-t4-vue-mer-tout-confort-refait-a-neuf.fr.html,"Situé à Bormes-les-Mimosas, l’hébergement Superbe T4 -Vue Mer- Tout Confort Refait à Neuf! offre une vue sur la ville.",43.1448805,6.3533245,87a31398-1e5b-47b8-a529-b79013bd384a,43.1506968,6.3419285,2025-09-14,19.57125,2.55875,64.5,overcast clouds
Bormes les Mimosas,Superbe T4 -Vue Mer- Tout Confort Refait à Neuf!,"10 Rue des Lentisques, 83230 Bormes-les-Mimosas, France",9.4,39,https://www.booking.com/hotel/fr/superbe-t4-vue-mer-tout-confort-refait-a-neuf.fr.html,"Situé à Bormes-les-Mimosas, l’hébergement Superbe T4 -Vue Mer- Tout Confort Refait à Neuf! offre une vue sur la ville.",43.1448805,6.3533245,87a31398-1e5b-47b8-a529-b79013bd384a,43.1506968,6.3419285,2025-09-15,19.632,2.014,74.0,clear sky
Bormes les Mimosas,Le Mirage,"38, Rue De La Vue Des Iles, 83230 Bormes-les-Mimosas, France",9.2,513,https://www.booking.com/hotel/fr/le-domaine-du-mirage.fr.html,"L'hôtel Le Mirage est niché au cœur d'un lieu reposant, un équilibre parfait entre mer et nature, pour vous offrir une expérience inoubliable tout au long...",43.1445686,6.3516842,87a31398-1e5b-47b8-a529-b79013bd384a,43.1506968,6.3419285,2025-09-10,23.07333333333333,8.483333333333333,56.333333333333336,few clouds
Bormes les Mimosas,Le Mirage,"38, Rue De La Vue Des Iles, 83230 Bormes-les-Mimosas, France",9.2,513,https://www.booking.com/hotel/fr/le-domaine-du-mirage.fr.html,"L'hôtel Le Mirage est niché au cœur d'un lieu reposant, un équilibre parfait entre mer et nature, pour vous offrir une expérience inoubliable tout au long...",43.1445686,6.3516842,87a31398-1e5b-47b8-a529-b79013bd384a,43.1506968,6.3419285,2025-09-11,21.27375,7.55,47.875,clear sky
Bormes les Mimosas,Le Mirage,"38, Rue De La Vue Des Iles, 83230 Bormes-les-Mimosas, France",9.2,513,https://www.booking.com/hotel/fr/le-domaine-du-mirage.fr.html,"L'hôtel Le Mirage est niché au cœur d'un lieu reposant, un équilibre parfait entre mer et nature, pour vous offrir une expérience inoubliable tout au long...",43.1445686,6.3516842,87a31398-1e5b-47b8-a529-b79013bd384a,43.1506968,6.3419285,2025-09-12,22.07125,6.5675,49.625,clear sky
Bormes les Mimosas,Le Mirage,"38, Rue De La Vue Des Iles, 83230 Bormes-les-Mimosas, France",9.2,513,https://www.booking.com/hotel/fr/le-domaine-du-mirage.fr.html,"L'hôtel Le Mirage est niché au cœur d'un lieu reposant, un équilibre parfait entre mer et nature, pour vous offrir une expérience inoubliable tout au long...",43.1445686,6.3516842,87a31398-1e5b-47b8-a529-b79013bd384a,43.1506968,6.3419285,2025-09-13,18.02125,2.12625,80.25,heavy intensity rain
Bormes les Mimosas,Le Mirage,"38, Rue De La Vue Des Iles, 83230 Bormes-les-Mimosas, France",9.2,513,https://www.booking.com/hotel/fr/le-domaine-du-mirage.fr.html,"L'hôtel Le Mirage est niché au cœur d'un lieu reposant, un équilibre parfait entre mer et nature, pour vous offrir une expérience inoubliable tout au long...",43.1445686,6.3516842,87a31398-1e5b-47b8-a529-b79013bd384a,43.1506968,6.3419285,2025-09-14,19.57125,2.55875,64.5,overcast clouds
Bormes les Mimosas,Le Mirage,"38, Rue De La Vue Des Iles, 83230 Bormes-les-Mimosas, France",9.2,513,https://www.booking.com/hotel/fr/le-domaine-du-mirage.fr.html,"L'hôtel Le Mirage est niché au cœur d'un lieu reposant, un équilibre parfait entre mer et nature, pour vous offrir une expérience inoubliable tout au long...",43.1445686,6.3516842,87a31398-1e5b-47b8-a529-b79013bd384a,43.1506968,6.3419285,2025-09-15,19.632,2.014,74.0,clear sky
Bormes les Mimosas,Hotel La Voile,"165 Avenue Des Girelles - La Favière, 83230 Bormes-les-Mimosas, France",8.6,738,https://www.booking.com/hotel/fr/hotel-la-voile-fr.fr.html,"L'Hotel La Voile est idéalement situé à seulement 400 mètres des plages et du port de Bormes, dans un environnement calme et paisible à proximité du...",43.12549,6.3573,87a31398-1e5b-47b8-a529-b79013bd384a,43.1506968,6.3419285,2025-09-10,23.07333333333333,8.483333333333333,56.333333333333336,few clouds
Bormes les Mimosas,Hotel La Voile,"165 Avenue Des Girelles - La Favière, 83230 Bormes-les-Mimosas, France",8.6,738,https://www.booking.com/hotel/fr/hotel-la-voile-fr.fr.html,"L'Hotel La Voile est idéalement situé à seulement 400 mètres des plages et du port de Bormes, dans un environnement calme et paisible à proximité du...",43.12549,6.3573,87a31398-1e5b-47b8-a529-b79013bd384a,43.1506968,6.3419285,2025-09-11,21.27375,7.55,47.875,clear sky
Bormes les Mimosas,Hotel La Voile,"165 Avenue Des Girelles - La Favière, 83230 Bormes-les-Mimosas, France",8.6,738,https://www.booking.com/hotel/fr/hotel-la-voile-fr.fr.html,"L'Hotel La Voile est idéalement situé à seulement 400 mètres des plages et du port de Bormes, dans un environnement calme et paisible à proximité du...",43.12549,6.3573,87a31398-1e5b-47b8-a529-b79013bd384a,43.1506968,6.3419285,2025-09-12,22.07125,6.5675,49.625,clear sky
Bormes les Mimosas,Hotel La Voile,"165 Avenue Des Girelles - La Favière, 83230 Bormes-les-Mimosas, France",8.6,738,https://www.booking.com/hotel/fr/hotel-la-voile-fr.fr.html,"L'Hotel La Voile est idéalement situé à seulement 400 mètres des plages et du port de Bormes, dans un environnement calme et paisible à proximité du...",43.12549,6.3573,87a31398-1e5b-47b8-a529-b79013bd384a,43.1506968,6.3419285,2025-09-13,18.02125,2.12625,80.25,heavy intensity rain
Bormes les Mimosas,Hotel La Voile,"165 Avenue Des Girelles - La Favière, 83230 Bormes-les-Mimosas, France",8.6,738,https://www.booking.com/hotel/fr/hotel-la-voile-fr.fr.html,"L'Hotel La Voile est idéalement situé à seulement 400 mètres des plages et du port de Bormes, dans un environnement calme et paisible à proximité du...",43.12549,6.3573,87a31398-1e5b-47b8-a529-b79013bd384a,43.1506968,6.3419285,2025-09-14,19.57125,2.55875,64.5,overcast clouds
Bormes les Mimosas,Hotel La Voile,"165 Avenue Des Girelles - La Favière, 83230 Bormes-les-Mimosas, France",8.6,738,https://www.booking.com/hotel/fr/hotel-la-voile-fr.fr.html,"L'Hotel La Voile est idéalement situé à seulement 400 mètres des plages et du port de Bormes, dans un environnement calme et paisible à proximité du...",43.12549,6.3573,87a31398-1e5b-47b8-a529-b79013bd384a,43.1506968,6.3419285,2025-09-15,19.632,2.014,74.0,clear sky
Bormes les Mimosas,Eden Rose Grand Hotel BW Premier Collection,"167 Route Du Baguier, 83230 Bormes-les-Mimosas, France",8.8,294,https://www.booking.com/hotel/fr/eden-rose-grand-bw-premier-collection.fr.html,"L’établissement Eden Rose Grand Hotel BW Premier Collection se situe à Bormes-les-Mimosas, à 29 km de ce lieu d’intérêt : Chateau de Grimaud.",43.152872,6.342654,87a31398-1e5b-47b8-a529-b79013bd384a,43.1506968,6.3419285,2025-09-10,23.07333333333333,8.483333333333333,56.333333333333336,few clouds
Bormes les Mimosas,Eden Rose Grand Hotel BW Premier Collection,"167 Route Du Baguier, 83230 Bormes-les-Mimosas, France",8.8,294,https://www.booking.com/hotel/fr/eden-rose-grand-bw-premier-collection.fr.html,"L’établissement Eden Rose Grand Hotel BW Premier Collection se situe à Bormes-les-Mimosas, à 29 km de ce lieu d’intérêt : Chateau de Grimaud.",43.152872,6.342654,87a31398-1e5b-47b8-a529-b79013bd384a,43.1506968,6.3419285,2025-09-11,21.27375,7.55,47.875,clear sky
Bormes les Mimosas,Eden Rose Grand Hotel BW Premier Collection,"167 Route Du Baguier, 83230 Bormes-les-Mimosas, France",8.8,294,https://www.booking.com/hotel/fr/eden-rose-grand-bw-premier-collection.fr.html,"L’établissement Eden Rose Grand Hotel BW Premier Collection se situe à Bormes-les-Mimosas, à 29 km de ce lieu d’intérêt : Chateau de Grimaud.",43.152872,6.342654,87a31398-1e5b-47b8-a529-b79013bd384a,43.1506968,6.3419285,2025-09-12,22.07125,6.5675,49.625,clear sky
Bormes les Mimosas,Eden Rose Grand Hotel BW Premier Collection,"167 Route Du Baguier, 83230 Bormes-les-Mimosas, France",8.8,294,https://www.booking.com/hotel/fr/eden-rose-grand-bw-premier-collection.fr.html,"L’établissement Eden Rose Grand Hotel BW Premier Collection se situe à Bormes-les-Mimosas, à 29 km de ce lieu d’intérêt : Chateau de Grimaud.",43.152872,6.342654,87a31398-1e5b-47b8-a529-b79013bd384a,43.1506968,6.3419285,2025-09-13,18.02125,2.12625,80.25,heavy intensity rain
Bormes les Mimosas,Eden Rose Grand Hotel BW Premier Collection,"167 Route Du Baguier, 83230 Bormes-les-Mimosas, France",8.8,294,https://www.booking.com/hotel/fr/eden-rose-grand-bw-premier-collection.fr.html,"L’établissement Eden Rose Grand Hotel BW Premier Collection se situe à Bormes-les-Mimosas, à 29 km de ce lieu d’intérêt : Chateau de Grimaud.",43.152872,6.342654,87a31398-1e5b-47b8-a529-b79013bd384a,43.1506968,6.3419285,2025-09-14,19.57125,2.55875,64.5,overcast clouds
Bormes les Mimosas,Eden Rose Grand Hotel BW Premier Collection,"167 Route Du Baguier, 83230 Bormes-les-Mimosas, France",8.8,294,https://www.booking.com/hotel/fr/eden-rose-grand-bw-premier-collection.fr.html,"L’établissement Eden Rose Grand Hotel BW Premier Collection se situe à Bormes-les-Mimosas, à 29 km de ce lieu d’intérêt : Chateau de Grimaud.",43.152872,6.342654,87a31398-1e5b-47b8-a529-b79013bd384a,43.1506968,6.3419285,2025-09-15,19.632,2.014,74.0,clear sky
Bormes les Mimosas,Bel appartement classé 3 étoiles,"100 Boulevard du Mont des Roses, 83230 Bormes-les-Mimosas, France",9.7,40,https://www.booking.com/hotel/fr/joli-2-pieces-avec-parking-gratuit-sur-place.fr.html,"L’hébergement 3 étoiles Bel appartement classé 3 étoiles se situe à Bormes-les-Mimosas, dans la région Provence-Alpes-Côte d'Azur.",43.1439829,6.337272,87a31398-1e5b-47b8-a529-b79013bd384a,43.1506968,6.3419285,2025-09-10,23.07333333333333,8.483333333333333,56.333333333333336,few clouds
Bormes les Mimosas,Bel appartement classé 3 étoiles,"100 Boulevard du Mont des Roses, 83230 Bormes-les-Mimosas, France",9.7,40,https://www.booking.com/hotel/fr/joli-2-pieces-avec-parking-gratuit-sur-place.fr.html,"L’hébergement 3 étoiles Bel appartement classé 3 étoiles se situe à Bormes-les-Mimosas, dans la région Provence-Alpes-Côte d'Azur.",43.1439829,6.337272,87a31398-1e5b-47b8-a529-b79013bd384a,43.1506968,6.3419285,2025-09-11,21.27375,7.55,47.875,clear sky
Bormes les Mimosas,Bel appartement classé 3 étoiles,"100 Boulevard du Mont des Roses, 83230 Bormes-les-Mimosas, France",9.7,40,https://www.booking.com/hotel/fr/joli-2-pieces-avec-parking-gratuit-sur-place.fr.html,"L’hébergement 3 étoiles Bel appartement classé 3 étoiles se situe à Bormes-les-Mimosas, dans la région Provence-Alpes-Côte d'Azur.",43.1439829,6.337272,87a31398-1e5b-47b8-a529-b79013bd384a,43.1506968,6.3419285,2025-09-12,22.07125,6.5675,49.625,clear sky
Bormes les Mimosas,Bel appartement classé 3 étoiles,"100 Boulevard du Mont des Roses, 83230 Bormes-les-Mimosas, France",9.7,40,https://www.booking.com/hotel/fr/joli-2-pieces-avec-parking-gratuit-sur-place.fr.html,"L’hébergement 3 étoiles Bel appartement classé 3 étoiles se situe à Bormes-les-Mimosas, dans la région Provence-Alpes-Côte d'Azur.",43.1439829,6.337272,87a31398-1e5b-47b8-a529-b79013bd384a,43.1506968,6.3419285,2025-09-13,18.02125,2.12625,80.25,heavy intensity rain
Bormes les Mimosas,Bel appartement classé 3 étoiles,"100 Boulevard du Mont des Roses, 83230 Bormes-les-Mimosas, France",9.7,40,https://www.booking.com/hotel/fr/joli-2-pieces-avec-parking-gratuit-sur-place.fr.html,"L’hébergement 3 étoiles Bel appartement classé 3 étoiles se situe à Bormes-les-Mimosas, dans la région Provence-Alpes-Côte d'Azur.",43.1439829,6.337272,87a31398-1e5b-47b8-a529-b79013bd384a,43.1506968,6.3419285,2025-09-14,19.57125,2.55875,64.5,overcast clouds
Bormes les Mimosas,Bel appartement classé 3 étoiles,"100 Boulevard du Mont des Roses, 83230 Bormes-les-Mimosas, France",9.7,40,https://www.booking.com/hotel/fr/joli-2-pieces-avec-parking-gratuit-sur-place.fr.html,"L’hébergement 3 étoiles Bel appartement classé 3 étoiles se situe à Bormes-les-Mimosas, dans la région Provence-Alpes-Côte d'Azur.",43.1439829,6.337272,87a31398-1e5b-47b8-a529-b79013bd384a,43.1506968,6.3419285,2025-09-15,19.632,2.014,74.0,clear sky
Cassis,HPC Suites - Cassis Centre - Parking Gratuit & Piscine Chauffée,"10 Avenue Augustin Isnard, 13260 Cassis, France",9.1,832,https://www.booking.com/hotel/fr/hpc-suites.fr.html,"Doté d’une piscine extérieure commune avec terrasse et vue sur la mer, le HPC Suites - Cassis Centre - Parking Gratuit & Piscine Chauffée est situé dans un...",43.2164402,5.5417457,df334f74-b750-4c4a-90ff-b550bdf7915e,43.2140359,5.5396318,2025-09-10,22.376666666666665,7.853333333333333,58.66666666666666,broken clouds
Cassis,HPC Suites - Cassis Centre - Parking Gratuit & Piscine Chauffée,"10 Avenue Augustin Isnard, 13260 Cassis, France",9.1,832,https://www.booking.com/hotel/fr/hpc-suites.fr.html,"Doté d’une piscine extérieure commune avec terrasse et vue sur la mer, le HPC Suites - Cassis Centre - Parking Gratuit & Piscine Chauffée est situé dans un...",43.2164402,5.5417457,df334f74-b750-4c4a-90ff-b550bdf7915e,43.2140359,5.5396318,2025-09-11,20.41125,9.91,55.75,clear sky
Cassis,HPC Suites - Cassis Centre - Parking Gratuit & Piscine Chauffée,"10 Avenue Augustin Isnard, 13260 Cassis, France",9.1,832,https://www.booking.com/hotel/fr/hpc-suites.fr.html,"Doté d’une piscine extérieure commune avec terrasse et vue sur la mer, le HPC Suites - Cassis Centre - Parking Gratuit & Piscine Chauffée est situé dans un...",43.2164402,5.5417457,df334f74-b750-4c4a-90ff-b550bdf7915e,43.2140359,5.5396318,2025-09-12,21.52125,6.685,57.375,clear sky
Cassis,HPC Suites - Cassis Centre - Parking Gratuit & Piscine Chauffée,"10 Avenue Augustin Isnard, 13260 Cassis, France",9.1,832,https://www.booking.com/hotel/fr/hpc-suites.fr.html,"Doté d’une piscine extérieure commune avec terrasse et vue sur la mer, le HPC Suites - Cassis Centre - Parking Gratuit & Piscine Chauffée est situé dans un...",43.2164402,5.5417457,df334f74-b750-4c4a-90ff-b550bdf7915e,43.2140359,5.5396318,2025-09-13,19.38875,2.1425,81.125,broken clouds
Cassis,HPC Suites - Cassis Centre - Parking Gratuit & Piscine Chauffée,"10 Avenue Augustin Isnard, 13260 Cassis, France",9.1,832,https://www.booking.com/hotel/fr/hpc-suites.fr.html,"Doté d’une piscine extérieure commune avec terrasse et vue sur la mer, le HPC Suites - Cassis Centre - Parking Gratuit & Piscine Chauffée est situé dans un...",43.2164402,5.5417457,df334f74-b750-4c4a-90ff-b550bdf7915e,43.2140359,5.5396318,2025-09-14,20.51625,6.025,61.5,clear sky
Cassis,HPC Suites - Cassis Centre - Parking Gratuit & Piscine Chauffée,"10 Avenue Augustin Isnard, 13260 Cassis, France",9.1,832,https://www.booking.com/hotel/fr/hpc-suites.fr.html,"Doté d’une piscine extérieure commune avec terrasse et vue sur la mer, le HPC Suites - Cassis Centre - Parking Gratuit & Piscine Chauffée est situé dans un...",43.2164402,5.5417457,df334f74-b750-4c4a-90ff-b550bdf7915e,43.2140359,5.5396318,2025-09-15,21.1,1.818,55.0,few clouds
Cassis,AU BORD DE L'EAU Studio climatisé avec Terrasse et vue mer à 40m de la plage,"Le calendal 2 Avenue des Calanques, 13260 Cassis, France",9.2,66,https://www.booking.com/hotel/fr/location-au-bord-de-l-eau-cassis.fr.html,"L’hébergement AU BORD DE L'EAU Studio climatisé avec Terrasse et vue mer à 40m de la plage se situe à Cassis, à respectivement quelques pas et 20 km de ces...",43.2127069,5.5302556,df334f74-b750-4c4a-90ff-b550bdf7915e,43.2140359,5.5396318,2025-09-10,22.376666666666665,7.853333333333333,58.66666666666666,broken clouds
Cassis,AU BORD DE L'EAU Studio climatisé avec Terrasse et vue mer à 40m de la plage,"Le calendal 2 Avenue des Calanques, 13260 Cassis, France",9.2,66,https://www.booking.com/hotel/fr/location-au-bord-de-l-eau-cassis.fr.html,"L’hébergement AU BORD DE L'EAU Studio climatisé avec Terrasse et vue mer à 40m de la plage se situe à Cassis, à respectivement quelques pas et 20 km de ces...",43.2127069,5.5302556,df334f74-b750-4c4a-90ff-b550bdf7915e,43.2140359,5.5396318,2025-09-11,20.41125,9.91,55.75,clear sky
Cassis,AU BORD DE L'EAU Studio climatisé avec Terrasse et vue mer à 40m de la plage,"Le calendal 2 Avenue des Calanques, 13260 Cassis, France",9.2,66,https://www.booking.com/hotel/fr/location-au-bord-de-l-eau-cassis.fr.html,"L’hébergement AU BORD DE L'EAU Studio climatisé avec Terrasse et vue mer à 40m de la plage se situe à Cassis, à respectivement quelques pas et 20 km de ces...",43.2127069,5.5302556,df334f74-b750-4c4a-90ff-b550bdf7915e,43.2140359,5.5396318,2025-09-12,21.52125,6.685,57.375,clear sky
Cassis,AU BORD DE L'EAU Studio climatisé avec Terrasse et vue mer à 40m de la plage,"Le calendal 2 Avenue des Calanques, 13260 Cassis, France",9.2,66,https://www.booking.com/hotel/fr/location-au-bord-de-l-eau-cassis.fr.html,"L’hébergement AU BORD DE L'EAU Studio climatisé avec Terrasse et vue mer à 40m de la plage se situe à Cassis, à respectivement quelques pas et 20 km de ces...",43.2127069,5.5302556,df334f74-b750-4c4a-90ff-b550bdf7915e,43.2140359,5.5396318,2025-09-13,19.38875,2.1425,81.125,broken clouds
Cassis,AU BORD DE L'EAU Studio climatisé avec Terrasse et vue mer à 40m de la plage,"Le calendal 2 Avenue des Calanques, 13260 Cassis, France",9.2,66,https://www.booking.com/hotel/fr/location-au-bord-de-l-eau-cassis.fr.html,"L’hébergement AU BORD DE L'EAU Studio climatisé avec Terrasse et vue mer à 40m de la plage se situe à Cassis, à respectivement quelques pas et 20 km de ces...",43.2127069,5.5302556,df334f74-b750-4c4a-90ff-b550bdf7915e,43.2140359,5.5396318,2025-09-14,20.51625,6.025,61.5,clear sky
Cassis,AU BORD DE L'EAU Studio climatisé avec Terrasse et vue mer à 40m de la plage,"Le calendal 2 Avenue des Calanques, 13260 Cassis, France",9.2,66,https://www.booking.com/hotel/fr/location-au-bord-de-l-eau-cassis.fr.html,"L’hébergement AU BORD DE L'EAU Studio climatisé avec Terrasse et vue mer à 40m de la plage se situe à Cassis, à respectivement quelques pas et 20 km de ces...",43.2127069,5.5302556,df334f74-b750-4c4a-90ff-b550bdf7915e,43.2140359,5.5396318,2025-09-15,21.1,1.818,55.0,few clouds
Cassis,"Les Barques, Vue splendide sur le port de Cassis","Avenue de l'Amiral Ganteaume, 13260 Cassis, France",9.2,25,https://www.booking.com/hotel/fr/appartement-avec-terrasse-sur-le-port-pieds-dans-l-eau.fr.html,"Offrant une vue sur la mer, l’hébergement Les Barques, Vue splendide sur le port de Cassis vous accueille à Cassis, à respectivement 700 mètres et 20 km de...",43.21425,5.5343831,df334f74-b750-4c4a-90ff-b550bdf7915e,43.2140359,5.5396318,2025-09-10,22.376666666666665,7.853333333333333,58.66666666666666,broken clouds
Cassis,"Les Barques, Vue splendide sur le port de Cassis","Avenue de l'Amiral Ganteaume, 13260 Cassis, France",9.2,25,https://www.booking.com/hotel/fr/appartement-avec-terrasse-sur-le-port-pieds-dans-l-eau.fr.html,"Offrant une vue sur la mer, l’hébergement Les Barques, Vue splendide sur le port de Cassis vous accueille à Cassis, à respectivement 700 mètres et 20 km de...",43.21425,5.5343831,df334f74-b750-4c4a-90ff-b550bdf7915e,43.2140359,5.5396318,2025-09-11,20.41125,9.91,55.75,clear sky
Cassis,"Les Barques, Vue splendide sur le port de Cassis","Avenue de l'Amiral Ganteaume, 13260 Cassis, France",9.2,25,https://www.booking.com/hotel/fr/appartement-avec-terrasse-sur-le-port-pieds-dans-l-eau.fr.html,"Offrant une vue sur la mer, l’hébergement Les Barques, Vue splendide sur le port de Cassis vous accueille à Cassis, à respectivement 700 mètres et 20 km de...",43.21425,5.5343831,df334f74-b750-4c4a-90ff-b550bdf7915e,43.2140359,5.5396318,2025-09-12,21.52125,6.685,57.375,clear sky
Cassis,"Les Barques, Vue splendide sur le port de Cassis","Avenue de l'Amiral Ganteaume, 13260 Cassis, France",9.2,25,https://www.booking.com/hotel/fr/appartement-avec-terrasse-sur-le-port-pieds-dans-l-eau.fr.html,"Offrant une vue sur la mer, l’hébergement Les Barques, Vue splendide sur le port de Cassis vous accueille à Cassis, à respectivement 700 mètres et 20 km de...",43.21425,5.5343831,df334f74-b750-4c4a-90ff-b550bdf7915e,43.2140359,5.5396318,2025-09-13,19.38875,2.1425,81.125,broken clouds
Cassis,Hotel Le Golfe,"3, Place Grand Carnot, 13260 Cassis, France",8.2,1924,https://www.booking.com/hotel/fr/le-golfe-cassis.fr.html,"Situé dans le port de pêche de Cassis, l'Hôtel Le Golfe vous accueille à seulement 400 mètres de la plage de sable.",43.2144344,5.5352949,df334f74-b750-4c4a-90ff-b550bdf7915e,43.2140359,5.5396318,2025-09-12,21.52125,6.685,57.375,clear sky
Cassis,"Les Barques, Vue splendide sur le port de Cassis","Avenue de l'Amiral Ganteaume, 13260 Cassis, France",9.2,25,https://www.booking.com/hotel/fr/appartement-avec-terrasse-sur-le-port-pieds-dans-l-eau.fr.html,"Offrant une vue sur la mer, l’hébergement Les Barques, Vue splendide sur le port de Cassis vous accueille à Cassis, à respectivement 700 mètres et 20 km de...",43.21425,5.5343831,df334f74-b750-4c4a-90ff-b550bdf7915e,43.2140359,5.5396318,2025-09-14,20.51625,6.025,61.5,clear sky
Cassis,"Les Barques, Vue splendide sur le port de Cassis","Avenue de l'Amiral Ganteaume, 13260 Cassis, France",9.2,25,https://www.booking.com/hotel/fr/appartement-avec-terrasse-sur-le-port-pieds-dans-l-eau.fr.html,"Offrant une vue sur la mer, l’hébergement Les Barques, Vue splendide sur le port de Cassis vous accueille à Cassis, à respectivement 700 mètres et 20 km de...",43.21425,5.5343831,df334f74-b750-4c4a-90ff-b550bdf7915e,43.2140359,5.5396318,2025-09-15,21.1,1.818,55.0,few clouds
Cassis,La petite cigale by K6conciergerie,"2 eme 24 Avenue Victor Hugo, 13260 Cassis, France",9.0,41,https://www.booking.com/hotel/fr/la-petite-cigale-by-k6conciergerie.fr.html,"L’hébergement La petite cigale by K6conciergerie se trouve à Cassis, à respectivement 300 mètres, 19 km et 20 km de ces lieux d’intérêt : Plage de la...",43.2146968,5.539761,df334f74-b750-4c4a-90ff-b550bdf7915e,43.2140359,5.5396318,2025-09-10,22.376666666666665,7.853333333333333,58.66666666666666,broken clouds
Cassis,La petite cigale by K6conciergerie,"2 eme 24 Avenue Victor Hugo, 13260 Cassis, France",9.0,41,https://www.booking.com/hotel/fr/la-petite-cigale-by-k6conciergerie.fr.html,"L’hébergement La petite cigale by K6conciergerie se trouve à Cassis, à respectivement 300 mètres, 19 km et 20 km de ces lieux d’intérêt : Plage de la...",43.2146968,5.539761,df334f74-b750-4c4a-90ff-b550bdf7915e,43.2140359,5.5396318,2025-09-11,20.41125,9.91,55.75,clear sky
Cassis,La petite cigale by K6conciergerie,"2 eme 24 Avenue Victor Hugo, 13260 Cassis, France",9.0,41,https://www.booking.com/hotel/fr/la-petite-cigale-by-k6conciergerie.fr.html,"L’hébergement La petite cigale by K6conciergerie se trouve à Cassis, à respectivement 300 mètres, 19 km et 20 km de ces lieux d’intérêt : Plage de la...",43.2146968,5.539761,df334f74-b750-4c4a-90ff-b550bdf7915e,43.2140359,5.5396318,2025-09-12,21.52125,6.685,57.375,clear sky
Cassis,La petite cigale by K6conciergerie,"2 eme 24 Avenue Victor Hugo, 13260 Cassis, France",9.0,41,https://www.booking.com/hotel/fr/la-petite-cigale-by-k6conciergerie.fr.html,"L’hébergement La petite cigale by K6conciergerie se trouve à Cassis, à respectivement 300 mètres, 19 km et 20 km de ces lieux d’intérêt : Plage de la...",43.2146968,5.539761,df334f74-b750-4c4a-90ff-b550bdf7915e,43.2140359,5.5396318,2025-09-13,19.38875,2.1425,81.125,broken clouds
Cassis,La petite cigale by K6conciergerie,"2 eme 24 Avenue Victor Hugo, 13260 Cassis, France",9.0,41,https://www.booking.com/hotel/fr/la-petite-cigale-by-k6conciergerie.fr.html,"L’hébergement La petite cigale by K6conciergerie se trouve à Cassis, à respectivement 300 mètres, 19 km et 20 km de ces lieux d’intérêt : Plage de la...",43.2146968,5.539761,df334f74-b750-4c4a-90ff-b550bdf7915e,43.2140359,5.5396318,2025-09-14,20.51625,6.025,61.5,clear sky
Cassis,La petite cigale by K6conciergerie,"2 eme 24 Avenue Victor Hugo, 13260 Cassis, France",9.0,41,https://www.booking.com/hotel/fr/la-petite-cigale-by-k6conciergerie.fr.html,"L’hébergement La petite cigale by K6conciergerie se trouve à Cassis, à respectivement 300 mètres, 19 km et 20 km de ces lieux d’intérêt : Plage de la...",43.2146968,5.539761,df334f74-b750-4c4a-90ff-b550bdf7915e,43.2140359,5.5396318,2025-09-15,21.1,1.818,55.0,few clouds
Cassis,Les Jardins de Cassis - Parking Gratuit & Piscine Chauffée,"Avenue Auguste Favier, 13260 Cassis, France",8.0,1757,https://www.booking.com/hotel/fr/les-jardins-de-cassis.fr.html,"Situé dans un jardin de style méditerranéen doté d’une piscine extérieure chauffée et pourvu d’un espace détente avec un jacuzzi et un sauna, l’hôtel Les...",43.2218405,5.5433849,df334f74-b750-4c4a-90ff-b550bdf7915e,43.2140359,5.5396318,2025-09-10,22.376666666666665,7.853333333333333,58.66666666666666,broken clouds
Cassis,Les Jardins de Cassis - Parking Gratuit & Piscine Chauffée,"Avenue Auguste Favier, 13260 Cassis, France",8.0,1757,https://www.booking.com/hotel/fr/les-jardins-de-cassis.fr.html,"Situé dans un jardin de style méditerranéen doté d’une piscine extérieure chauffée et pourvu d’un espace détente avec un jacuzzi et un sauna, l’hôtel Les...",43.2218405,5.5433849,df334f74-b750-4c4a-90ff-b550bdf7915e,43.2140359,5.5396318,2025-09-11,20.41125,9.91,55.75,clear sky
Cassis,Les Jardins de Cassis - Parking Gratuit & Piscine Chauffée,"Avenue Auguste Favier, 13260 Cassis, France",8.0,1757,https://www.booking.com/hotel/fr/les-jardins-de-cassis.fr.html,"Situé dans un jardin de style méditerranéen doté d’une piscine extérieure chauffée et pourvu d’un espace détente avec un jacuzzi et un sauna, l’hôtel Les...",43.2218405,5.5433849,df334f74-b750-4c4a-90ff-b550bdf7915e,43.2140359,5.5396318,2025-09-12,21.52125,6.685,57.375,clear sky
Cassis,Les Jardins de Cassis - Parking Gratuit & Piscine Chauffée,"Avenue Auguste Favier, 13260 Cassis, France",8.0,1757,https://www.booking.com/hotel/fr/les-jardins-de-cassis.fr.html,"Situé dans un jardin de style méditerranéen doté d’une piscine extérieure chauffée et pourvu d’un espace détente avec un jacuzzi et un sauna, l’hôtel Les...",43.2218405,5.5433849,df334f74-b750-4c4a-90ff-b550bdf7915e,43.2140359,5.5396318,2025-09-13,19.38875,2.1425,81.125,broken clouds
Cassis,Les Jardins de Cassis - Parking Gratuit & Piscine Chauffée,"Avenue Auguste Favier, 13260 Cassis, France",8.0,1757,https://www.booking.com/hotel/fr/les-jardins-de-cassis.fr.html,"Situé dans un jardin de style méditerranéen doté d’une piscine extérieure chauffée et pourvu d’un espace détente avec un jacuzzi et un sauna, l’hôtel Les...",43.2218405,5.5433849,df334f74-b750-4c4a-90ff-b550bdf7915e,43.2140359,5.5396318,2025-09-14,20.51625,6.025,61.5,clear sky
Cassis,Les Jardins de Cassis - Parking Gratuit & Piscine Chauffée,"Avenue Auguste Favier, 13260 Cassis, France",8.0,1757,https://www.booking.com/hotel/fr/les-jardins-de-cassis.fr.html,"Situé dans un jardin de style méditerranéen doté d’une piscine extérieure chauffée et pourvu d’un espace détente avec un jacuzzi et un sauna, l’hôtel Les...",43.2218405,5.5433849,df334f74-b750-4c4a-90ff-b550bdf7915e,43.2140359,5.5396318,2025-09-15,21.1,1.818,55.0,few clouds
Cassis,"Le Ptit Paradis d'Emma - Grand T3, Parking, Terrasse","6 Avenue de Provence, 13260 Cassis, France",9.3,9,https://www.booking.com/hotel/fr/le-ptit-paradis-d-emma-grand-t3-parking-terrasse.fr.html,"Offrant une vue sur le jardin, l’hébergement Le Ptit Paradis d'Emma - Grand T3, Parking, Terrasse comprend une terrasse et un balcon, à environ 19 km de ce...",43.2153309,5.544774,df334f74-b750-4c4a-90ff-b550bdf7915e,43.2140359,5.5396318,2025-09-10,22.376666666666665,7.853333333333333,58.66666666666666,broken clouds
Cassis,"Le Ptit Paradis d'Emma - Grand T3, Parking, Terrasse","6 Avenue de Provence, 13260 Cassis, France",9.3,9,https://www.booking.com/hotel/fr/le-ptit-paradis-d-emma-grand-t3-parking-terrasse.fr.html,"Offrant une vue sur le jardin, l’hébergement Le Ptit Paradis d'Emma - Grand T3, Parking, Terrasse comprend une terrasse et un balcon, à environ 19 km de ce...",43.2153309,5.544774,df334f74-b750-4c4a-90ff-b550bdf7915e,43.2140359,5.5396318,2025-09-11,20.41125,9.91,55.75,clear sky
Cassis,"Le Ptit Paradis d'Emma - Grand T3, Parking, Terrasse","6 Avenue de Provence, 13260 Cassis, France",9.3,9,https://www.booking.com/hotel/fr/le-ptit-paradis-d-emma-grand-t3-parking-terrasse.fr.html,"Offrant une vue sur le jardin, l’hébergement Le Ptit Paradis d'Emma - Grand T3, Parking, Terrasse comprend une terrasse et un balcon, à environ 19 km de ce...",43.2153309,5.544774,df334f74-b750-4c4a-90ff-b550bdf7915e,43.2140359,5.5396318,2025-09-12,21.52125,6.685,57.375,clear sky
Cassis,"Le Ptit Paradis d'Emma - Grand T3, Parking, Terrasse","6 Avenue de Provence, 13260 Cassis, France",9.3,9,https://www.booking.com/hotel/fr/le-ptit-paradis-d-emma-grand-t3-parking-terrasse.fr.html,"Offrant une vue sur le jardin, l’hébergement Le Ptit Paradis d'Emma - Grand T3, Parking, Terrasse comprend une terrasse et un balcon, à environ 19 km de ce...",43.2153309,5.544774,df334f74-b750-4c4a-90ff-b550bdf7915e,43.2140359,5.5396318,2025-09-13,19.38875,2.1425,81.125,broken clouds
Cassis,"Le Ptit Paradis d'Emma - Grand T3, Parking, Terrasse","6 Avenue de Provence, 13260 Cassis, France",9.3,9,https://www.booking.com/hotel/fr/le-ptit-paradis-d-emma-grand-t3-parking-terrasse.fr.html,"Offrant une vue sur le jardin, l’hébergement Le Ptit Paradis d'Emma - Grand T3, Parking, Terrasse comprend une terrasse et un balcon, à environ 19 km de ce...",43.2153309,5.544774,df334f74-b750-4c4a-90ff-b550bdf7915e,43.2140359,5.5396318,2025-09-14,20.51625,6.025,61.5,clear sky
Cassis,"Le Ptit Paradis d'Emma - Grand T3, Parking, Terrasse","6 Avenue de Provence, 13260 Cassis, France",9.3,9,https://www.booking.com/hotel/fr/le-ptit-paradis-d-emma-grand-t3-parking-terrasse.fr.html,"Offrant une vue sur le jardin, l’hébergement Le Ptit Paradis d'Emma - Grand T3, Parking, Terrasse comprend une terrasse et un balcon, à environ 19 km de ce...",43.2153309,5.544774,df334f74-b750-4c4a-90ff-b550bdf7915e,43.2140359,5.5396318,2025-09-15,21.1,1.818,55.0,few clouds
Cassis,Immersione - Clim - Terrasse Jardin - Centre ville,"3 Avenue Alphonse Daudet, 13260 Cassis, France",9.1,27,https://www.booking.com/hotel/fr/immersione-clim-terrasse-jardin-centre-ville.fr.html,"Offrant une vue sur la ville, l’hébergement Immersione - Clim - Terrasse Jardin - Centre ville propose un jardin et une terrasse, à environ 19 km de ce...",43.2172023,5.5359367,df334f74-b750-4c4a-90ff-b550bdf7915e,43.2140359,5.5396318,2025-09-10,22.376666666666665,7.853333333333333,58.66666666666666,broken clouds
Cassis,Immersione - Clim - Terrasse Jardin - Centre ville,"3 Avenue Alphonse Daudet, 13260 Cassis, France",9.1,27,https://www.booking.com/hotel/fr/immersione-clim-terrasse-jardin-centre-ville.fr.html,"Offrant une vue sur la ville, l’hébergement Immersione - Clim - Terrasse Jardin - Centre ville propose un jardin et une terrasse, à environ 19 km de ce...",43.2172023,5.5359367,df334f74-b750-4c4a-90ff-b550bdf7915e,43.2140359,5.5396318,2025-09-11,20.41125,9.91,55.75,clear sky
Cassis,Immersione - Clim - Terrasse Jardin - Centre ville,"3 Avenue Alphonse Daudet, 13260 Cassis, France",9.1,27,https://www.booking.com/hotel/fr/immersione-clim-terrasse-jardin-centre-ville.fr.html,"Offrant une vue sur la ville, l’hébergement Immersione - Clim - Terrasse Jardin - Centre ville propose un jardin et une terrasse, à environ 19 km de ce...",43.2172023,5.5359367,df334f74-b750-4c4a-90ff-b550bdf7915e,43.2140359,5.5396318,2025-09-12,21.52125,6.685,57.375,clear sky
Cassis,Immersione - Clim - Terrasse Jardin - Centre ville,"3 Avenue Alphonse Daudet, 13260 Cassis, France",9.1,27,https://www.booking.com/hotel/fr/immersione-clim-terrasse-jardin-centre-ville.fr.html,"Offrant une vue sur la ville, l’hébergement Immersione - Clim - Terrasse Jardin - Centre ville propose un jardin et une terrasse, à environ 19 km de ce...",43.2172023,5.5359367,df334f74-b750-4c4a-90ff-b550bdf7915e,43.2140359,5.5396318,2025-09-13,19.38875,2.1425,81.125,broken clouds
Cassis,Immersione - Clim - Terrasse Jardin - Centre ville,"3 Avenue Alphonse Daudet, 13260 Cassis, France",9.1,27,https://www.booking.com/hotel/fr/immersione-clim-terrasse-jardin-centre-ville.fr.html,"Offrant une vue sur la ville, l’hébergement Immersione - Clim - Terrasse Jardin - Centre ville propose un jardin et une terrasse, à environ 19 km de ce...",43.2172023,5.5359367,df334f74-b750-4c4a-90ff-b550bdf7915e,43.2140359,5.5396318,2025-09-14,20.51625,6.025,61.5,clear sky
Cassis,Immersione - Clim - Terrasse Jardin - Centre ville,"3 Avenue Alphonse Daudet, 13260 Cassis, France",9.1,27,https://www.booking.com/hotel/fr/immersione-clim-terrasse-jardin-centre-ville.fr.html,"Offrant une vue sur la ville, l’hébergement Immersione - Clim - Terrasse Jardin - Centre ville propose un jardin et une terrasse, à environ 19 km de ce...",43.2172023,5.5359367,df334f74-b750-4c4a-90ff-b550bdf7915e,43.2140359,5.5396318,2025-09-15,21.1,1.818,55.0,few clouds
Cassis,"Plein centre avec ""PARKING PRIVE"" Voitures électriques bienvenues","13 Rue Adolphe Thiers, 13260 Cassis, France",9.2,61,https://www.booking.com/hotel/fr/le-p-tit-canaille-plein-centre-avec-parking-prive.fr.html,"L’hébergement Plein centre avec ""PARKING PRIVE"" Voitures électriques bienvenues se trouve à Cassis, à respectivement 300 mètres, 19 km et 20 km de ces...",43.215051,5.5388335,df334f74-b750-4c4a-90ff-b550bdf7915e,43.2140359,5.5396318,2025-09-10,22.376666666666665,7.853333333333333,58.66666666666666,broken clouds
Cassis,"Plein centre avec ""PARKING PRIVE"" Voitures électriques bienvenues","13 Rue Adolphe Thiers, 13260 Cassis, France",9.2,61,https://www.booking.com/hotel/fr/le-p-tit-canaille-plein-centre-avec-parking-prive.fr.html,"L’hébergement Plein centre avec ""PARKING PRIVE"" Voitures électriques bienvenues se trouve à Cassis, à respectivement 300 mètres, 19 km et 20 km de ces...",43.215051,5.5388335,df334f74-b750-4c4a-90ff-b550bdf7915e,43.2140359,5.5396318,2025-09-11,20.41125,9.91,55.75,clear sky
Cassis,"Plein centre avec ""PARKING PRIVE"" Voitures électriques bienvenues","13 Rue Adolphe Thiers, 13260 Cassis, France",9.2,61,https://www.booking.com/hotel/fr/le-p-tit-canaille-plein-centre-avec-parking-prive.fr.html,"L’hébergement Plein centre avec ""PARKING PRIVE"" Voitures électriques bienvenues se trouve à Cassis, à respectivement 300 mètres, 19 km et 20 km de ces...",43.215051,5.5388335,df334f74-b750-4c4a-90ff-b550bdf7915e,43.2140359,5.5396318,2025-09-12,21.52125,6.685,57.375,clear sky
Cassis,"Plein centre avec ""PARKING PRIVE"" Voitures électriques bienvenues","13 Rue Adolphe Thiers, 13260 Cassis, France",9.2,61,https://www.booking.com/hotel/fr/le-p-tit-canaille-plein-centre-avec-parking-prive.fr.html,"L’hébergement Plein centre avec ""PARKING PRIVE"" Voitures électriques bienvenues se trouve à Cassis, à respectivement 300 mètres, 19 km et 20 km de ces...",43.215051,5.5388335,df334f74-b750-4c4a-90ff-b550bdf7915e,43.2140359,5.5396318,2025-09-13,19.38875,2.1425,81.125,broken clouds
Cassis,"Plein centre avec ""PARKING PRIVE"" Voitures électriques bienvenues","13 Rue Adolphe Thiers, 13260 Cassis, France",9.2,61,https://www.booking.com/hotel/fr/le-p-tit-canaille-plein-centre-avec-parking-prive.fr.html,"L’hébergement Plein centre avec ""PARKING PRIVE"" Voitures électriques bienvenues se trouve à Cassis, à respectivement 300 mètres, 19 km et 20 km de ces...",43.215051,5.5388335,df334f74-b750-4c4a-90ff-b550bdf7915e,43.2140359,5.5396318,2025-09-14,20.51625,6.025,61.5,clear sky
Cassis,"Plein centre avec ""PARKING PRIVE"" Voitures électriques bienvenues","13 Rue Adolphe Thiers, 13260 Cassis, France",9.2,61,https://www.booking.com/hotel/fr/le-p-tit-canaille-plein-centre-avec-parking-prive.fr.html,"L’hébergement Plein centre avec ""PARKING PRIVE"" Voitures électriques bienvenues se trouve à Cassis, à respectivement 300 mètres, 19 km et 20 km de ces...",43.215051,5.5388335,df334f74-b750-4c4a-90ff-b550bdf7915e,43.2140359,5.5396318,2025-09-15,21.1,1.818,55.0,few clouds
Cassis,Best Western Hotel & SPA Coeur De Cassis,"2, rue Pierre Eydin, 13260 Cassis, France",8.6,1743,https://www.booking.com/hotel/fr/du-grand-jardin.fr.html,"Le Best Western Hotel & SPA Coeur De Cassis vous accueille dans le centre-ville de Cassis, à 200 mètres du port et 300 mètres de la plage.",43.2145733,5.540147,df334f74-b750-4c4a-90ff-b550bdf7915e,43.2140359,5.5396318,2025-09-10,22.376666666666665,7.853333333333333,58.66666666666666,broken clouds
Cassis,Best Western Hotel & SPA Coeur De Cassis,"2, rue Pierre Eydin, 13260 Cassis, France",8.6,1743,https://www.booking.com/hotel/fr/du-grand-jardin.fr.html,"Le Best Western Hotel & SPA Coeur De Cassis vous accueille dans le centre-ville de Cassis, à 200 mètres du port et 300 mètres de la plage.",43.2145733,5.540147,df334f74-b750-4c4a-90ff-b550bdf7915e,43.2140359,5.5396318,2025-09-11,20.41125,9.91,55.75,clear sky
Cassis,Best Western Hotel & SPA Coeur De Cassis,"2, rue Pierre Eydin, 13260 Cassis, France",8.6,1743,https://www.booking.com/hotel/fr/du-grand-jardin.fr.html,"Le Best Western Hotel & SPA Coeur De Cassis vous accueille dans le centre-ville de Cassis, à 200 mètres du port et 300 mètres de la plage.",43.2145733,5.540147,df334f74-b750-4c4a-90ff-b550bdf7915e,43.2140359,5.5396318,2025-09-12,21.52125,6.685,57.375,clear sky
Cassis,Best Western Hotel & SPA Coeur De Cassis,"2, rue Pierre Eydin, 13260 Cassis, France",8.6,1743,https://www.booking.com/hotel/fr/du-grand-jardin.fr.html,"Le Best Western Hotel & SPA Coeur De Cassis vous accueille dans le centre-ville de Cassis, à 200 mètres du port et 300 mètres de la plage.",43.2145733,5.540147,df334f74-b750-4c4a-90ff-b550bdf7915e,43.2140359,5.5396318,2025-09-13,19.38875,2.1425,81.125,broken clouds
Cassis,Best Western Hotel & SPA Coeur De Cassis,"2, rue Pierre Eydin, 13260 Cassis, France",8.6,1743,https://www.booking.com/hotel/fr/du-grand-jardin.fr.html,"Le Best Western Hotel & SPA Coeur De Cassis vous accueille dans le centre-ville de Cassis, à 200 mètres du port et 300 mètres de la plage.",43.2145733,5.540147,df334f74-b750-4c4a-90ff-b550bdf7915e,43.2140359,5.5396318,2025-09-14,20.51625,6.025,61.5,clear sky
Cassis,Best Western Hotel & SPA Coeur De Cassis,"2, rue Pierre Eydin, 13260 Cassis, France",8.6,1743,https://www.booking.com/hotel/fr/du-grand-jardin.fr.html,"Le Best Western Hotel & SPA Coeur De Cassis vous accueille dans le centre-ville de Cassis, à 200 mètres du port et 300 mètres de la plage.",43.2145733,5.540147,df334f74-b750-4c4a-90ff-b550bdf7915e,43.2140359,5.5396318,2025-09-15,21.1,1.818,55.0,few clouds
Cassis,"Magnifique Appartement à Cassis,Parking,2 pas du Port","19 Avenue de la Viguerie, 13260 Cassis, France",9.4,62,https://www.booking.com/hotel/fr/magnifique-appartement-cassis-pres-du-port.fr.html,"L’hébergement Magnifique Appartement à Cassis, Parking,2 pas du Port vous accueille à Cassis, à 500 mètres de ce lieu d’intérêt : Plage de la Grande Mer.",43.216323,5.536496,df334f74-b750-4c4a-90ff-b550bdf7915e,43.2140359,5.5396318,2025-09-10,22.376666666666665,7.853333333333333,58.66666666666666,broken clouds
Cassis,"Magnifique Appartement à Cassis,Parking,2 pas du Port","19 Avenue de la Viguerie, 13260 Cassis, France",9.4,62,https://www.booking.com/hotel/fr/magnifique-appartement-cassis-pres-du-port.fr.html,"L’hébergement Magnifique Appartement à Cassis, Parking,2 pas du Port vous accueille à Cassis, à 500 mètres de ce lieu d’intérêt : Plage de la Grande Mer.",43.216323,5.536496,df334f74-b750-4c4a-90ff-b550bdf7915e,43.2140359,5.5396318,2025-09-11,20.41125,9.91,55.75,clear sky
Cassis,"Magnifique Appartement à Cassis,Parking,2 pas du Port","19 Avenue de la Viguerie, 13260 Cassis, France",9.4,62,https://www.booking.com/hotel/fr/magnifique-appartement-cassis-pres-du-port.fr.html,"L’hébergement Magnifique Appartement à Cassis, Parking,2 pas du Port vous accueille à Cassis, à 500 mètres de ce lieu d’intérêt : Plage de la Grande Mer.",43.216323,5.536496,df334f74-b750-4c4a-90ff-b550bdf7915e,43.2140359,5.5396318,2025-09-12,21.52125,6.685,57.375,clear sky
Cassis,"Magnifique Appartement à Cassis,Parking,2 pas du Port","19 Avenue de la Viguerie, 13260 Cassis, France",9.4,62,https://www.booking.com/hotel/fr/magnifique-appartement-cassis-pres-du-port.fr.html,"L’hébergement Magnifique Appartement à Cassis, Parking,2 pas du Port vous accueille à Cassis, à 500 mètres de ce lieu d’intérêt : Plage de la Grande Mer.",43.216323,5.536496,df334f74-b750-4c4a-90ff-b550bdf7915e,43.2140359,5.5396318,2025-09-13,19.38875,2.1425,81.125,broken clouds
Cassis,"Magnifique Appartement à Cassis,Parking,2 pas du Port","19 Avenue de la Viguerie, 13260 Cassis, France",9.4,62,https://www.booking.com/hotel/fr/magnifique-appartement-cassis-pres-du-port.fr.html,"L’hébergement Magnifique Appartement à Cassis, Parking,2 pas du Port vous accueille à Cassis, à 500 mètres de ce lieu d’intérêt : Plage de la Grande Mer.",43.216323,5.536496,df334f74-b750-4c4a-90ff-b550bdf7915e,43.2140359,5.5396318,2025-09-14,20.51625,6.025,61.5,clear sky
Cassis,"Magnifique Appartement à Cassis,Parking,2 pas du Port","19 Avenue de la Viguerie, 13260 Cassis, France",9.4,62,https://www.booking.com/hotel/fr/magnifique-appartement-cassis-pres-du-port.fr.html,"L’hébergement Magnifique Appartement à Cassis, Parking,2 pas du Port vous accueille à Cassis, à 500 mètres de ce lieu d’intérêt : Plage de la Grande Mer.",43.216323,5.536496,df334f74-b750-4c4a-90ff-b550bdf7915e,43.2140359,5.5396318,2025-09-15,21.1,1.818,55.0,few clouds
Cassis,Hotel Le Golfe,"3, Place Grand Carnot, 13260 Cassis, France",8.2,1924,https://www.booking.com/hotel/fr/le-golfe-cassis.fr.html,"Situé dans le port de pêche de Cassis, l'Hôtel Le Golfe vous accueille à seulement 400 mètres de la plage de sable.",43.2144344,5.5352949,df334f74-b750-4c4a-90ff-b550bdf7915e,43.2140359,5.5396318,2025-09-10,22.376666666666665,7.853333333333333,58.66666666666666,broken clouds
Cassis,Hotel Le Golfe,"3, Place Grand Carnot, 13260 Cassis, France",8.2,1924,https://www.booking.com/hotel/fr/le-golfe-cassis.fr.html,"Situé dans le port de pêche de Cassis, l'Hôtel Le Golfe vous accueille à seulement 400 mètres de la plage de sable.",43.2144344,5.5352949,df334f74-b750-4c4a-90ff-b550bdf7915e,43.2140359,5.5396318,2025-09-11,20.41125,9.91,55.75,clear sky
Cassis,Hotel Le Golfe,"3, Place Grand Carnot, 13260 Cassis, France",8.2,1924,https://www.booking.com/hotel/fr/le-golfe-cassis.fr.html,"Situé dans le port de pêche de Cassis, l'Hôtel Le Golfe vous accueille à seulement 400 mètres de la plage de sable.",43.2144344,5.5352949,df334f74-b750-4c4a-90ff-b550bdf7915e,43.2140359,5.5396318,2025-09-13,19.38875,2.1425,81.125,broken clouds
Cassis,Hotel Le Golfe,"3, Place Grand Carnot, 13260 Cassis, France",8.2,1924,https://www.booking.com/hotel/fr/le-golfe-cassis.fr.html,"Situé dans le port de pêche de Cassis, l'Hôtel Le Golfe vous accueille à seulement 400 mètres de la plage de sable.",43.2144344,5.5352949,df334f74-b750-4c4a-90ff-b550bdf7915e,43.2140359,5.5396318,2025-09-14,20.51625,6.025,61.5,clear sky
Cassis,Hotel Le Golfe,"3, Place Grand Carnot, 13260 Cassis, France",8.2,1924,https://www.booking.com/hotel/fr/le-golfe-cassis.fr.html,"Situé dans le port de pêche de Cassis, l'Hôtel Le Golfe vous accueille à seulement 400 mètres de la plage de sable.",43.2144344,5.5352949,df334f74-b750-4c4a-90ff-b550bdf7915e,43.2140359,5.5396318,2025-09-15,21.1,1.818,55.0,few clouds
Cassis,Hôtel Liautaud Rooftop Cassis,"2 avenue victor hugo, 13260 Cassis, France",8.7,344,https://www.booking.com/hotel/fr/liautaud.fr.html,L’Hôtel Liautaud Rooftop Cassis propose des chambres climatisées dans le centre de Cassis. Une connexion Wi-Fi est disponible gratuitement.,43.21403,5.53859,df334f74-b750-4c4a-90ff-b550bdf7915e,43.2140359,5.5396318,2025-09-10,22.376666666666665,7.853333333333333,58.66666666666666,broken clouds
Cassis,Hôtel Liautaud Rooftop Cassis,"2 avenue victor hugo, 13260 Cassis, France",8.7,344,https://www.booking.com/hotel/fr/liautaud.fr.html,L’Hôtel Liautaud Rooftop Cassis propose des chambres climatisées dans le centre de Cassis. Une connexion Wi-Fi est disponible gratuitement.,43.21403,5.53859,df334f74-b750-4c4a-90ff-b550bdf7915e,43.2140359,5.5396318,2025-09-11,20.41125,9.91,55.75,clear sky
Cassis,Hôtel Liautaud Rooftop Cassis,"2 avenue victor hugo, 13260 Cassis, France",8.7,344,https://www.booking.com/hotel/fr/liautaud.fr.html,L’Hôtel Liautaud Rooftop Cassis propose des chambres climatisées dans le centre de Cassis. Une connexion Wi-Fi est disponible gratuitement.,43.21403,5.53859,df334f74-b750-4c4a-90ff-b550bdf7915e,43.2140359,5.5396318,2025-09-12,21.52125,6.685,57.375,clear sky
Cassis,Hôtel Liautaud Rooftop Cassis,"2 avenue victor hugo, 13260 Cassis, France",8.7,344,https://www.booking.com/hotel/fr/liautaud.fr.html,L’Hôtel Liautaud Rooftop Cassis propose des chambres climatisées dans le centre de Cassis. Une connexion Wi-Fi est disponible gratuitement.,43.21403,5.53859,df334f74-b750-4c4a-90ff-b550bdf7915e,43.2140359,5.5396318,2025-09-13,19.38875,2.1425,81.125,broken clouds
Cassis,Hôtel Liautaud Rooftop Cassis,"2 avenue victor hugo, 13260 Cassis, France",8.7,344,https://www.booking.com/hotel/fr/liautaud.fr.html,L’Hôtel Liautaud Rooftop Cassis propose des chambres climatisées dans le centre de Cassis. Une connexion Wi-Fi est disponible gratuitement.,43.21403,5.53859,df334f74-b750-4c4a-90ff-b550bdf7915e,43.2140359,5.5396318,2025-09-14,20.51625,6.025,61.5,clear sky
Cassis,Hôtel Liautaud Rooftop Cassis,"2 avenue victor hugo, 13260 Cassis, France",8.7,344,https://www.booking.com/hotel/fr/liautaud.fr.html,L’Hôtel Liautaud Rooftop Cassis propose des chambres climatisées dans le centre de Cassis. Une connexion Wi-Fi est disponible gratuitement.,43.21403,5.53859,df334f74-b750-4c4a-90ff-b550bdf7915e,43.2140359,5.5396318,2025-09-15,21.1,1.818,55.0,few clouds
Cassis,Best Western Plus Hôtel la Rade,"1, avenue des Dardanelles, 13260 Cassis, France",8.6,924,https://www.booking.com/hotel/fr/la-rade-cassis.fr.html,Le Best Western Plus Hôtel la Rade est situé à 14 mètres du port de pêche de Cassis et de la plage du Bestouan.,43.21523,5.5336969,df334f74-b750-4c4a-90ff-b550bdf7915e,43.2140359,5.5396318,2025-09-10,22.376666666666665,7.853333333333333,58.66666666666666,broken clouds
Cassis,Best Western Plus Hôtel la Rade,"1, avenue des Dardanelles, 13260 Cassis, France",8.6,924,https://www.booking.com/hotel/fr/la-rade-cassis.fr.html,Le Best Western Plus Hôtel la Rade est situé à 14 mètres du port de pêche de Cassis et de la plage du Bestouan.,43.21523,5.5336969,df334f74-b750-4c4a-90ff-b550bdf7915e,43.2140359,5.5396318,2025-09-11,20.41125,9.91,55.75,clear sky
Cassis,Best Western Plus Hôtel la Rade,"1, avenue des Dardanelles, 13260 Cassis, France",8.6,924,https://www.booking.com/hotel/fr/la-rade-cassis.fr.html,Le Best Western Plus Hôtel la Rade est situé à 14 mètres du port de pêche de Cassis et de la plage du Bestouan.,43.21523,5.5336969,df334f74-b750-4c4a-90ff-b550bdf7915e,43.2140359,5.5396318,2025-09-12,21.52125,6.685,57.375,clear sky
Cassis,Best Western Plus Hôtel la Rade,"1, avenue des Dardanelles, 13260 Cassis, France",8.6,924,https://www.booking.com/hotel/fr/la-rade-cassis.fr.html,Le Best Western Plus Hôtel la Rade est situé à 14 mètres du port de pêche de Cassis et de la plage du Bestouan.,43.21523,5.5336969,df334f74-b750-4c4a-90ff-b550bdf7915e,43.2140359,5.5396318,2025-09-13,19.38875,2.1425,81.125,broken clouds
Cassis,Best Western Plus Hôtel la Rade,"1, avenue des Dardanelles, 13260 Cassis, France",8.6,924,https://www.booking.com/hotel/fr/la-rade-cassis.fr.html,Le Best Western Plus Hôtel la Rade est situé à 14 mètres du port de pêche de Cassis et de la plage du Bestouan.,43.21523,5.5336969,df334f74-b750-4c4a-90ff-b550bdf7915e,43.2140359,5.5396318,2025-09-14,20.51625,6.025,61.5,clear sky
Cassis,Best Western Plus Hôtel la Rade,"1, avenue des Dardanelles, 13260 Cassis, France",8.6,924,https://www.booking.com/hotel/fr/la-rade-cassis.fr.html,Le Best Western Plus Hôtel la Rade est situé à 14 mètres du port de pêche de Cassis et de la plage du Bestouan.,43.21523,5.5336969,df334f74-b750-4c4a-90ff-b550bdf7915e,43.2140359,5.5396318,2025-09-15,21.1,1.818,55.0,few clouds
Cassis,L'ECHO DES FLOTS vue mer,"3bis Avenue des Calanques résidence le Week End, 13260 Cassis, France",9.0,22,https://www.booking.com/hotel/fr/echo-des-flots.fr.html,"Bénéficiant d’un emplacement en bord de mer, l’hébergement L'ECHO DES FLOTS vue mer vous accueille à Cassis, à respectivement quelques pas et 20 km de ces...",43.2119159,5.5309178,df334f74-b750-4c4a-90ff-b550bdf7915e,43.2140359,5.5396318,2025-09-10,22.376666666666665,7.853333333333333,58.66666666666666,broken clouds
Cassis,L'ECHO DES FLOTS vue mer,"3bis Avenue des Calanques résidence le Week End, 13260 Cassis, France",9.0,22,https://www.booking.com/hotel/fr/echo-des-flots.fr.html,"Bénéficiant d’un emplacement en bord de mer, l’hébergement L'ECHO DES FLOTS vue mer vous accueille à Cassis, à respectivement quelques pas et 20 km de ces...",43.2119159,5.5309178,df334f74-b750-4c4a-90ff-b550bdf7915e,43.2140359,5.5396318,2025-09-11,20.41125,9.91,55.75,clear sky
Cassis,Home Cassis - Maison Les Calanques - Piscine chauffée à 30c,"27 avenue des Calanques, 13260 Cassis, France",8.3,195,https://www.booking.com/hotel/fr/home-cassis.fr.html,"Situé à 1 km du port de Cassis, l'établissement Home Cassis est une résidence de 4 appartements, abritant une piscine commune.",43.2118324,5.5247015,df334f74-b750-4c4a-90ff-b550bdf7915e,43.2140359,5.5396318,2025-09-14,20.51625,6.025,61.5,clear sky
Cassis,L'ECHO DES FLOTS vue mer,"3bis Avenue des Calanques résidence le Week End, 13260 Cassis, France",9.0,22,https://www.booking.com/hotel/fr/echo-des-flots.fr.html,"Bénéficiant d’un emplacement en bord de mer, l’hébergement L'ECHO DES FLOTS vue mer vous accueille à Cassis, à respectivement quelques pas et 20 km de ces...",43.2119159,5.5309178,df334f74-b750-4c4a-90ff-b550bdf7915e,43.2140359,5.5396318,2025-09-12,21.52125,6.685,57.375,clear sky
Cassis,L'ECHO DES FLOTS vue mer,"3bis Avenue des Calanques résidence le Week End, 13260 Cassis, France",9.0,22,https://www.booking.com/hotel/fr/echo-des-flots.fr.html,"Bénéficiant d’un emplacement en bord de mer, l’hébergement L'ECHO DES FLOTS vue mer vous accueille à Cassis, à respectivement quelques pas et 20 km de ces...",43.2119159,5.5309178,df334f74-b750-4c4a-90ff-b550bdf7915e,43.2140359,5.5396318,2025-09-13,19.38875,2.1425,81.125,broken clouds
Cassis,L'ECHO DES FLOTS vue mer,"3bis Avenue des Calanques résidence le Week End, 13260 Cassis, France",9.0,22,https://www.booking.com/hotel/fr/echo-des-flots.fr.html,"Bénéficiant d’un emplacement en bord de mer, l’hébergement L'ECHO DES FLOTS vue mer vous accueille à Cassis, à respectivement quelques pas et 20 km de ces...",43.2119159,5.5309178,df334f74-b750-4c4a-90ff-b550bdf7915e,43.2140359,5.5396318,2025-09-14,20.51625,6.025,61.5,clear sky
Cassis,L'ECHO DES FLOTS vue mer,"3bis Avenue des Calanques résidence le Week End, 13260 Cassis, France",9.0,22,https://www.booking.com/hotel/fr/echo-des-flots.fr.html,"Bénéficiant d’un emplacement en bord de mer, l’hébergement L'ECHO DES FLOTS vue mer vous accueille à Cassis, à respectivement quelques pas et 20 km de ces...",43.2119159,5.5309178,df334f74-b750-4c4a-90ff-b550bdf7915e,43.2140359,5.5396318,2025-09-15,21.1,1.818,55.0,few clouds
Cassis,Cassis Ma Vie Là,"10 ter avenue Augustin Isnard, 13260 Cassis, France",9.1,246,https://www.booking.com/hotel/fr/cassis-ma-vie-la.fr.html,"Offrant une vue sur la mer, l’hébergement Cassis Ma Vie Là se trouve à Cassis, à respectivement 600 mètres et 19 km de ces lieux d’intérêt : Plage de la...",43.216905,5.541446,df334f74-b750-4c4a-90ff-b550bdf7915e,43.2140359,5.5396318,2025-09-10,22.376666666666665,7.853333333333333,58.66666666666666,broken clouds
Cassis,Cassis Ma Vie Là,"10 ter avenue Augustin Isnard, 13260 Cassis, France",9.1,246,https://www.booking.com/hotel/fr/cassis-ma-vie-la.fr.html,"Offrant une vue sur la mer, l’hébergement Cassis Ma Vie Là se trouve à Cassis, à respectivement 600 mètres et 19 km de ces lieux d’intérêt : Plage de la...",43.216905,5.541446,df334f74-b750-4c4a-90ff-b550bdf7915e,43.2140359,5.5396318,2025-09-11,20.41125,9.91,55.75,clear sky
Cassis,Cassis Ma Vie Là,"10 ter avenue Augustin Isnard, 13260 Cassis, France",9.1,246,https://www.booking.com/hotel/fr/cassis-ma-vie-la.fr.html,"Offrant une vue sur la mer, l’hébergement Cassis Ma Vie Là se trouve à Cassis, à respectivement 600 mètres et 19 km de ces lieux d’intérêt : Plage de la...",43.216905,5.541446,df334f74-b750-4c4a-90ff-b550bdf7915e,43.2140359,5.5396318,2025-09-12,21.52125,6.685,57.375,clear sky
Cassis,Cassis Ma Vie Là,"10 ter avenue Augustin Isnard, 13260 Cassis, France",9.1,246,https://www.booking.com/hotel/fr/cassis-ma-vie-la.fr.html,"Offrant une vue sur la mer, l’hébergement Cassis Ma Vie Là se trouve à Cassis, à respectivement 600 mètres et 19 km de ces lieux d’intérêt : Plage de la...",43.216905,5.541446,df334f74-b750-4c4a-90ff-b550bdf7915e,43.2140359,5.5396318,2025-09-13,19.38875,2.1425,81.125,broken clouds
Cassis,Cassis Ma Vie Là,"10 ter avenue Augustin Isnard, 13260 Cassis, France",9.1,246,https://www.booking.com/hotel/fr/cassis-ma-vie-la.fr.html,"Offrant une vue sur la mer, l’hébergement Cassis Ma Vie Là se trouve à Cassis, à respectivement 600 mètres et 19 km de ces lieux d’intérêt : Plage de la...",43.216905,5.541446,df334f74-b750-4c4a-90ff-b550bdf7915e,43.2140359,5.5396318,2025-09-14,20.51625,6.025,61.5,clear sky
Cassis,Cassis Ma Vie Là,"10 ter avenue Augustin Isnard, 13260 Cassis, France",9.1,246,https://www.booking.com/hotel/fr/cassis-ma-vie-la.fr.html,"Offrant une vue sur la mer, l’hébergement Cassis Ma Vie Là se trouve à Cassis, à respectivement 600 mètres et 19 km de ces lieux d’intérêt : Plage de la...",43.216905,5.541446,df334f74-b750-4c4a-90ff-b550bdf7915e,43.2140359,5.5396318,2025-09-15,21.1,1.818,55.0,few clouds
Cassis,La Demeure Insoupçonnée,"21 Montée de la Chapelle, 13260 Cassis, France",9.6,126,https://www.booking.com/hotel/fr/la-demeure-insoupconnee.fr.html,"Situé à Cassis, à seulement 10 minutes à pied du front de mer, l'établissement La Demeure Insoupçonnée propose un hébergement avec petit-déjeuner offrant...",43.2191999,5.5471365,df334f74-b750-4c4a-90ff-b550bdf7915e,43.2140359,5.5396318,2025-09-10,22.376666666666665,7.853333333333333,58.66666666666666,broken clouds
Cassis,La Demeure Insoupçonnée,"21 Montée de la Chapelle, 13260 Cassis, France",9.6,126,https://www.booking.com/hotel/fr/la-demeure-insoupconnee.fr.html,"Situé à Cassis, à seulement 10 minutes à pied du front de mer, l'établissement La Demeure Insoupçonnée propose un hébergement avec petit-déjeuner offrant...",43.2191999,5.5471365,df334f74-b750-4c4a-90ff-b550bdf7915e,43.2140359,5.5396318,2025-09-11,20.41125,9.91,55.75,clear sky
Cassis,La Demeure Insoupçonnée,"21 Montée de la Chapelle, 13260 Cassis, France",9.6,126,https://www.booking.com/hotel/fr/la-demeure-insoupconnee.fr.html,"Situé à Cassis, à seulement 10 minutes à pied du front de mer, l'établissement La Demeure Insoupçonnée propose un hébergement avec petit-déjeuner offrant...",43.2191999,5.5471365,df334f74-b750-4c4a-90ff-b550bdf7915e,43.2140359,5.5396318,2025-09-12,21.52125,6.685,57.375,clear sky
Cassis,La Demeure Insoupçonnée,"21 Montée de la Chapelle, 13260 Cassis, France",9.6,126,https://www.booking.com/hotel/fr/la-demeure-insoupconnee.fr.html,"Situé à Cassis, à seulement 10 minutes à pied du front de mer, l'établissement La Demeure Insoupçonnée propose un hébergement avec petit-déjeuner offrant...",43.2191999,5.5471365,df334f74-b750-4c4a-90ff-b550bdf7915e,43.2140359,5.5396318,2025-09-13,19.38875,2.1425,81.125,broken clouds
Cassis,La Demeure Insoupçonnée,"21 Montée de la Chapelle, 13260 Cassis, France",9.6,126,https://www.booking.com/hotel/fr/la-demeure-insoupconnee.fr.html,"Situé à Cassis, à seulement 10 minutes à pied du front de mer, l'établissement La Demeure Insoupçonnée propose un hébergement avec petit-déjeuner offrant...",43.2191999,5.5471365,df334f74-b750-4c4a-90ff-b550bdf7915e,43.2140359,5.5396318,2025-09-14,20.51625,6.025,61.5,clear sky
Cassis,La Demeure Insoupçonnée,"21 Montée de la Chapelle, 13260 Cassis, France",9.6,126,https://www.booking.com/hotel/fr/la-demeure-insoupconnee.fr.html,"Situé à Cassis, à seulement 10 minutes à pied du front de mer, l'établissement La Demeure Insoupçonnée propose un hébergement avec petit-déjeuner offrant...",43.2191999,5.5471365,df334f74-b750-4c4a-90ff-b550bdf7915e,43.2140359,5.5396318,2025-09-15,21.1,1.818,55.0,few clouds
Cassis,Chambre d'hôtes Clos du Petit Jésus,"4 Av. de Provence, 13260 Cassis, France",10.0,83,https://www.booking.com/hotel/fr/clos-du-petit-ja-c-sus.fr.html,"Situé à Cassis, à seulement 5 minutes à pied de la plage, le Clos du Petit Jésus propose une piscine extérieure, une terrasse privée et un espace de...",43.2152457,5.5446678,df334f74-b750-4c4a-90ff-b550bdf7915e,43.2140359,5.5396318,2025-09-10,22.376666666666665,7.853333333333333,58.66666666666666,broken clouds
Cassis,Chambre d'hôtes Clos du Petit Jésus,"4 Av. de Provence, 13260 Cassis, France",10.0,83,https://www.booking.com/hotel/fr/clos-du-petit-ja-c-sus.fr.html,"Situé à Cassis, à seulement 5 minutes à pied de la plage, le Clos du Petit Jésus propose une piscine extérieure, une terrasse privée et un espace de...",43.2152457,5.5446678,df334f74-b750-4c4a-90ff-b550bdf7915e,43.2140359,5.5396318,2025-09-11,20.41125,9.91,55.75,clear sky
Cassis,Chambre d'hôtes Clos du Petit Jésus,"4 Av. de Provence, 13260 Cassis, France",10.0,83,https://www.booking.com/hotel/fr/clos-du-petit-ja-c-sus.fr.html,"Situé à Cassis, à seulement 5 minutes à pied de la plage, le Clos du Petit Jésus propose une piscine extérieure, une terrasse privée et un espace de...",43.2152457,5.5446678,df334f74-b750-4c4a-90ff-b550bdf7915e,43.2140359,5.5396318,2025-09-12,21.52125,6.685,57.375,clear sky
Cassis,Chambre d'hôtes Clos du Petit Jésus,"4 Av. de Provence, 13260 Cassis, France",10.0,83,https://www.booking.com/hotel/fr/clos-du-petit-ja-c-sus.fr.html,"Situé à Cassis, à seulement 5 minutes à pied de la plage, le Clos du Petit Jésus propose une piscine extérieure, une terrasse privée et un espace de...",43.2152457,5.5446678,df334f74-b750-4c4a-90ff-b550bdf7915e,43.2140359,5.5396318,2025-09-13,19.38875,2.1425,81.125,broken clouds
Cassis,Chambre d'hôtes Clos du Petit Jésus,"4 Av. de Provence, 13260 Cassis, France",10.0,83,https://www.booking.com/hotel/fr/clos-du-petit-ja-c-sus.fr.html,"Situé à Cassis, à seulement 5 minutes à pied de la plage, le Clos du Petit Jésus propose une piscine extérieure, une terrasse privée et un espace de...",43.2152457,5.5446678,df334f74-b750-4c4a-90ff-b550bdf7915e,43.2140359,5.5396318,2025-09-14,20.51625,6.025,61.5,clear sky
Cassis,Chambre d'hôtes Clos du Petit Jésus,"4 Av. de Provence, 13260 Cassis, France",10.0,83,https://www.booking.com/hotel/fr/clos-du-petit-ja-c-sus.fr.html,"Situé à Cassis, à seulement 5 minutes à pied de la plage, le Clos du Petit Jésus propose une piscine extérieure, une terrasse privée et un espace de...",43.2152457,5.5446678,df334f74-b750-4c4a-90ff-b550bdf7915e,43.2140359,5.5396318,2025-09-15,21.1,1.818,55.0,few clouds
Cassis,Le Nani Raou par Dodo à Cassis,"7 Rue Michel Blanc, 13260 Cassis, France",9.0,23,https://www.booking.com/hotel/fr/le-calendal-par-dodo-a-cassis.fr.html,"L’hébergement Le Nani Raou par Dodo à Cassis se trouve à Cassis, à seulement 300 mètres de ce lieu d’intérêt : Plage de la Grande Mer.",43.2140179,5.5388665,df334f74-b750-4c4a-90ff-b550bdf7915e,43.2140359,5.5396318,2025-09-10,22.376666666666665,7.853333333333333,58.66666666666666,broken clouds
Cassis,Le Nani Raou par Dodo à Cassis,"7 Rue Michel Blanc, 13260 Cassis, France",9.0,23,https://www.booking.com/hotel/fr/le-calendal-par-dodo-a-cassis.fr.html,"L’hébergement Le Nani Raou par Dodo à Cassis se trouve à Cassis, à seulement 300 mètres de ce lieu d’intérêt : Plage de la Grande Mer.",43.2140179,5.5388665,df334f74-b750-4c4a-90ff-b550bdf7915e,43.2140359,5.5396318,2025-09-11,20.41125,9.91,55.75,clear sky
Cassis,Le Nani Raou par Dodo à Cassis,"7 Rue Michel Blanc, 13260 Cassis, France",9.0,23,https://www.booking.com/hotel/fr/le-calendal-par-dodo-a-cassis.fr.html,"L’hébergement Le Nani Raou par Dodo à Cassis se trouve à Cassis, à seulement 300 mètres de ce lieu d’intérêt : Plage de la Grande Mer.",43.2140179,5.5388665,df334f74-b750-4c4a-90ff-b550bdf7915e,43.2140359,5.5396318,2025-09-12,21.52125,6.685,57.375,clear sky
Cassis,Le Nani Raou par Dodo à Cassis,"7 Rue Michel Blanc, 13260 Cassis, France",9.0,23,https://www.booking.com/hotel/fr/le-calendal-par-dodo-a-cassis.fr.html,"L’hébergement Le Nani Raou par Dodo à Cassis se trouve à Cassis, à seulement 300 mètres de ce lieu d’intérêt : Plage de la Grande Mer.",43.2140179,5.5388665,df334f74-b750-4c4a-90ff-b550bdf7915e,43.2140359,5.5396318,2025-09-13,19.38875,2.1425,81.125,broken clouds
Cassis,Le Nani Raou par Dodo à Cassis,"7 Rue Michel Blanc, 13260 Cassis, France",9.0,23,https://www.booking.com/hotel/fr/le-calendal-par-dodo-a-cassis.fr.html,"L’hébergement Le Nani Raou par Dodo à Cassis se trouve à Cassis, à seulement 300 mètres de ce lieu d’intérêt : Plage de la Grande Mer.",43.2140179,5.5388665,df334f74-b750-4c4a-90ff-b550bdf7915e,43.2140359,5.5396318,2025-09-14,20.51625,6.025,61.5,clear sky
Cassis,Le Nani Raou par Dodo à Cassis,"7 Rue Michel Blanc, 13260 Cassis, France",9.0,23,https://www.booking.com/hotel/fr/le-calendal-par-dodo-a-cassis.fr.html,"L’hébergement Le Nani Raou par Dodo à Cassis se trouve à Cassis, à seulement 300 mètres de ce lieu d’intérêt : Plage de la Grande Mer.",43.2140179,5.5388665,df334f74-b750-4c4a-90ff-b550bdf7915e,43.2140359,5.5396318,2025-09-15,21.1,1.818,55.0,few clouds
Cassis,Home Cassis - Maison Les Calanques - Piscine chauffée à 30c,"27 avenue des Calanques, 13260 Cassis, France",8.3,195,https://www.booking.com/hotel/fr/home-cassis.fr.html,"Situé à 1 km du port de Cassis, l'établissement Home Cassis est une résidence de 4 appartements, abritant une piscine commune.",43.2118324,5.5247015,df334f74-b750-4c4a-90ff-b550bdf7915e,43.2140359,5.5396318,2025-09-10,22.376666666666665,7.853333333333333,58.66666666666666,broken clouds
Cassis,Home Cassis - Maison Les Calanques - Piscine chauffée à 30c,"27 avenue des Calanques, 13260 Cassis, France",8.3,195,https://www.booking.com/hotel/fr/home-cassis.fr.html,"Situé à 1 km du port de Cassis, l'établissement Home Cassis est une résidence de 4 appartements, abritant une piscine commune.",43.2118324,5.5247015,df334f74-b750-4c4a-90ff-b550bdf7915e,43.2140359,5.5396318,2025-09-11,20.41125,9.91,55.75,clear sky
Cassis,Home Cassis - Maison Les Calanques - Piscine chauffée à 30c,"27 avenue des Calanques, 13260 Cassis, France",8.3,195,https://www.booking.com/hotel/fr/home-cassis.fr.html,"Situé à 1 km du port de Cassis, l'établissement Home Cassis est une résidence de 4 appartements, abritant une piscine commune.",43.2118324,5.5247015,df334f74-b750-4c4a-90ff-b550bdf7915e,43.2140359,5.5396318,2025-09-12,21.52125,6.685,57.375,clear sky
Cassis,Home Cassis - Maison Les Calanques - Piscine chauffée à 30c,"27 avenue des Calanques, 13260 Cassis, France",8.3,195,https://www.booking.com/hotel/fr/home-cassis.fr.html,"Situé à 1 km du port de Cassis, l'établissement Home Cassis est une résidence de 4 appartements, abritant une piscine commune.",43.2118324,5.5247015,df334f74-b750-4c4a-90ff-b550bdf7915e,43.2140359,5.5396318,2025-09-13,19.38875,2.1425,81.125,broken clouds
Nimes,Margaret - Hôtel Chouleur,"6 Rue Fresque, 30000 Nîmes, France",9.1,490,https://www.booking.com/hotel/fr/margaret-chouleur.fr.html,L’établissement Margaret - Hôtel Chouleur bénéficie d’un emplacement idéal à Nîmes.,43.837117,4.357898,7e21bb9e-4fba-4a17-a50f-c05839b358be,43.8374249,4.3600687,2025-09-13,18.65875,2.26875,69.125,light rain
Cassis,Home Cassis - Maison Les Calanques - Piscine chauffée à 30c,"27 avenue des Calanques, 13260 Cassis, France",8.3,195,https://www.booking.com/hotel/fr/home-cassis.fr.html,"Situé à 1 km du port de Cassis, l'établissement Home Cassis est une résidence de 4 appartements, abritant une piscine commune.",43.2118324,5.5247015,df334f74-b750-4c4a-90ff-b550bdf7915e,43.2140359,5.5396318,2025-09-15,21.1,1.818,55.0,few clouds
Cassis,Appartement le Quai du Port Cassis parking clim,"24 Rue du Jeune Anacharsis, 13260 Cassis, France",9.2,138,https://www.booking.com/hotel/fr/appartement-le-quai-du-port-cassis-parking-clim.fr.html,"Offrant une vue sur la ville, l’hébergement Appartement le Quai du Port Cassis parking clim possède un casino et une terrasse, à environ 400 mètres de ce...",43.2148357,5.5360761,df334f74-b750-4c4a-90ff-b550bdf7915e,43.2140359,5.5396318,2025-09-10,22.376666666666665,7.853333333333333,58.66666666666666,broken clouds
Cassis,Appartement le Quai du Port Cassis parking clim,"24 Rue du Jeune Anacharsis, 13260 Cassis, France",9.2,138,https://www.booking.com/hotel/fr/appartement-le-quai-du-port-cassis-parking-clim.fr.html,"Offrant une vue sur la ville, l’hébergement Appartement le Quai du Port Cassis parking clim possède un casino et une terrasse, à environ 400 mètres de ce...",43.2148357,5.5360761,df334f74-b750-4c4a-90ff-b550bdf7915e,43.2140359,5.5396318,2025-09-11,20.41125,9.91,55.75,clear sky
Cassis,Appartement le Quai du Port Cassis parking clim,"24 Rue du Jeune Anacharsis, 13260 Cassis, France",9.2,138,https://www.booking.com/hotel/fr/appartement-le-quai-du-port-cassis-parking-clim.fr.html,"Offrant une vue sur la ville, l’hébergement Appartement le Quai du Port Cassis parking clim possède un casino et une terrasse, à environ 400 mètres de ce...",43.2148357,5.5360761,df334f74-b750-4c4a-90ff-b550bdf7915e,43.2140359,5.5396318,2025-09-12,21.52125,6.685,57.375,clear sky
Cassis,Appartement le Quai du Port Cassis parking clim,"24 Rue du Jeune Anacharsis, 13260 Cassis, France",9.2,138,https://www.booking.com/hotel/fr/appartement-le-quai-du-port-cassis-parking-clim.fr.html,"Offrant une vue sur la ville, l’hébergement Appartement le Quai du Port Cassis parking clim possède un casino et une terrasse, à environ 400 mètres de ce...",43.2148357,5.5360761,df334f74-b750-4c4a-90ff-b550bdf7915e,43.2140359,5.5396318,2025-09-13,19.38875,2.1425,81.125,broken clouds
Cassis,Appartement le Quai du Port Cassis parking clim,"24 Rue du Jeune Anacharsis, 13260 Cassis, France",9.2,138,https://www.booking.com/hotel/fr/appartement-le-quai-du-port-cassis-parking-clim.fr.html,"Offrant une vue sur la ville, l’hébergement Appartement le Quai du Port Cassis parking clim possède un casino et une terrasse, à environ 400 mètres de ce...",43.2148357,5.5360761,df334f74-b750-4c4a-90ff-b550bdf7915e,43.2140359,5.5396318,2025-09-14,20.51625,6.025,61.5,clear sky
Cassis,Appartement le Quai du Port Cassis parking clim,"24 Rue du Jeune Anacharsis, 13260 Cassis, France",9.2,138,https://www.booking.com/hotel/fr/appartement-le-quai-du-port-cassis-parking-clim.fr.html,"Offrant une vue sur la ville, l’hébergement Appartement le Quai du Port Cassis parking clim possède un casino et une terrasse, à environ 400 mètres de ce...",43.2148357,5.5360761,df334f74-b750-4c4a-90ff-b550bdf7915e,43.2140359,5.5396318,2025-09-15,21.1,1.818,55.0,few clouds
Cassis,Le Rooftop par Dodo-a-Cassis,"2 Rue Michel Arnaud, 13260 Cassis, France",8.5,14,https://www.booking.com/hotel/fr/le-cosyport.fr.html,"Offrant une vue sur la mer, l’hébergement Le Rooftop par Dodo-a-Cassis se trouve à Cassis, à respectivement 200 mètres et 20 km de ces lieux d’intérêt :...",43.2144579,5.5377789,df334f74-b750-4c4a-90ff-b550bdf7915e,43.2140359,5.5396318,2025-09-10,22.376666666666665,7.853333333333333,58.66666666666666,broken clouds
Cassis,Le Rooftop par Dodo-a-Cassis,"2 Rue Michel Arnaud, 13260 Cassis, France",8.5,14,https://www.booking.com/hotel/fr/le-cosyport.fr.html,"Offrant une vue sur la mer, l’hébergement Le Rooftop par Dodo-a-Cassis se trouve à Cassis, à respectivement 200 mètres et 20 km de ces lieux d’intérêt :...",43.2144579,5.5377789,df334f74-b750-4c4a-90ff-b550bdf7915e,43.2140359,5.5396318,2025-09-11,20.41125,9.91,55.75,clear sky
Cassis,Le Rooftop par Dodo-a-Cassis,"2 Rue Michel Arnaud, 13260 Cassis, France",8.5,14,https://www.booking.com/hotel/fr/le-cosyport.fr.html,"Offrant une vue sur la mer, l’hébergement Le Rooftop par Dodo-a-Cassis se trouve à Cassis, à respectivement 200 mètres et 20 km de ces lieux d’intérêt :...",43.2144579,5.5377789,df334f74-b750-4c4a-90ff-b550bdf7915e,43.2140359,5.5396318,2025-09-12,21.52125,6.685,57.375,clear sky
Cassis,Le Rooftop par Dodo-a-Cassis,"2 Rue Michel Arnaud, 13260 Cassis, France",8.5,14,https://www.booking.com/hotel/fr/le-cosyport.fr.html,"Offrant une vue sur la mer, l’hébergement Le Rooftop par Dodo-a-Cassis se trouve à Cassis, à respectivement 200 mètres et 20 km de ces lieux d’intérêt :...",43.2144579,5.5377789,df334f74-b750-4c4a-90ff-b550bdf7915e,43.2140359,5.5396318,2025-09-13,19.38875,2.1425,81.125,broken clouds
Cassis,Le Rooftop par Dodo-a-Cassis,"2 Rue Michel Arnaud, 13260 Cassis, France",8.5,14,https://www.booking.com/hotel/fr/le-cosyport.fr.html,"Offrant une vue sur la mer, l’hébergement Le Rooftop par Dodo-a-Cassis se trouve à Cassis, à respectivement 200 mètres et 20 km de ces lieux d’intérêt :...",43.2144579,5.5377789,df334f74-b750-4c4a-90ff-b550bdf7915e,43.2140359,5.5396318,2025-09-14,20.51625,6.025,61.5,clear sky
Cassis,Le Rooftop par Dodo-a-Cassis,"2 Rue Michel Arnaud, 13260 Cassis, France",8.5,14,https://www.booking.com/hotel/fr/le-cosyport.fr.html,"Offrant une vue sur la mer, l’hébergement Le Rooftop par Dodo-a-Cassis se trouve à Cassis, à respectivement 200 mètres et 20 km de ces lieux d’intérêt :...",43.2144579,5.5377789,df334f74-b750-4c4a-90ff-b550bdf7915e,43.2140359,5.5396318,2025-09-15,21.1,1.818,55.0,few clouds
Cassis,UNE TERRASSE SUR LA MER 3 pers 2 chambres VUE MER,"9 Avenue Maurice Jermini, 13260 Cassis, France",9.0,67,https://www.booking.com/hotel/fr/une-terrasse-sur-la-mer-cassis.fr.html,"L’hébergement en bord de mer UNE TERRASSE SUR LA MER 3 pers 2 chambres VUE MER se trouve à Cassis, à seulement 400 mètres de ce lieu d’intérêt : Plage du...",43.214072,5.5306218,df334f74-b750-4c4a-90ff-b550bdf7915e,43.2140359,5.5396318,2025-09-10,22.376666666666665,7.853333333333333,58.66666666666666,broken clouds
Cassis,UNE TERRASSE SUR LA MER 3 pers 2 chambres VUE MER,"9 Avenue Maurice Jermini, 13260 Cassis, France",9.0,67,https://www.booking.com/hotel/fr/une-terrasse-sur-la-mer-cassis.fr.html,"L’hébergement en bord de mer UNE TERRASSE SUR LA MER 3 pers 2 chambres VUE MER se trouve à Cassis, à seulement 400 mètres de ce lieu d’intérêt : Plage du...",43.214072,5.5306218,df334f74-b750-4c4a-90ff-b550bdf7915e,43.2140359,5.5396318,2025-09-11,20.41125,9.91,55.75,clear sky
Cassis,SunSet Cassis,"3 Boulevard Jean Jaurès, 13260 Cassis, France",9.5,50,https://www.booking.com/hotel/fr/sunset-cassis.fr.html,"Situé à Cassis, l’hébergement SunSet Cassis offre une vue sur la ville. Il propose un jardin, une terrasse et une connexion Wi-Fi gratuite.",43.215456,5.535734,df334f74-b750-4c4a-90ff-b550bdf7915e,43.2140359,5.5396318,2025-09-11,20.41125,9.91,55.75,clear sky
Cassis,UNE TERRASSE SUR LA MER 3 pers 2 chambres VUE MER,"9 Avenue Maurice Jermini, 13260 Cassis, France",9.0,67,https://www.booking.com/hotel/fr/une-terrasse-sur-la-mer-cassis.fr.html,"L’hébergement en bord de mer UNE TERRASSE SUR LA MER 3 pers 2 chambres VUE MER se trouve à Cassis, à seulement 400 mètres de ce lieu d’intérêt : Plage du...",43.214072,5.5306218,df334f74-b750-4c4a-90ff-b550bdf7915e,43.2140359,5.5396318,2025-09-12,21.52125,6.685,57.375,clear sky
Cassis,UNE TERRASSE SUR LA MER 3 pers 2 chambres VUE MER,"9 Avenue Maurice Jermini, 13260 Cassis, France",9.0,67,https://www.booking.com/hotel/fr/une-terrasse-sur-la-mer-cassis.fr.html,"L’hébergement en bord de mer UNE TERRASSE SUR LA MER 3 pers 2 chambres VUE MER se trouve à Cassis, à seulement 400 mètres de ce lieu d’intérêt : Plage du...",43.214072,5.5306218,df334f74-b750-4c4a-90ff-b550bdf7915e,43.2140359,5.5396318,2025-09-13,19.38875,2.1425,81.125,broken clouds
Cassis,UNE TERRASSE SUR LA MER 3 pers 2 chambres VUE MER,"9 Avenue Maurice Jermini, 13260 Cassis, France",9.0,67,https://www.booking.com/hotel/fr/une-terrasse-sur-la-mer-cassis.fr.html,"L’hébergement en bord de mer UNE TERRASSE SUR LA MER 3 pers 2 chambres VUE MER se trouve à Cassis, à seulement 400 mètres de ce lieu d’intérêt : Plage du...",43.214072,5.5306218,df334f74-b750-4c4a-90ff-b550bdf7915e,43.2140359,5.5396318,2025-09-14,20.51625,6.025,61.5,clear sky
Cassis,UNE TERRASSE SUR LA MER 3 pers 2 chambres VUE MER,"9 Avenue Maurice Jermini, 13260 Cassis, France",9.0,67,https://www.booking.com/hotel/fr/une-terrasse-sur-la-mer-cassis.fr.html,"L’hébergement en bord de mer UNE TERRASSE SUR LA MER 3 pers 2 chambres VUE MER se trouve à Cassis, à seulement 400 mètres de ce lieu d’intérêt : Plage du...",43.214072,5.5306218,df334f74-b750-4c4a-90ff-b550bdf7915e,43.2140359,5.5396318,2025-09-15,21.1,1.818,55.0,few clouds
Cassis,FACE A LA MER,"Résidence Le Grand Large 9 Avenue Maurice Jermini, 13260 Cassis, France",8.9,42,https://www.booking.com/hotel/fr/face-a-la-mer-cassis.fr.html,"Situé à Cassis, l’hébergement FACE A LA MER offre une vue sur la mer. Il comprend une terrasse et une connexion Wi-Fi gratuite.",43.2142613,5.5306729,df334f74-b750-4c4a-90ff-b550bdf7915e,43.2140359,5.5396318,2025-09-10,22.376666666666665,7.853333333333333,58.66666666666666,broken clouds
Cassis,FACE A LA MER,"Résidence Le Grand Large 9 Avenue Maurice Jermini, 13260 Cassis, France",8.9,42,https://www.booking.com/hotel/fr/face-a-la-mer-cassis.fr.html,"Situé à Cassis, l’hébergement FACE A LA MER offre une vue sur la mer. Il comprend une terrasse et une connexion Wi-Fi gratuite.",43.2142613,5.5306729,df334f74-b750-4c4a-90ff-b550bdf7915e,43.2140359,5.5396318,2025-09-11,20.41125,9.91,55.75,clear sky
Cassis,FACE A LA MER,"Résidence Le Grand Large 9 Avenue Maurice Jermini, 13260 Cassis, France",8.9,42,https://www.booking.com/hotel/fr/face-a-la-mer-cassis.fr.html,"Situé à Cassis, l’hébergement FACE A LA MER offre une vue sur la mer. Il comprend une terrasse et une connexion Wi-Fi gratuite.",43.2142613,5.5306729,df334f74-b750-4c4a-90ff-b550bdf7915e,43.2140359,5.5396318,2025-09-12,21.52125,6.685,57.375,clear sky
Cassis,FACE A LA MER,"Résidence Le Grand Large 9 Avenue Maurice Jermini, 13260 Cassis, France",8.9,42,https://www.booking.com/hotel/fr/face-a-la-mer-cassis.fr.html,"Situé à Cassis, l’hébergement FACE A LA MER offre une vue sur la mer. Il comprend une terrasse et une connexion Wi-Fi gratuite.",43.2142613,5.5306729,df334f74-b750-4c4a-90ff-b550bdf7915e,43.2140359,5.5396318,2025-09-13,19.38875,2.1425,81.125,broken clouds
Cassis,FACE A LA MER,"Résidence Le Grand Large 9 Avenue Maurice Jermini, 13260 Cassis, France",8.9,42,https://www.booking.com/hotel/fr/face-a-la-mer-cassis.fr.html,"Situé à Cassis, l’hébergement FACE A LA MER offre une vue sur la mer. Il comprend une terrasse et une connexion Wi-Fi gratuite.",43.2142613,5.5306729,df334f74-b750-4c4a-90ff-b550bdf7915e,43.2140359,5.5396318,2025-09-14,20.51625,6.025,61.5,clear sky
Cassis,FACE A LA MER,"Résidence Le Grand Large 9 Avenue Maurice Jermini, 13260 Cassis, France",8.9,42,https://www.booking.com/hotel/fr/face-a-la-mer-cassis.fr.html,"Situé à Cassis, l’hébergement FACE A LA MER offre une vue sur la mer. Il comprend une terrasse et une connexion Wi-Fi gratuite.",43.2142613,5.5306729,df334f74-b750-4c4a-90ff-b550bdf7915e,43.2140359,5.5396318,2025-09-15,21.1,1.818,55.0,few clouds
Cassis,SunRise Cassis,"3 Boulevard Jean Jaures, 13260 Cassis, France",9.3,39,https://www.booking.com/hotel/fr/sunrise-cassis.fr.html,"Situé à Cassis, l’hébergement SunRise Cassis offre une vue sur la ville. Il comprend un jardin, une terrasse, un casino et une connexion Wi-Fi gratuite.",43.2152191,5.5356819,df334f74-b750-4c4a-90ff-b550bdf7915e,43.2140359,5.5396318,2025-09-10,22.376666666666665,7.853333333333333,58.66666666666666,broken clouds
Cassis,SunRise Cassis,"3 Boulevard Jean Jaures, 13260 Cassis, France",9.3,39,https://www.booking.com/hotel/fr/sunrise-cassis.fr.html,"Situé à Cassis, l’hébergement SunRise Cassis offre une vue sur la ville. Il comprend un jardin, une terrasse, un casino et une connexion Wi-Fi gratuite.",43.2152191,5.5356819,df334f74-b750-4c4a-90ff-b550bdf7915e,43.2140359,5.5396318,2025-09-11,20.41125,9.91,55.75,clear sky
Cassis,SunRise Cassis,"3 Boulevard Jean Jaures, 13260 Cassis, France",9.3,39,https://www.booking.com/hotel/fr/sunrise-cassis.fr.html,"Situé à Cassis, l’hébergement SunRise Cassis offre une vue sur la ville. Il comprend un jardin, une terrasse, un casino et une connexion Wi-Fi gratuite.",43.2152191,5.5356819,df334f74-b750-4c4a-90ff-b550bdf7915e,43.2140359,5.5396318,2025-09-12,21.52125,6.685,57.375,clear sky
Cassis,SunRise Cassis,"3 Boulevard Jean Jaures, 13260 Cassis, France",9.3,39,https://www.booking.com/hotel/fr/sunrise-cassis.fr.html,"Situé à Cassis, l’hébergement SunRise Cassis offre une vue sur la ville. Il comprend un jardin, une terrasse, un casino et une connexion Wi-Fi gratuite.",43.2152191,5.5356819,df334f74-b750-4c4a-90ff-b550bdf7915e,43.2140359,5.5396318,2025-09-13,19.38875,2.1425,81.125,broken clouds
Cassis,SunRise Cassis,"3 Boulevard Jean Jaures, 13260 Cassis, France",9.3,39,https://www.booking.com/hotel/fr/sunrise-cassis.fr.html,"Situé à Cassis, l’hébergement SunRise Cassis offre une vue sur la ville. Il comprend un jardin, une terrasse, un casino et une connexion Wi-Fi gratuite.",43.2152191,5.5356819,df334f74-b750-4c4a-90ff-b550bdf7915e,43.2140359,5.5396318,2025-09-14,20.51625,6.025,61.5,clear sky
Cassis,SunRise Cassis,"3 Boulevard Jean Jaures, 13260 Cassis, France",9.3,39,https://www.booking.com/hotel/fr/sunrise-cassis.fr.html,"Situé à Cassis, l’hébergement SunRise Cassis offre une vue sur la ville. Il comprend un jardin, une terrasse, un casino et une connexion Wi-Fi gratuite.",43.2152191,5.5356819,df334f74-b750-4c4a-90ff-b550bdf7915e,43.2140359,5.5396318,2025-09-15,21.1,1.818,55.0,few clouds
Cassis,SunSet Cassis,"3 Boulevard Jean Jaurès, 13260 Cassis, France",9.5,50,https://www.booking.com/hotel/fr/sunset-cassis.fr.html,"Situé à Cassis, l’hébergement SunSet Cassis offre une vue sur la ville. Il propose un jardin, une terrasse et une connexion Wi-Fi gratuite.",43.215456,5.535734,df334f74-b750-4c4a-90ff-b550bdf7915e,43.2140359,5.5396318,2025-09-10,22.376666666666665,7.853333333333333,58.66666666666666,broken clouds
Cassis,SunSet Cassis,"3 Boulevard Jean Jaurès, 13260 Cassis, France",9.5,50,https://www.booking.com/hotel/fr/sunset-cassis.fr.html,"Situé à Cassis, l’hébergement SunSet Cassis offre une vue sur la ville. Il propose un jardin, une terrasse et une connexion Wi-Fi gratuite.",43.215456,5.535734,df334f74-b750-4c4a-90ff-b550bdf7915e,43.2140359,5.5396318,2025-09-12,21.52125,6.685,57.375,clear sky
Cassis,SunSet Cassis,"3 Boulevard Jean Jaurès, 13260 Cassis, France",9.5,50,https://www.booking.com/hotel/fr/sunset-cassis.fr.html,"Situé à Cassis, l’hébergement SunSet Cassis offre une vue sur la ville. Il propose un jardin, une terrasse et une connexion Wi-Fi gratuite.",43.215456,5.535734,df334f74-b750-4c4a-90ff-b550bdf7915e,43.2140359,5.5396318,2025-09-13,19.38875,2.1425,81.125,broken clouds
Cassis,SunSet Cassis,"3 Boulevard Jean Jaurès, 13260 Cassis, France",9.5,50,https://www.booking.com/hotel/fr/sunset-cassis.fr.html,"Situé à Cassis, l’hébergement SunSet Cassis offre une vue sur la ville. Il propose un jardin, une terrasse et une connexion Wi-Fi gratuite.",43.215456,5.535734,df334f74-b750-4c4a-90ff-b550bdf7915e,43.2140359,5.5396318,2025-09-14,20.51625,6.025,61.5,clear sky
Cassis,SunSet Cassis,"3 Boulevard Jean Jaurès, 13260 Cassis, France",9.5,50,https://www.booking.com/hotel/fr/sunset-cassis.fr.html,"Situé à Cassis, l’hébergement SunSet Cassis offre une vue sur la ville. Il propose un jardin, une terrasse et une connexion Wi-Fi gratuite.",43.215456,5.535734,df334f74-b750-4c4a-90ff-b550bdf7915e,43.2140359,5.5396318,2025-09-15,21.1,1.818,55.0,few clouds
Marseille,Radisson Blu Hotel Marseille Vieux Port,"38-40 Quai Rive Neuve, 13007 Marseille, France",8.5,1337,https://www.booking.com/hotel/fr/radisson-sas-marseille-vieux-port.fr.html,"Surplombant le Vieux-Port, le Radisson Blu Hotel Marseille Vieux Port vous accueille à Marseille.",43.2925834,5.3670278,e38e17cf-5351-4dc6-9ec3-f6d43c063ae9,43.2961743,5.3699525,2025-09-10,23.03333333333333,7.866666666666667,57.0,few clouds
Marseille,Radisson Blu Hotel Marseille Vieux Port,"38-40 Quai Rive Neuve, 13007 Marseille, France",8.5,1337,https://www.booking.com/hotel/fr/radisson-sas-marseille-vieux-port.fr.html,"Surplombant le Vieux-Port, le Radisson Blu Hotel Marseille Vieux Port vous accueille à Marseille.",43.2925834,5.3670278,e38e17cf-5351-4dc6-9ec3-f6d43c063ae9,43.2961743,5.3699525,2025-09-11,21.3375,9.4925,53.625,clear sky
Marseille,Radisson Blu Hotel Marseille Vieux Port,"38-40 Quai Rive Neuve, 13007 Marseille, France",8.5,1337,https://www.booking.com/hotel/fr/radisson-sas-marseille-vieux-port.fr.html,"Surplombant le Vieux-Port, le Radisson Blu Hotel Marseille Vieux Port vous accueille à Marseille.",43.2925834,5.3670278,e38e17cf-5351-4dc6-9ec3-f6d43c063ae9,43.2961743,5.3699525,2025-09-12,22.495,6.4625,57.0,clear sky
Marseille,Radisson Blu Hotel Marseille Vieux Port,"38-40 Quai Rive Neuve, 13007 Marseille, France",8.5,1337,https://www.booking.com/hotel/fr/radisson-sas-marseille-vieux-port.fr.html,"Surplombant le Vieux-Port, le Radisson Blu Hotel Marseille Vieux Port vous accueille à Marseille.",43.2925834,5.3670278,e38e17cf-5351-4dc6-9ec3-f6d43c063ae9,43.2961743,5.3699525,2025-09-13,20.575,2.44125,79.0,light rain
Marseille,Radisson Blu Hotel Marseille Vieux Port,"38-40 Quai Rive Neuve, 13007 Marseille, France",8.5,1337,https://www.booking.com/hotel/fr/radisson-sas-marseille-vieux-port.fr.html,"Surplombant le Vieux-Port, le Radisson Blu Hotel Marseille Vieux Port vous accueille à Marseille.",43.2925834,5.3670278,e38e17cf-5351-4dc6-9ec3-f6d43c063ae9,43.2961743,5.3699525,2025-09-14,21.5275,6.50875,59.375,clear sky
Marseille,Radisson Blu Hotel Marseille Vieux Port,"38-40 Quai Rive Neuve, 13007 Marseille, France",8.5,1337,https://www.booking.com/hotel/fr/radisson-sas-marseille-vieux-port.fr.html,"Surplombant le Vieux-Port, le Radisson Blu Hotel Marseille Vieux Port vous accueille à Marseille.",43.2925834,5.3670278,e38e17cf-5351-4dc6-9ec3-f6d43c063ae9,43.2961743,5.3699525,2025-09-15,22.380000000000003,1.416,53.0,scattered clouds
Marseille,Hôtel Life Marseille VP - Vieux Port,"35 Quai Des Belges, 13001 Marseille, France",8.4,2727,https://www.booking.com/hotel/fr/alize.fr.html,"L'Hôtel Life Marseille VP - Vieux Port occupe un bâtiment en pierre du XVIIIe siècle situé en face du Vieux-Port, dans le centre-ville de Marseille.",43.2944361,5.3747821,e38e17cf-5351-4dc6-9ec3-f6d43c063ae9,43.2961743,5.3699525,2025-09-10,23.03333333333333,7.866666666666667,57.0,few clouds
Marseille,Hôtel Life Marseille VP - Vieux Port,"35 Quai Des Belges, 13001 Marseille, France",8.4,2727,https://www.booking.com/hotel/fr/alize.fr.html,"L'Hôtel Life Marseille VP - Vieux Port occupe un bâtiment en pierre du XVIIIe siècle situé en face du Vieux-Port, dans le centre-ville de Marseille.",43.2944361,5.3747821,e38e17cf-5351-4dc6-9ec3-f6d43c063ae9,43.2961743,5.3699525,2025-09-11,21.3375,9.4925,53.625,clear sky
Marseille,Hôtel Life Marseille VP - Vieux Port,"35 Quai Des Belges, 13001 Marseille, France",8.4,2727,https://www.booking.com/hotel/fr/alize.fr.html,"L'Hôtel Life Marseille VP - Vieux Port occupe un bâtiment en pierre du XVIIIe siècle situé en face du Vieux-Port, dans le centre-ville de Marseille.",43.2944361,5.3747821,e38e17cf-5351-4dc6-9ec3-f6d43c063ae9,43.2961743,5.3699525,2025-09-12,22.495,6.4625,57.0,clear sky
Marseille,Hôtel Life Marseille VP - Vieux Port,"35 Quai Des Belges, 13001 Marseille, France",8.4,2727,https://www.booking.com/hotel/fr/alize.fr.html,"L'Hôtel Life Marseille VP - Vieux Port occupe un bâtiment en pierre du XVIIIe siècle situé en face du Vieux-Port, dans le centre-ville de Marseille.",43.2944361,5.3747821,e38e17cf-5351-4dc6-9ec3-f6d43c063ae9,43.2961743,5.3699525,2025-09-13,20.575,2.44125,79.0,light rain
Marseille,Hôtel Life Marseille VP - Vieux Port,"35 Quai Des Belges, 13001 Marseille, France",8.4,2727,https://www.booking.com/hotel/fr/alize.fr.html,"L'Hôtel Life Marseille VP - Vieux Port occupe un bâtiment en pierre du XVIIIe siècle situé en face du Vieux-Port, dans le centre-ville de Marseille.",43.2944361,5.3747821,e38e17cf-5351-4dc6-9ec3-f6d43c063ae9,43.2961743,5.3699525,2025-09-14,21.5275,6.50875,59.375,clear sky
Marseille,Hôtel Life Marseille VP - Vieux Port,"35 Quai Des Belges, 13001 Marseille, France",8.4,2727,https://www.booking.com/hotel/fr/alize.fr.html,"L'Hôtel Life Marseille VP - Vieux Port occupe un bâtiment en pierre du XVIIIe siècle situé en face du Vieux-Port, dans le centre-ville de Marseille.",43.2944361,5.3747821,e38e17cf-5351-4dc6-9ec3-f6d43c063ae9,43.2961743,5.3699525,2025-09-15,22.380000000000003,1.416,53.0,scattered clouds
Marseille,Toyoko INN Marseille Saint Charles,"25 Avenue du General Leclerc, Belle de Mai - Saint-Lazare, 13003 Marseille, France",7.8,13273,https://www.booking.com/hotel/fr/toyoko-inn-marseille-saint-charles.fr.html,"Situé à Marseille, à seulement 5 minutes à pied de la gare de Marseille Saint-Charles, le Toyoko INN Marseille Saint Charles dispose d’un jardin et d’une...",43.3044164,5.3747143,e38e17cf-5351-4dc6-9ec3-f6d43c063ae9,43.2961743,5.3699525,2025-09-10,23.03333333333333,7.866666666666667,57.0,few clouds
Marseille,Toyoko INN Marseille Saint Charles,"25 Avenue du General Leclerc, Belle de Mai - Saint-Lazare, 13003 Marseille, France",7.8,13273,https://www.booking.com/hotel/fr/toyoko-inn-marseille-saint-charles.fr.html,"Situé à Marseille, à seulement 5 minutes à pied de la gare de Marseille Saint-Charles, le Toyoko INN Marseille Saint Charles dispose d’un jardin et d’une...",43.3044164,5.3747143,e38e17cf-5351-4dc6-9ec3-f6d43c063ae9,43.2961743,5.3699525,2025-09-11,21.3375,9.4925,53.625,clear sky
Marseille,Toyoko INN Marseille Saint Charles,"25 Avenue du General Leclerc, Belle de Mai - Saint-Lazare, 13003 Marseille, France",7.8,13273,https://www.booking.com/hotel/fr/toyoko-inn-marseille-saint-charles.fr.html,"Situé à Marseille, à seulement 5 minutes à pied de la gare de Marseille Saint-Charles, le Toyoko INN Marseille Saint Charles dispose d’un jardin et d’une...",43.3044164,5.3747143,e38e17cf-5351-4dc6-9ec3-f6d43c063ae9,43.2961743,5.3699525,2025-09-12,22.495,6.4625,57.0,clear sky
Marseille,Toyoko INN Marseille Saint Charles,"25 Avenue du General Leclerc, Belle de Mai - Saint-Lazare, 13003 Marseille, France",7.8,13273,https://www.booking.com/hotel/fr/toyoko-inn-marseille-saint-charles.fr.html,"Situé à Marseille, à seulement 5 minutes à pied de la gare de Marseille Saint-Charles, le Toyoko INN Marseille Saint Charles dispose d’un jardin et d’une...",43.3044164,5.3747143,e38e17cf-5351-4dc6-9ec3-f6d43c063ae9,43.2961743,5.3699525,2025-09-13,20.575,2.44125,79.0,light rain
Marseille,Toyoko INN Marseille Saint Charles,"25 Avenue du General Leclerc, Belle de Mai - Saint-Lazare, 13003 Marseille, France",7.8,13273,https://www.booking.com/hotel/fr/toyoko-inn-marseille-saint-charles.fr.html,"Situé à Marseille, à seulement 5 minutes à pied de la gare de Marseille Saint-Charles, le Toyoko INN Marseille Saint Charles dispose d’un jardin et d’une...",43.3044164,5.3747143,e38e17cf-5351-4dc6-9ec3-f6d43c063ae9,43.2961743,5.3699525,2025-09-14,21.5275,6.50875,59.375,clear sky
Marseille,Toyoko INN Marseille Saint Charles,"25 Avenue du General Leclerc, Belle de Mai - Saint-Lazare, 13003 Marseille, France",7.8,13273,https://www.booking.com/hotel/fr/toyoko-inn-marseille-saint-charles.fr.html,"Situé à Marseille, à seulement 5 minutes à pied de la gare de Marseille Saint-Charles, le Toyoko INN Marseille Saint Charles dispose d’un jardin et d’une...",43.3044164,5.3747143,e38e17cf-5351-4dc6-9ec3-f6d43c063ae9,43.2961743,5.3699525,2025-09-15,22.380000000000003,1.416,53.0,scattered clouds
Marseille,Residhome Marseille,"23 Rue Mazenod, 13002 Marseille, France",8.8,1935,https://www.booking.com/hotel/fr/residhome-marseille.fr.html,"Le Residhome Marseille est situé dans le quartier Euromed-La Joliette à Marseille, à 2,7 km de l’anse de la Fausse Monnaie et à 2,8 km de la plage de...",43.302737,5.365624,e38e17cf-5351-4dc6-9ec3-f6d43c063ae9,43.2961743,5.3699525,2025-09-10,23.03333333333333,7.866666666666667,57.0,few clouds
Marseille,Residhome Marseille,"23 Rue Mazenod, 13002 Marseille, France",8.8,1935,https://www.booking.com/hotel/fr/residhome-marseille.fr.html,"Le Residhome Marseille est situé dans le quartier Euromed-La Joliette à Marseille, à 2,7 km de l’anse de la Fausse Monnaie et à 2,8 km de la plage de...",43.302737,5.365624,e38e17cf-5351-4dc6-9ec3-f6d43c063ae9,43.2961743,5.3699525,2025-09-11,21.3375,9.4925,53.625,clear sky
Marseille,Residhome Marseille,"23 Rue Mazenod, 13002 Marseille, France",8.8,1935,https://www.booking.com/hotel/fr/residhome-marseille.fr.html,"Le Residhome Marseille est situé dans le quartier Euromed-La Joliette à Marseille, à 2,7 km de l’anse de la Fausse Monnaie et à 2,8 km de la plage de...",43.302737,5.365624,e38e17cf-5351-4dc6-9ec3-f6d43c063ae9,43.2961743,5.3699525,2025-09-12,22.495,6.4625,57.0,clear sky
Marseille,Residhome Marseille,"23 Rue Mazenod, 13002 Marseille, France",8.8,1935,https://www.booking.com/hotel/fr/residhome-marseille.fr.html,"Le Residhome Marseille est situé dans le quartier Euromed-La Joliette à Marseille, à 2,7 km de l’anse de la Fausse Monnaie et à 2,8 km de la plage de...",43.302737,5.365624,e38e17cf-5351-4dc6-9ec3-f6d43c063ae9,43.2961743,5.3699525,2025-09-13,20.575,2.44125,79.0,light rain
Marseille,Residhome Marseille,"23 Rue Mazenod, 13002 Marseille, France",8.8,1935,https://www.booking.com/hotel/fr/residhome-marseille.fr.html,"Le Residhome Marseille est situé dans le quartier Euromed-La Joliette à Marseille, à 2,7 km de l’anse de la Fausse Monnaie et à 2,8 km de la plage de...",43.302737,5.365624,e38e17cf-5351-4dc6-9ec3-f6d43c063ae9,43.2961743,5.3699525,2025-09-14,21.5275,6.50875,59.375,clear sky
Marseille,Residhome Marseille,"23 Rue Mazenod, 13002 Marseille, France",8.8,1935,https://www.booking.com/hotel/fr/residhome-marseille.fr.html,"Le Residhome Marseille est situé dans le quartier Euromed-La Joliette à Marseille, à 2,7 km de l’anse de la Fausse Monnaie et à 2,8 km de la plage de...",43.302737,5.365624,e38e17cf-5351-4dc6-9ec3-f6d43c063ae9,43.2961743,5.3699525,2025-09-15,22.380000000000003,1.416,53.0,scattered clouds
Marseille,AC Hotel by Marriott Marseille Prado Vélodrome,"4 allee Marcel Leclerc, 13008 Marseille, France",8.3,1511,https://www.booking.com/hotel/fr/ac-by-marriott-marseille.fr.html,"Installé à Marseille, dans le quartier du Prado, à côté du parc Chanot et du stade Orange Vélodrome, l’AC Hotel by Marriott Marseille Prado Vélodrome vous...",43.269202,5.393839,e38e17cf-5351-4dc6-9ec3-f6d43c063ae9,43.2961743,5.3699525,2025-09-10,23.03333333333333,7.866666666666667,57.0,few clouds
Marseille,AC Hotel by Marriott Marseille Prado Vélodrome,"4 allee Marcel Leclerc, 13008 Marseille, France",8.3,1511,https://www.booking.com/hotel/fr/ac-by-marriott-marseille.fr.html,"Installé à Marseille, dans le quartier du Prado, à côté du parc Chanot et du stade Orange Vélodrome, l’AC Hotel by Marriott Marseille Prado Vélodrome vous...",43.269202,5.393839,e38e17cf-5351-4dc6-9ec3-f6d43c063ae9,43.2961743,5.3699525,2025-09-11,21.3375,9.4925,53.625,clear sky
Marseille,AC Hotel by Marriott Marseille Prado Vélodrome,"4 allee Marcel Leclerc, 13008 Marseille, France",8.3,1511,https://www.booking.com/hotel/fr/ac-by-marriott-marseille.fr.html,"Installé à Marseille, dans le quartier du Prado, à côté du parc Chanot et du stade Orange Vélodrome, l’AC Hotel by Marriott Marseille Prado Vélodrome vous...",43.269202,5.393839,e38e17cf-5351-4dc6-9ec3-f6d43c063ae9,43.2961743,5.3699525,2025-09-12,22.495,6.4625,57.0,clear sky
Marseille,AC Hotel by Marriott Marseille Prado Vélodrome,"4 allee Marcel Leclerc, 13008 Marseille, France",8.3,1511,https://www.booking.com/hotel/fr/ac-by-marriott-marseille.fr.html,"Installé à Marseille, dans le quartier du Prado, à côté du parc Chanot et du stade Orange Vélodrome, l’AC Hotel by Marriott Marseille Prado Vélodrome vous...",43.269202,5.393839,e38e17cf-5351-4dc6-9ec3-f6d43c063ae9,43.2961743,5.3699525,2025-09-13,20.575,2.44125,79.0,light rain
Marseille,Hôtel Hermès,"2 rue Bonneterie, 13002 Marseille, France",8.1,2476,https://www.booking.com/hotel/fr/hermes.fr.html,"L'hôtel Hermès se situe à seulement 35 mètres du Vieux-Port, dans le centre de Marseille.",43.2965528,5.3718833,e38e17cf-5351-4dc6-9ec3-f6d43c063ae9,43.2961743,5.3699525,2025-09-15,22.380000000000003,1.416,53.0,scattered clouds
Marseille,AC Hotel by Marriott Marseille Prado Vélodrome,"4 allee Marcel Leclerc, 13008 Marseille, France",8.3,1511,https://www.booking.com/hotel/fr/ac-by-marriott-marseille.fr.html,"Installé à Marseille, dans le quartier du Prado, à côté du parc Chanot et du stade Orange Vélodrome, l’AC Hotel by Marriott Marseille Prado Vélodrome vous...",43.269202,5.393839,e38e17cf-5351-4dc6-9ec3-f6d43c063ae9,43.2961743,5.3699525,2025-09-14,21.5275,6.50875,59.375,clear sky
Marseille,AC Hotel by Marriott Marseille Prado Vélodrome,"4 allee Marcel Leclerc, 13008 Marseille, France",8.3,1511,https://www.booking.com/hotel/fr/ac-by-marriott-marseille.fr.html,"Installé à Marseille, dans le quartier du Prado, à côté du parc Chanot et du stade Orange Vélodrome, l’AC Hotel by Marriott Marseille Prado Vélodrome vous...",43.269202,5.393839,e38e17cf-5351-4dc6-9ec3-f6d43c063ae9,43.2961743,5.3699525,2025-09-15,22.380000000000003,1.416,53.0,scattered clouds
Marseille,New Hotel of Marseille - Vieux Port,"71 Boulevard Charles Livon, 13007 Marseille, France",8.7,2893,https://www.booking.com/hotel/fr/new-of-marseille-le-pharo.fr.html,"Le New Hotel of Marseille - Vieux Port vous propose des hébergements dans un hôtel design situé en face du palais du Pharo, à seulement 10 minutes à pied...",43.2920485,5.3597778,e38e17cf-5351-4dc6-9ec3-f6d43c063ae9,43.2961743,5.3699525,2025-09-10,23.03333333333333,7.866666666666667,57.0,few clouds
Marseille,New Hotel of Marseille - Vieux Port,"71 Boulevard Charles Livon, 13007 Marseille, France",8.7,2893,https://www.booking.com/hotel/fr/new-of-marseille-le-pharo.fr.html,"Le New Hotel of Marseille - Vieux Port vous propose des hébergements dans un hôtel design situé en face du palais du Pharo, à seulement 10 minutes à pied...",43.2920485,5.3597778,e38e17cf-5351-4dc6-9ec3-f6d43c063ae9,43.2961743,5.3699525,2025-09-11,21.3375,9.4925,53.625,clear sky
Marseille,New Hotel of Marseille - Vieux Port,"71 Boulevard Charles Livon, 13007 Marseille, France",8.7,2893,https://www.booking.com/hotel/fr/new-of-marseille-le-pharo.fr.html,"Le New Hotel of Marseille - Vieux Port vous propose des hébergements dans un hôtel design situé en face du palais du Pharo, à seulement 10 minutes à pied...",43.2920485,5.3597778,e38e17cf-5351-4dc6-9ec3-f6d43c063ae9,43.2961743,5.3699525,2025-09-12,22.495,6.4625,57.0,clear sky
Marseille,New Hotel of Marseille - Vieux Port,"71 Boulevard Charles Livon, 13007 Marseille, France",8.7,2893,https://www.booking.com/hotel/fr/new-of-marseille-le-pharo.fr.html,"Le New Hotel of Marseille - Vieux Port vous propose des hébergements dans un hôtel design situé en face du palais du Pharo, à seulement 10 minutes à pied...",43.2920485,5.3597778,e38e17cf-5351-4dc6-9ec3-f6d43c063ae9,43.2961743,5.3699525,2025-09-13,20.575,2.44125,79.0,light rain
Marseille,New Hotel of Marseille - Vieux Port,"71 Boulevard Charles Livon, 13007 Marseille, France",8.7,2893,https://www.booking.com/hotel/fr/new-of-marseille-le-pharo.fr.html,"Le New Hotel of Marseille - Vieux Port vous propose des hébergements dans un hôtel design situé en face du palais du Pharo, à seulement 10 minutes à pied...",43.2920485,5.3597778,e38e17cf-5351-4dc6-9ec3-f6d43c063ae9,43.2961743,5.3699525,2025-09-14,21.5275,6.50875,59.375,clear sky
Marseille,New Hotel of Marseille - Vieux Port,"71 Boulevard Charles Livon, 13007 Marseille, France",8.7,2893,https://www.booking.com/hotel/fr/new-of-marseille-le-pharo.fr.html,"Le New Hotel of Marseille - Vieux Port vous propose des hébergements dans un hôtel design situé en face du palais du Pharo, à seulement 10 minutes à pied...",43.2920485,5.3597778,e38e17cf-5351-4dc6-9ec3-f6d43c063ae9,43.2961743,5.3699525,2025-09-15,22.380000000000003,1.416,53.0,scattered clouds
Marseille,Hôtel Carré Vieux Port,"6, Rue Beauvau, 13001 Marseille, France",8.3,2447,https://www.booking.com/hotel/fr/hotelkyrivieuxmarseille.fr.html,"L’Hôtel Carré Vieux Port se trouve dans le centre de Marseille, à 30 mètres du Vieux-Port, d’où partent des bateaux pour les îles du Frioul et le château...",43.2950247,5.375057,e38e17cf-5351-4dc6-9ec3-f6d43c063ae9,43.2961743,5.3699525,2025-09-10,23.03333333333333,7.866666666666667,57.0,few clouds
Marseille,Hôtel Carré Vieux Port,"6, Rue Beauvau, 13001 Marseille, France",8.3,2447,https://www.booking.com/hotel/fr/hotelkyrivieuxmarseille.fr.html,"L’Hôtel Carré Vieux Port se trouve dans le centre de Marseille, à 30 mètres du Vieux-Port, d’où partent des bateaux pour les îles du Frioul et le château...",43.2950247,5.375057,e38e17cf-5351-4dc6-9ec3-f6d43c063ae9,43.2961743,5.3699525,2025-09-11,21.3375,9.4925,53.625,clear sky
Marseille,Hôtel Carré Vieux Port,"6, Rue Beauvau, 13001 Marseille, France",8.3,2447,https://www.booking.com/hotel/fr/hotelkyrivieuxmarseille.fr.html,"L’Hôtel Carré Vieux Port se trouve dans le centre de Marseille, à 30 mètres du Vieux-Port, d’où partent des bateaux pour les îles du Frioul et le château...",43.2950247,5.375057,e38e17cf-5351-4dc6-9ec3-f6d43c063ae9,43.2961743,5.3699525,2025-09-12,22.495,6.4625,57.0,clear sky
Marseille,Hôtel Carré Vieux Port,"6, Rue Beauvau, 13001 Marseille, France",8.3,2447,https://www.booking.com/hotel/fr/hotelkyrivieuxmarseille.fr.html,"L’Hôtel Carré Vieux Port se trouve dans le centre de Marseille, à 30 mètres du Vieux-Port, d’où partent des bateaux pour les îles du Frioul et le château...",43.2950247,5.375057,e38e17cf-5351-4dc6-9ec3-f6d43c063ae9,43.2961743,5.3699525,2025-09-13,20.575,2.44125,79.0,light rain
Marseille,Hôtel Carré Vieux Port,"6, Rue Beauvau, 13001 Marseille, France",8.3,2447,https://www.booking.com/hotel/fr/hotelkyrivieuxmarseille.fr.html,"L’Hôtel Carré Vieux Port se trouve dans le centre de Marseille, à 30 mètres du Vieux-Port, d’où partent des bateaux pour les îles du Frioul et le château...",43.2950247,5.375057,e38e17cf-5351-4dc6-9ec3-f6d43c063ae9,43.2961743,5.3699525,2025-09-14,21.5275,6.50875,59.375,clear sky
Marseille,Hôtel Carré Vieux Port,"6, Rue Beauvau, 13001 Marseille, France",8.3,2447,https://www.booking.com/hotel/fr/hotelkyrivieuxmarseille.fr.html,"L’Hôtel Carré Vieux Port se trouve dans le centre de Marseille, à 30 mètres du Vieux-Port, d’où partent des bateaux pour les îles du Frioul et le château...",43.2950247,5.375057,e38e17cf-5351-4dc6-9ec3-f6d43c063ae9,43.2961743,5.3699525,2025-09-15,22.380000000000003,1.416,53.0,scattered clouds
Marseille,Grand Hotel Beauvau Marseille Vieux-Port - MGallery Collection,"4 Rue Beauvau, 13001 Marseille, France",8.5,988,https://www.booking.com/hotel/fr/hotel-1293-grand-hotel-beauvau-marseille-vieux-port-mgallery-collection.fr.html,Le Grand Hôtel Beauvau Marseille Vieux Port - MGallery vous accueille dans un élégant hôtel 4 étoiles situé dans le centre de Marseille.,43.2950784,5.3750101,e38e17cf-5351-4dc6-9ec3-f6d43c063ae9,43.2961743,5.3699525,2025-09-10,23.03333333333333,7.866666666666667,57.0,few clouds
Marseille,New Hotel Le Quai - Vieux Port,"2 place Gabriel Péri, 13001 Marseille, France",8.4,3676,https://www.booking.com/hotel/fr/vieuxport.fr.html,"Situé dans le centre de Marseille, le New Hotel Le Quai - Vieux Port donne sur le Vieux-Port et la rue commerçante La Canebière.",43.2960312,5.3748907,e38e17cf-5351-4dc6-9ec3-f6d43c063ae9,43.2961743,5.3699525,2025-09-15,22.380000000000003,1.416,53.0,scattered clouds
Marseille,Grand Hotel Beauvau Marseille Vieux-Port - MGallery Collection,"4 Rue Beauvau, 13001 Marseille, France",8.5,988,https://www.booking.com/hotel/fr/hotel-1293-grand-hotel-beauvau-marseille-vieux-port-mgallery-collection.fr.html,Le Grand Hôtel Beauvau Marseille Vieux Port - MGallery vous accueille dans un élégant hôtel 4 étoiles situé dans le centre de Marseille.,43.2950784,5.3750101,e38e17cf-5351-4dc6-9ec3-f6d43c063ae9,43.2961743,5.3699525,2025-09-11,21.3375,9.4925,53.625,clear sky
Marseille,Grand Hotel Beauvau Marseille Vieux-Port - MGallery Collection,"4 Rue Beauvau, 13001 Marseille, France",8.5,988,https://www.booking.com/hotel/fr/hotel-1293-grand-hotel-beauvau-marseille-vieux-port-mgallery-collection.fr.html,Le Grand Hôtel Beauvau Marseille Vieux Port - MGallery vous accueille dans un élégant hôtel 4 étoiles situé dans le centre de Marseille.,43.2950784,5.3750101,e38e17cf-5351-4dc6-9ec3-f6d43c063ae9,43.2961743,5.3699525,2025-09-12,22.495,6.4625,57.0,clear sky
Marseille,Grand Hotel Beauvau Marseille Vieux-Port - MGallery Collection,"4 Rue Beauvau, 13001 Marseille, France",8.5,988,https://www.booking.com/hotel/fr/hotel-1293-grand-hotel-beauvau-marseille-vieux-port-mgallery-collection.fr.html,Le Grand Hôtel Beauvau Marseille Vieux Port - MGallery vous accueille dans un élégant hôtel 4 étoiles situé dans le centre de Marseille.,43.2950784,5.3750101,e38e17cf-5351-4dc6-9ec3-f6d43c063ae9,43.2961743,5.3699525,2025-09-13,20.575,2.44125,79.0,light rain
Marseille,Grand Hotel Beauvau Marseille Vieux-Port - MGallery Collection,"4 Rue Beauvau, 13001 Marseille, France",8.5,988,https://www.booking.com/hotel/fr/hotel-1293-grand-hotel-beauvau-marseille-vieux-port-mgallery-collection.fr.html,Le Grand Hôtel Beauvau Marseille Vieux Port - MGallery vous accueille dans un élégant hôtel 4 étoiles situé dans le centre de Marseille.,43.2950784,5.3750101,e38e17cf-5351-4dc6-9ec3-f6d43c063ae9,43.2961743,5.3699525,2025-09-14,21.5275,6.50875,59.375,clear sky
Marseille,Grand Hotel Beauvau Marseille Vieux-Port - MGallery Collection,"4 Rue Beauvau, 13001 Marseille, France",8.5,988,https://www.booking.com/hotel/fr/hotel-1293-grand-hotel-beauvau-marseille-vieux-port-mgallery-collection.fr.html,Le Grand Hôtel Beauvau Marseille Vieux Port - MGallery vous accueille dans un élégant hôtel 4 étoiles situé dans le centre de Marseille.,43.2950784,5.3750101,e38e17cf-5351-4dc6-9ec3-f6d43c063ae9,43.2961743,5.3699525,2025-09-15,22.380000000000003,1.416,53.0,scattered clouds
Marseille,Aparthotel Adagio Access Marseille Prado Périer,"161 Avenue de Prado, 13008 Marseille, France",8.2,1980,https://www.booking.com/hotel/fr/citea-marseille-prado-perier.fr.html," L'Aparthotel Adagio Access Marseille Prado Périer vous accueille dans un quartier résidentiel, à 150 mètres seulement de la station de métro Prado Périer...",43.2786923,5.3880604,e38e17cf-5351-4dc6-9ec3-f6d43c063ae9,43.2961743,5.3699525,2025-09-10,23.03333333333333,7.866666666666667,57.0,few clouds
Marseille,Aparthotel Adagio Access Marseille Prado Périer,"161 Avenue de Prado, 13008 Marseille, France",8.2,1980,https://www.booking.com/hotel/fr/citea-marseille-prado-perier.fr.html," L'Aparthotel Adagio Access Marseille Prado Périer vous accueille dans un quartier résidentiel, à 150 mètres seulement de la station de métro Prado Périer...",43.2786923,5.3880604,e38e17cf-5351-4dc6-9ec3-f6d43c063ae9,43.2961743,5.3699525,2025-09-11,21.3375,9.4925,53.625,clear sky
Marseille,Aparthotel Adagio Access Marseille Prado Périer,"161 Avenue de Prado, 13008 Marseille, France",8.2,1980,https://www.booking.com/hotel/fr/citea-marseille-prado-perier.fr.html," L'Aparthotel Adagio Access Marseille Prado Périer vous accueille dans un quartier résidentiel, à 150 mètres seulement de la station de métro Prado Périer...",43.2786923,5.3880604,e38e17cf-5351-4dc6-9ec3-f6d43c063ae9,43.2961743,5.3699525,2025-09-12,22.495,6.4625,57.0,clear sky
Marseille,Aparthotel Adagio Access Marseille Prado Périer,"161 Avenue de Prado, 13008 Marseille, France",8.2,1980,https://www.booking.com/hotel/fr/citea-marseille-prado-perier.fr.html," L'Aparthotel Adagio Access Marseille Prado Périer vous accueille dans un quartier résidentiel, à 150 mètres seulement de la station de métro Prado Périer...",43.2786923,5.3880604,e38e17cf-5351-4dc6-9ec3-f6d43c063ae9,43.2961743,5.3699525,2025-09-13,20.575,2.44125,79.0,light rain
Marseille,Aparthotel Adagio Access Marseille Prado Périer,"161 Avenue de Prado, 13008 Marseille, France",8.2,1980,https://www.booking.com/hotel/fr/citea-marseille-prado-perier.fr.html," L'Aparthotel Adagio Access Marseille Prado Périer vous accueille dans un quartier résidentiel, à 150 mètres seulement de la station de métro Prado Périer...",43.2786923,5.3880604,e38e17cf-5351-4dc6-9ec3-f6d43c063ae9,43.2961743,5.3699525,2025-09-14,21.5275,6.50875,59.375,clear sky
Marseille,Aparthotel Adagio Access Marseille Prado Périer,"161 Avenue de Prado, 13008 Marseille, France",8.2,1980,https://www.booking.com/hotel/fr/citea-marseille-prado-perier.fr.html," L'Aparthotel Adagio Access Marseille Prado Périer vous accueille dans un quartier résidentiel, à 150 mètres seulement de la station de métro Prado Périer...",43.2786923,5.3880604,e38e17cf-5351-4dc6-9ec3-f6d43c063ae9,43.2961743,5.3699525,2025-09-15,22.380000000000003,1.416,53.0,scattered clouds
Marseille,Hôtel Hermès,"2 rue Bonneterie, 13002 Marseille, France",8.1,2476,https://www.booking.com/hotel/fr/hermes.fr.html,"L'hôtel Hermès se situe à seulement 35 mètres du Vieux-Port, dans le centre de Marseille.",43.2965528,5.3718833,e38e17cf-5351-4dc6-9ec3-f6d43c063ae9,43.2961743,5.3699525,2025-09-10,23.03333333333333,7.866666666666667,57.0,few clouds
Marseille,Hôtel Hermès,"2 rue Bonneterie, 13002 Marseille, France",8.1,2476,https://www.booking.com/hotel/fr/hermes.fr.html,"L'hôtel Hermès se situe à seulement 35 mètres du Vieux-Port, dans le centre de Marseille.",43.2965528,5.3718833,e38e17cf-5351-4dc6-9ec3-f6d43c063ae9,43.2961743,5.3699525,2025-09-11,21.3375,9.4925,53.625,clear sky
Marseille,Hôtel Hermès,"2 rue Bonneterie, 13002 Marseille, France",8.1,2476,https://www.booking.com/hotel/fr/hermes.fr.html,"L'hôtel Hermès se situe à seulement 35 mètres du Vieux-Port, dans le centre de Marseille.",43.2965528,5.3718833,e38e17cf-5351-4dc6-9ec3-f6d43c063ae9,43.2961743,5.3699525,2025-09-12,22.495,6.4625,57.0,clear sky
Marseille,Hôtel Hermès,"2 rue Bonneterie, 13002 Marseille, France",8.1,2476,https://www.booking.com/hotel/fr/hermes.fr.html,"L'hôtel Hermès se situe à seulement 35 mètres du Vieux-Port, dans le centre de Marseille.",43.2965528,5.3718833,e38e17cf-5351-4dc6-9ec3-f6d43c063ae9,43.2961743,5.3699525,2025-09-13,20.575,2.44125,79.0,light rain
Marseille,Hôtel Hermès,"2 rue Bonneterie, 13002 Marseille, France",8.1,2476,https://www.booking.com/hotel/fr/hermes.fr.html,"L'hôtel Hermès se situe à seulement 35 mètres du Vieux-Port, dans le centre de Marseille.",43.2965528,5.3718833,e38e17cf-5351-4dc6-9ec3-f6d43c063ae9,43.2961743,5.3699525,2025-09-14,21.5275,6.50875,59.375,clear sky
Marseille,Best Western Plus Hôtel La Joliette,"49 Avenue Robert Schuman, 13002 Marseille, France",8.0,1177,https://www.booking.com/hotel/fr/best-western-la-joliette.fr.html,"Le Best Western Plus La Joliette est situé dans le centre de Marseille, à seulement 800 mètres du Vieux-Port et du MuCEM (musée des civilisations de...",43.3036563,5.3666034,e38e17cf-5351-4dc6-9ec3-f6d43c063ae9,43.2961743,5.3699525,2025-09-10,23.03333333333333,7.866666666666667,57.0,few clouds
Marseille,Best Western Plus Hôtel La Joliette,"49 Avenue Robert Schuman, 13002 Marseille, France",8.0,1177,https://www.booking.com/hotel/fr/best-western-la-joliette.fr.html,"Le Best Western Plus La Joliette est situé dans le centre de Marseille, à seulement 800 mètres du Vieux-Port et du MuCEM (musée des civilisations de...",43.3036563,5.3666034,e38e17cf-5351-4dc6-9ec3-f6d43c063ae9,43.2961743,5.3699525,2025-09-11,21.3375,9.4925,53.625,clear sky
Marseille,Best Western Plus Hôtel La Joliette,"49 Avenue Robert Schuman, 13002 Marseille, France",8.0,1177,https://www.booking.com/hotel/fr/best-western-la-joliette.fr.html,"Le Best Western Plus La Joliette est situé dans le centre de Marseille, à seulement 800 mètres du Vieux-Port et du MuCEM (musée des civilisations de...",43.3036563,5.3666034,e38e17cf-5351-4dc6-9ec3-f6d43c063ae9,43.2961743,5.3699525,2025-09-12,22.495,6.4625,57.0,clear sky
Marseille,Best Western Plus Hôtel La Joliette,"49 Avenue Robert Schuman, 13002 Marseille, France",8.0,1177,https://www.booking.com/hotel/fr/best-western-la-joliette.fr.html,"Le Best Western Plus La Joliette est situé dans le centre de Marseille, à seulement 800 mètres du Vieux-Port et du MuCEM (musée des civilisations de...",43.3036563,5.3666034,e38e17cf-5351-4dc6-9ec3-f6d43c063ae9,43.2961743,5.3699525,2025-09-13,20.575,2.44125,79.0,light rain
Marseille,Best Western Plus Hôtel La Joliette,"49 Avenue Robert Schuman, 13002 Marseille, France",8.0,1177,https://www.booking.com/hotel/fr/best-western-la-joliette.fr.html,"Le Best Western Plus La Joliette est situé dans le centre de Marseille, à seulement 800 mètres du Vieux-Port et du MuCEM (musée des civilisations de...",43.3036563,5.3666034,e38e17cf-5351-4dc6-9ec3-f6d43c063ae9,43.2961743,5.3699525,2025-09-14,21.5275,6.50875,59.375,clear sky
Marseille,Best Western Plus Hôtel La Joliette,"49 Avenue Robert Schuman, 13002 Marseille, France",8.0,1177,https://www.booking.com/hotel/fr/best-western-la-joliette.fr.html,"Le Best Western Plus La Joliette est situé dans le centre de Marseille, à seulement 800 mètres du Vieux-Port et du MuCEM (musée des civilisations de...",43.3036563,5.3666034,e38e17cf-5351-4dc6-9ec3-f6d43c063ae9,43.2961743,5.3699525,2025-09-15,22.380000000000003,1.416,53.0,scattered clouds
Marseille,Hôtel Ligo by HappyCulture,"14-16 Rue Jean Trinquet, 13002 Marseille, France",7.9,1009,https://www.booking.com/hotel/fr/ligo-by-happyculture-marseille4.fr.html,L’établissement Hôtel Ligo by HappyCulture bénéficie d’un emplacement stratégique dans le centre de Marseille.,43.301265,5.370879,e38e17cf-5351-4dc6-9ec3-f6d43c063ae9,43.2961743,5.3699525,2025-09-10,23.03333333333333,7.866666666666667,57.0,few clouds
Marseille,Hôtel Ligo by HappyCulture,"14-16 Rue Jean Trinquet, 13002 Marseille, France",7.9,1009,https://www.booking.com/hotel/fr/ligo-by-happyculture-marseille4.fr.html,L’établissement Hôtel Ligo by HappyCulture bénéficie d’un emplacement stratégique dans le centre de Marseille.,43.301265,5.370879,e38e17cf-5351-4dc6-9ec3-f6d43c063ae9,43.2961743,5.3699525,2025-09-11,21.3375,9.4925,53.625,clear sky
Marseille,Hôtel Ligo by HappyCulture,"14-16 Rue Jean Trinquet, 13002 Marseille, France",7.9,1009,https://www.booking.com/hotel/fr/ligo-by-happyculture-marseille4.fr.html,L’établissement Hôtel Ligo by HappyCulture bénéficie d’un emplacement stratégique dans le centre de Marseille.,43.301265,5.370879,e38e17cf-5351-4dc6-9ec3-f6d43c063ae9,43.2961743,5.3699525,2025-09-12,22.495,6.4625,57.0,clear sky
Marseille,Hôtel Ligo by HappyCulture,"14-16 Rue Jean Trinquet, 13002 Marseille, France",7.9,1009,https://www.booking.com/hotel/fr/ligo-by-happyculture-marseille4.fr.html,L’établissement Hôtel Ligo by HappyCulture bénéficie d’un emplacement stratégique dans le centre de Marseille.,43.301265,5.370879,e38e17cf-5351-4dc6-9ec3-f6d43c063ae9,43.2961743,5.3699525,2025-09-13,20.575,2.44125,79.0,light rain
Marseille,Hôtel Ligo by HappyCulture,"14-16 Rue Jean Trinquet, 13002 Marseille, France",7.9,1009,https://www.booking.com/hotel/fr/ligo-by-happyculture-marseille4.fr.html,L’établissement Hôtel Ligo by HappyCulture bénéficie d’un emplacement stratégique dans le centre de Marseille.,43.301265,5.370879,e38e17cf-5351-4dc6-9ec3-f6d43c063ae9,43.2961743,5.3699525,2025-09-14,21.5275,6.50875,59.375,clear sky
Marseille,Hôtel Ligo by HappyCulture,"14-16 Rue Jean Trinquet, 13002 Marseille, France",7.9,1009,https://www.booking.com/hotel/fr/ligo-by-happyculture-marseille4.fr.html,L’établissement Hôtel Ligo by HappyCulture bénéficie d’un emplacement stratégique dans le centre de Marseille.,43.301265,5.370879,e38e17cf-5351-4dc6-9ec3-f6d43c063ae9,43.2961743,5.3699525,2025-09-15,22.380000000000003,1.416,53.0,scattered clouds
Marseille,New Hotel Le Quai - Vieux Port,"2 place Gabriel Péri, 13001 Marseille, France",8.4,3676,https://www.booking.com/hotel/fr/vieuxport.fr.html,"Situé dans le centre de Marseille, le New Hotel Le Quai - Vieux Port donne sur le Vieux-Port et la rue commerçante La Canebière.",43.2960312,5.3748907,e38e17cf-5351-4dc6-9ec3-f6d43c063ae9,43.2961743,5.3699525,2025-09-10,23.03333333333333,7.866666666666667,57.0,few clouds
Marseille,New Hotel Le Quai - Vieux Port,"2 place Gabriel Péri, 13001 Marseille, France",8.4,3676,https://www.booking.com/hotel/fr/vieuxport.fr.html,"Situé dans le centre de Marseille, le New Hotel Le Quai - Vieux Port donne sur le Vieux-Port et la rue commerçante La Canebière.",43.2960312,5.3748907,e38e17cf-5351-4dc6-9ec3-f6d43c063ae9,43.2961743,5.3699525,2025-09-11,21.3375,9.4925,53.625,clear sky
Marseille,New Hotel Le Quai - Vieux Port,"2 place Gabriel Péri, 13001 Marseille, France",8.4,3676,https://www.booking.com/hotel/fr/vieuxport.fr.html,"Situé dans le centre de Marseille, le New Hotel Le Quai - Vieux Port donne sur le Vieux-Port et la rue commerçante La Canebière.",43.2960312,5.3748907,e38e17cf-5351-4dc6-9ec3-f6d43c063ae9,43.2961743,5.3699525,2025-09-12,22.495,6.4625,57.0,clear sky
Marseille,New Hotel Le Quai - Vieux Port,"2 place Gabriel Péri, 13001 Marseille, France",8.4,3676,https://www.booking.com/hotel/fr/vieuxport.fr.html,"Situé dans le centre de Marseille, le New Hotel Le Quai - Vieux Port donne sur le Vieux-Port et la rue commerçante La Canebière.",43.2960312,5.3748907,e38e17cf-5351-4dc6-9ec3-f6d43c063ae9,43.2961743,5.3699525,2025-09-13,20.575,2.44125,79.0,light rain
Marseille,New Hotel Le Quai - Vieux Port,"2 place Gabriel Péri, 13001 Marseille, France",8.4,3676,https://www.booking.com/hotel/fr/vieuxport.fr.html,"Situé dans le centre de Marseille, le New Hotel Le Quai - Vieux Port donne sur le Vieux-Port et la rue commerçante La Canebière.",43.2960312,5.3748907,e38e17cf-5351-4dc6-9ec3-f6d43c063ae9,43.2961743,5.3699525,2025-09-14,21.5275,6.50875,59.375,clear sky
Marseille,Novotel Suites Marseille Centre Euromed,"33, Boulevard de Dunkerque - La Joliette, 13002 Marseille, France",8.3,1782,https://www.booking.com/hotel/fr/marseille-centre-euromed.fr.html,Le Novotel Suites Marseille Centre Euromed est à seulement 20 minutes de marche du Vieux-Port de Marseille.,43.3079654,5.367465,e38e17cf-5351-4dc6-9ec3-f6d43c063ae9,43.2961743,5.3699525,2025-09-10,23.03333333333333,7.866666666666667,57.0,few clouds
Marseille,Novotel Suites Marseille Centre Euromed,"33, Boulevard de Dunkerque - La Joliette, 13002 Marseille, France",8.3,1782,https://www.booking.com/hotel/fr/marseille-centre-euromed.fr.html,Le Novotel Suites Marseille Centre Euromed est à seulement 20 minutes de marche du Vieux-Port de Marseille.,43.3079654,5.367465,e38e17cf-5351-4dc6-9ec3-f6d43c063ae9,43.2961743,5.3699525,2025-09-11,21.3375,9.4925,53.625,clear sky
Marseille,Novotel Suites Marseille Centre Euromed,"33, Boulevard de Dunkerque - La Joliette, 13002 Marseille, France",8.3,1782,https://www.booking.com/hotel/fr/marseille-centre-euromed.fr.html,Le Novotel Suites Marseille Centre Euromed est à seulement 20 minutes de marche du Vieux-Port de Marseille.,43.3079654,5.367465,e38e17cf-5351-4dc6-9ec3-f6d43c063ae9,43.2961743,5.3699525,2025-09-12,22.495,6.4625,57.0,clear sky
Marseille,Novotel Suites Marseille Centre Euromed,"33, Boulevard de Dunkerque - La Joliette, 13002 Marseille, France",8.3,1782,https://www.booking.com/hotel/fr/marseille-centre-euromed.fr.html,Le Novotel Suites Marseille Centre Euromed est à seulement 20 minutes de marche du Vieux-Port de Marseille.,43.3079654,5.367465,e38e17cf-5351-4dc6-9ec3-f6d43c063ae9,43.2961743,5.3699525,2025-09-13,20.575,2.44125,79.0,light rain
Marseille,Novotel Suites Marseille Centre Euromed,"33, Boulevard de Dunkerque - La Joliette, 13002 Marseille, France",8.3,1782,https://www.booking.com/hotel/fr/marseille-centre-euromed.fr.html,Le Novotel Suites Marseille Centre Euromed est à seulement 20 minutes de marche du Vieux-Port de Marseille.,43.3079654,5.367465,e38e17cf-5351-4dc6-9ec3-f6d43c063ae9,43.2961743,5.3699525,2025-09-14,21.5275,6.50875,59.375,clear sky
Marseille,Novotel Suites Marseille Centre Euromed,"33, Boulevard de Dunkerque - La Joliette, 13002 Marseille, France",8.3,1782,https://www.booking.com/hotel/fr/marseille-centre-euromed.fr.html,Le Novotel Suites Marseille Centre Euromed est à seulement 20 minutes de marche du Vieux-Port de Marseille.,43.3079654,5.367465,e38e17cf-5351-4dc6-9ec3-f6d43c063ae9,43.2961743,5.3699525,2025-09-15,22.380000000000003,1.416,53.0,scattered clouds
Marseille,NH Collection Marseille,"37 Boulevard des Dames, 13002 Marseille, France",8.7,3172,https://www.booking.com/hotel/fr/nh-collection-marseille.fr.html,"Doté d'un bar à cocktails, d'un jardin et d'une salle de sport au 6ème étage, le NH Collection Marseille vous accueille à La Joliette, le nouveau quartier...",43.3024211,5.3686337,e38e17cf-5351-4dc6-9ec3-f6d43c063ae9,43.2961743,5.3699525,2025-09-10,23.03333333333333,7.866666666666667,57.0,few clouds
Marseille,NH Collection Marseille,"37 Boulevard des Dames, 13002 Marseille, France",8.7,3172,https://www.booking.com/hotel/fr/nh-collection-marseille.fr.html,"Doté d'un bar à cocktails, d'un jardin et d'une salle de sport au 6ème étage, le NH Collection Marseille vous accueille à La Joliette, le nouveau quartier...",43.3024211,5.3686337,e38e17cf-5351-4dc6-9ec3-f6d43c063ae9,43.2961743,5.3699525,2025-09-11,21.3375,9.4925,53.625,clear sky
Marseille,NH Collection Marseille,"37 Boulevard des Dames, 13002 Marseille, France",8.7,3172,https://www.booking.com/hotel/fr/nh-collection-marseille.fr.html,"Doté d'un bar à cocktails, d'un jardin et d'une salle de sport au 6ème étage, le NH Collection Marseille vous accueille à La Joliette, le nouveau quartier...",43.3024211,5.3686337,e38e17cf-5351-4dc6-9ec3-f6d43c063ae9,43.2961743,5.3699525,2025-09-12,22.495,6.4625,57.0,clear sky
Marseille,NH Collection Marseille,"37 Boulevard des Dames, 13002 Marseille, France",8.7,3172,https://www.booking.com/hotel/fr/nh-collection-marseille.fr.html,"Doté d'un bar à cocktails, d'un jardin et d'une salle de sport au 6ème étage, le NH Collection Marseille vous accueille à La Joliette, le nouveau quartier...",43.3024211,5.3686337,e38e17cf-5351-4dc6-9ec3-f6d43c063ae9,43.2961743,5.3699525,2025-09-13,20.575,2.44125,79.0,light rain
Marseille,NH Collection Marseille,"37 Boulevard des Dames, 13002 Marseille, France",8.7,3172,https://www.booking.com/hotel/fr/nh-collection-marseille.fr.html,"Doté d'un bar à cocktails, d'un jardin et d'une salle de sport au 6ème étage, le NH Collection Marseille vous accueille à La Joliette, le nouveau quartier...",43.3024211,5.3686337,e38e17cf-5351-4dc6-9ec3-f6d43c063ae9,43.2961743,5.3699525,2025-09-14,21.5275,6.50875,59.375,clear sky
Marseille,NH Collection Marseille,"37 Boulevard des Dames, 13002 Marseille, France",8.7,3172,https://www.booking.com/hotel/fr/nh-collection-marseille.fr.html,"Doté d'un bar à cocktails, d'un jardin et d'une salle de sport au 6ème étage, le NH Collection Marseille vous accueille à La Joliette, le nouveau quartier...",43.3024211,5.3686337,e38e17cf-5351-4dc6-9ec3-f6d43c063ae9,43.2961743,5.3699525,2025-09-15,22.380000000000003,1.416,53.0,scattered clouds
Marseille,PARADISE Earth & Sea,"32 Rue Paradis, 13001 Marseille, France",8.7,1322,https://www.booking.com/hotel/fr/paradise-eart-amp-sea.fr.html,"Proposant une connexion Wi-Fi gratuite et des hébergements avec vue sur la ville, l’établissement PARADISE Earth & Sea est idéalement situé dans le centre...",43.2933693,5.376677,e38e17cf-5351-4dc6-9ec3-f6d43c063ae9,43.2961743,5.3699525,2025-09-10,23.03333333333333,7.866666666666667,57.0,few clouds
Marseille,PARADISE Earth & Sea,"32 Rue Paradis, 13001 Marseille, France",8.7,1322,https://www.booking.com/hotel/fr/paradise-eart-amp-sea.fr.html,"Proposant une connexion Wi-Fi gratuite et des hébergements avec vue sur la ville, l’établissement PARADISE Earth & Sea est idéalement situé dans le centre...",43.2933693,5.376677,e38e17cf-5351-4dc6-9ec3-f6d43c063ae9,43.2961743,5.3699525,2025-09-11,21.3375,9.4925,53.625,clear sky
Marseille,PARADISE Earth & Sea,"32 Rue Paradis, 13001 Marseille, France",8.7,1322,https://www.booking.com/hotel/fr/paradise-eart-amp-sea.fr.html,"Proposant une connexion Wi-Fi gratuite et des hébergements avec vue sur la ville, l’établissement PARADISE Earth & Sea est idéalement situé dans le centre...",43.2933693,5.376677,e38e17cf-5351-4dc6-9ec3-f6d43c063ae9,43.2961743,5.3699525,2025-09-12,22.495,6.4625,57.0,clear sky
Marseille,PARADISE Earth & Sea,"32 Rue Paradis, 13001 Marseille, France",8.7,1322,https://www.booking.com/hotel/fr/paradise-eart-amp-sea.fr.html,"Proposant une connexion Wi-Fi gratuite et des hébergements avec vue sur la ville, l’établissement PARADISE Earth & Sea est idéalement situé dans le centre...",43.2933693,5.376677,e38e17cf-5351-4dc6-9ec3-f6d43c063ae9,43.2961743,5.3699525,2025-09-13,20.575,2.44125,79.0,light rain
Nimes,Margaret - Hôtel Chouleur,"6 Rue Fresque, 30000 Nîmes, France",9.1,490,https://www.booking.com/hotel/fr/margaret-chouleur.fr.html,L’établissement Margaret - Hôtel Chouleur bénéficie d’un emplacement idéal à Nîmes.,43.837117,4.357898,7e21bb9e-4fba-4a17-a50f-c05839b358be,43.8374249,4.3600687,2025-09-12,21.47375,2.625,49.375,clear sky
Marseille,PARADISE Earth & Sea,"32 Rue Paradis, 13001 Marseille, France",8.7,1322,https://www.booking.com/hotel/fr/paradise-eart-amp-sea.fr.html,"Proposant une connexion Wi-Fi gratuite et des hébergements avec vue sur la ville, l’établissement PARADISE Earth & Sea est idéalement situé dans le centre...",43.2933693,5.376677,e38e17cf-5351-4dc6-9ec3-f6d43c063ae9,43.2961743,5.3699525,2025-09-14,21.5275,6.50875,59.375,clear sky
Marseille,PARADISE Earth & Sea,"32 Rue Paradis, 13001 Marseille, France",8.7,1322,https://www.booking.com/hotel/fr/paradise-eart-amp-sea.fr.html,"Proposant une connexion Wi-Fi gratuite et des hébergements avec vue sur la ville, l’établissement PARADISE Earth & Sea est idéalement situé dans le centre...",43.2933693,5.376677,e38e17cf-5351-4dc6-9ec3-f6d43c063ae9,43.2961743,5.3699525,2025-09-15,22.380000000000003,1.416,53.0,scattered clouds
Marseille,Les Appartements du Vieux Port,"48 rue Vacon, 13001 Marseille, France",9.5,5446,https://www.booking.com/hotel/fr/les-jardins-du-ga-c-na-c-ral.fr.html,"Situé dans le centre-ville de Marseille, l'établissement Les Appartements du Vieux Port propose des hébergements dotés d'une connexion Wi-Fi gratuite et...",43.2951169,5.3761663,e38e17cf-5351-4dc6-9ec3-f6d43c063ae9,43.2961743,5.3699525,2025-09-10,23.03333333333333,7.866666666666667,57.0,few clouds
Marseille,Les Appartements du Vieux Port,"48 rue Vacon, 13001 Marseille, France",9.5,5446,https://www.booking.com/hotel/fr/les-jardins-du-ga-c-na-c-ral.fr.html,"Situé dans le centre-ville de Marseille, l'établissement Les Appartements du Vieux Port propose des hébergements dotés d'une connexion Wi-Fi gratuite et...",43.2951169,5.3761663,e38e17cf-5351-4dc6-9ec3-f6d43c063ae9,43.2961743,5.3699525,2025-09-11,21.3375,9.4925,53.625,clear sky
Marseille,Les Appartements du Vieux Port,"48 rue Vacon, 13001 Marseille, France",9.5,5446,https://www.booking.com/hotel/fr/les-jardins-du-ga-c-na-c-ral.fr.html,"Situé dans le centre-ville de Marseille, l'établissement Les Appartements du Vieux Port propose des hébergements dotés d'une connexion Wi-Fi gratuite et...",43.2951169,5.3761663,e38e17cf-5351-4dc6-9ec3-f6d43c063ae9,43.2961743,5.3699525,2025-09-12,22.495,6.4625,57.0,clear sky
Marseille,Les Appartements du Vieux Port,"48 rue Vacon, 13001 Marseille, France",9.5,5446,https://www.booking.com/hotel/fr/les-jardins-du-ga-c-na-c-ral.fr.html,"Situé dans le centre-ville de Marseille, l'établissement Les Appartements du Vieux Port propose des hébergements dotés d'une connexion Wi-Fi gratuite et...",43.2951169,5.3761663,e38e17cf-5351-4dc6-9ec3-f6d43c063ae9,43.2961743,5.3699525,2025-09-13,20.575,2.44125,79.0,light rain
Marseille,Les Appartements du Vieux Port,"48 rue Vacon, 13001 Marseille, France",9.5,5446,https://www.booking.com/hotel/fr/les-jardins-du-ga-c-na-c-ral.fr.html,"Situé dans le centre-ville de Marseille, l'établissement Les Appartements du Vieux Port propose des hébergements dotés d'une connexion Wi-Fi gratuite et...",43.2951169,5.3761663,e38e17cf-5351-4dc6-9ec3-f6d43c063ae9,43.2961743,5.3699525,2025-09-14,21.5275,6.50875,59.375,clear sky
Marseille,Les Appartements du Vieux Port,"48 rue Vacon, 13001 Marseille, France",9.5,5446,https://www.booking.com/hotel/fr/les-jardins-du-ga-c-na-c-ral.fr.html,"Situé dans le centre-ville de Marseille, l'établissement Les Appartements du Vieux Port propose des hébergements dotés d'une connexion Wi-Fi gratuite et...",43.2951169,5.3761663,e38e17cf-5351-4dc6-9ec3-f6d43c063ae9,43.2961743,5.3699525,2025-09-15,22.380000000000003,1.416,53.0,scattered clouds
Marseille,Mercure Marseille Canebière Vieux-Port,"48 La Canebiere, 13001 Marseille, France",8.2,2006,https://www.booking.com/hotel/fr/mercure-marseille-canebiere-vieux-port.fr.html,"Proposant un salon commun, un restaurant et un bar, l’établissement Mercure Marseille Canebière Vieux-Port se trouve dans le centre de Marseille, à 2,2 km...",43.296986,5.379321,e38e17cf-5351-4dc6-9ec3-f6d43c063ae9,43.2961743,5.3699525,2025-09-10,23.03333333333333,7.866666666666667,57.0,few clouds
Marseille,Mercure Marseille Canebière Vieux-Port,"48 La Canebiere, 13001 Marseille, France",8.2,2006,https://www.booking.com/hotel/fr/mercure-marseille-canebiere-vieux-port.fr.html,"Proposant un salon commun, un restaurant et un bar, l’établissement Mercure Marseille Canebière Vieux-Port se trouve dans le centre de Marseille, à 2,2 km...",43.296986,5.379321,e38e17cf-5351-4dc6-9ec3-f6d43c063ae9,43.2961743,5.3699525,2025-09-11,21.3375,9.4925,53.625,clear sky
Marseille,Mercure Marseille Canebière Vieux-Port,"48 La Canebiere, 13001 Marseille, France",8.2,2006,https://www.booking.com/hotel/fr/mercure-marseille-canebiere-vieux-port.fr.html,"Proposant un salon commun, un restaurant et un bar, l’établissement Mercure Marseille Canebière Vieux-Port se trouve dans le centre de Marseille, à 2,2 km...",43.296986,5.379321,e38e17cf-5351-4dc6-9ec3-f6d43c063ae9,43.2961743,5.3699525,2025-09-12,22.495,6.4625,57.0,clear sky
Marseille,Mercure Marseille Canebière Vieux-Port,"48 La Canebiere, 13001 Marseille, France",8.2,2006,https://www.booking.com/hotel/fr/mercure-marseille-canebiere-vieux-port.fr.html,"Proposant un salon commun, un restaurant et un bar, l’établissement Mercure Marseille Canebière Vieux-Port se trouve dans le centre de Marseille, à 2,2 km...",43.296986,5.379321,e38e17cf-5351-4dc6-9ec3-f6d43c063ae9,43.2961743,5.3699525,2025-09-13,20.575,2.44125,79.0,light rain
Marseille,Mercure Marseille Canebière Vieux-Port,"48 La Canebiere, 13001 Marseille, France",8.2,2006,https://www.booking.com/hotel/fr/mercure-marseille-canebiere-vieux-port.fr.html,"Proposant un salon commun, un restaurant et un bar, l’établissement Mercure Marseille Canebière Vieux-Port se trouve dans le centre de Marseille, à 2,2 km...",43.296986,5.379321,e38e17cf-5351-4dc6-9ec3-f6d43c063ae9,43.2961743,5.3699525,2025-09-14,21.5275,6.50875,59.375,clear sky
Marseille,Mercure Marseille Canebière Vieux-Port,"48 La Canebiere, 13001 Marseille, France",8.2,2006,https://www.booking.com/hotel/fr/mercure-marseille-canebiere-vieux-port.fr.html,"Proposant un salon commun, un restaurant et un bar, l’établissement Mercure Marseille Canebière Vieux-Port se trouve dans le centre de Marseille, à 2,2 km...",43.296986,5.379321,e38e17cf-5351-4dc6-9ec3-f6d43c063ae9,43.2961743,5.3699525,2025-09-15,22.380000000000003,1.416,53.0,scattered clouds
Marseille,Novotel Marseille Vieux Port,"36 Boulevard Charles Livon, 13007 Marseille, France",7.9,822,https://www.booking.com/hotel/fr/novotel-marseille-vieux-port.fr.html,"Le Novotel Marseille Vieux Port est situé à Marseille, à seulement 400 mètres du palais du Pharo et à 5 minutes de marche de la plage des Catalans.",43.2923218,5.3602391,e38e17cf-5351-4dc6-9ec3-f6d43c063ae9,43.2961743,5.3699525,2025-09-10,23.03333333333333,7.866666666666667,57.0,few clouds
Marseille,Novotel Marseille Vieux Port,"36 Boulevard Charles Livon, 13007 Marseille, France",7.9,822,https://www.booking.com/hotel/fr/novotel-marseille-vieux-port.fr.html,"Le Novotel Marseille Vieux Port est situé à Marseille, à seulement 400 mètres du palais du Pharo et à 5 minutes de marche de la plage des Catalans.",43.2923218,5.3602391,e38e17cf-5351-4dc6-9ec3-f6d43c063ae9,43.2961743,5.3699525,2025-09-11,21.3375,9.4925,53.625,clear sky
Marseille,Novotel Marseille Vieux Port,"36 Boulevard Charles Livon, 13007 Marseille, France",7.9,822,https://www.booking.com/hotel/fr/novotel-marseille-vieux-port.fr.html,"Le Novotel Marseille Vieux Port est situé à Marseille, à seulement 400 mètres du palais du Pharo et à 5 minutes de marche de la plage des Catalans.",43.2923218,5.3602391,e38e17cf-5351-4dc6-9ec3-f6d43c063ae9,43.2961743,5.3699525,2025-09-12,22.495,6.4625,57.0,clear sky
Marseille,Novotel Marseille Vieux Port,"36 Boulevard Charles Livon, 13007 Marseille, France",7.9,822,https://www.booking.com/hotel/fr/novotel-marseille-vieux-port.fr.html,"Le Novotel Marseille Vieux Port est situé à Marseille, à seulement 400 mètres du palais du Pharo et à 5 minutes de marche de la plage des Catalans.",43.2923218,5.3602391,e38e17cf-5351-4dc6-9ec3-f6d43c063ae9,43.2961743,5.3699525,2025-09-13,20.575,2.44125,79.0,light rain
Marseille,Novotel Marseille Vieux Port,"36 Boulevard Charles Livon, 13007 Marseille, France",7.9,822,https://www.booking.com/hotel/fr/novotel-marseille-vieux-port.fr.html,"Le Novotel Marseille Vieux Port est situé à Marseille, à seulement 400 mètres du palais du Pharo et à 5 minutes de marche de la plage des Catalans.",43.2923218,5.3602391,e38e17cf-5351-4dc6-9ec3-f6d43c063ae9,43.2961743,5.3699525,2025-09-14,21.5275,6.50875,59.375,clear sky
Marseille,Novotel Marseille Vieux Port,"36 Boulevard Charles Livon, 13007 Marseille, France",7.9,822,https://www.booking.com/hotel/fr/novotel-marseille-vieux-port.fr.html,"Le Novotel Marseille Vieux Port est situé à Marseille, à seulement 400 mètres du palais du Pharo et à 5 minutes de marche de la plage des Catalans.",43.2923218,5.3602391,e38e17cf-5351-4dc6-9ec3-f6d43c063ae9,43.2961743,5.3699525,2025-09-15,22.380000000000003,1.416,53.0,scattered clouds
Marseille,Golden Tulip Marseille Euromed,"6, Place Henri Verneuil, 13002 Marseille, France",7.7,3939,https://www.booking.com/hotel/fr/golden-tulip.fr.html,"Situé à Marseille, à seulement 500 mètres du centre commercial Les Terrasses du Port, le Golden Tulip Marseille Euromed offre une vue sur la mer.",43.3097218,5.3670344,e38e17cf-5351-4dc6-9ec3-f6d43c063ae9,43.2961743,5.3699525,2025-09-10,23.03333333333333,7.866666666666667,57.0,few clouds
Marseille,Golden Tulip Marseille Euromed,"6, Place Henri Verneuil, 13002 Marseille, France",7.7,3939,https://www.booking.com/hotel/fr/golden-tulip.fr.html,"Situé à Marseille, à seulement 500 mètres du centre commercial Les Terrasses du Port, le Golden Tulip Marseille Euromed offre une vue sur la mer.",43.3097218,5.3670344,e38e17cf-5351-4dc6-9ec3-f6d43c063ae9,43.2961743,5.3699525,2025-09-11,21.3375,9.4925,53.625,clear sky
Marseille,Golden Tulip Marseille Euromed,"6, Place Henri Verneuil, 13002 Marseille, France",7.7,3939,https://www.booking.com/hotel/fr/golden-tulip.fr.html,"Situé à Marseille, à seulement 500 mètres du centre commercial Les Terrasses du Port, le Golden Tulip Marseille Euromed offre une vue sur la mer.",43.3097218,5.3670344,e38e17cf-5351-4dc6-9ec3-f6d43c063ae9,43.2961743,5.3699525,2025-09-12,22.495,6.4625,57.0,clear sky
Marseille,Golden Tulip Marseille Euromed,"6, Place Henri Verneuil, 13002 Marseille, France",7.7,3939,https://www.booking.com/hotel/fr/golden-tulip.fr.html,"Situé à Marseille, à seulement 500 mètres du centre commercial Les Terrasses du Port, le Golden Tulip Marseille Euromed offre une vue sur la mer.",43.3097218,5.3670344,e38e17cf-5351-4dc6-9ec3-f6d43c063ae9,43.2961743,5.3699525,2025-09-13,20.575,2.44125,79.0,light rain
Marseille,Golden Tulip Marseille Euromed,"6, Place Henri Verneuil, 13002 Marseille, France",7.7,3939,https://www.booking.com/hotel/fr/golden-tulip.fr.html,"Situé à Marseille, à seulement 500 mètres du centre commercial Les Terrasses du Port, le Golden Tulip Marseille Euromed offre une vue sur la mer.",43.3097218,5.3670344,e38e17cf-5351-4dc6-9ec3-f6d43c063ae9,43.2961743,5.3699525,2025-09-14,21.5275,6.50875,59.375,clear sky
Marseille,Golden Tulip Marseille Euromed,"6, Place Henri Verneuil, 13002 Marseille, France",7.7,3939,https://www.booking.com/hotel/fr/golden-tulip.fr.html,"Situé à Marseille, à seulement 500 mètres du centre commercial Les Terrasses du Port, le Golden Tulip Marseille Euromed offre une vue sur la mer.",43.3097218,5.3670344,e38e17cf-5351-4dc6-9ec3-f6d43c063ae9,43.2961743,5.3699525,2025-09-15,22.380000000000003,1.416,53.0,scattered clouds
Marseille,nhow Marseille,"200 Corniche J.F. Kennedy, 13007 Marseille, France",8.3,3090,https://www.booking.com/hotel/fr/nhow-marseille.fr.html,"Situé dans la baie du Prado, le nhow Marseille se trouve à 4 km du centre-ville de Marseille.",43.2687356,5.3690743,e38e17cf-5351-4dc6-9ec3-f6d43c063ae9,43.2961743,5.3699525,2025-09-10,23.03333333333333,7.866666666666667,57.0,few clouds
Marseille,nhow Marseille,"200 Corniche J.F. Kennedy, 13007 Marseille, France",8.3,3090,https://www.booking.com/hotel/fr/nhow-marseille.fr.html,"Situé dans la baie du Prado, le nhow Marseille se trouve à 4 km du centre-ville de Marseille.",43.2687356,5.3690743,e38e17cf-5351-4dc6-9ec3-f6d43c063ae9,43.2961743,5.3699525,2025-09-11,21.3375,9.4925,53.625,clear sky
Marseille,nhow Marseille,"200 Corniche J.F. Kennedy, 13007 Marseille, France",8.3,3090,https://www.booking.com/hotel/fr/nhow-marseille.fr.html,"Situé dans la baie du Prado, le nhow Marseille se trouve à 4 km du centre-ville de Marseille.",43.2687356,5.3690743,e38e17cf-5351-4dc6-9ec3-f6d43c063ae9,43.2961743,5.3699525,2025-09-12,22.495,6.4625,57.0,clear sky
Marseille,nhow Marseille,"200 Corniche J.F. Kennedy, 13007 Marseille, France",8.3,3090,https://www.booking.com/hotel/fr/nhow-marseille.fr.html,"Situé dans la baie du Prado, le nhow Marseille se trouve à 4 km du centre-ville de Marseille.",43.2687356,5.3690743,e38e17cf-5351-4dc6-9ec3-f6d43c063ae9,43.2961743,5.3699525,2025-09-13,20.575,2.44125,79.0,light rain
Marseille,nhow Marseille,"200 Corniche J.F. Kennedy, 13007 Marseille, France",8.3,3090,https://www.booking.com/hotel/fr/nhow-marseille.fr.html,"Situé dans la baie du Prado, le nhow Marseille se trouve à 4 km du centre-ville de Marseille.",43.2687356,5.3690743,e38e17cf-5351-4dc6-9ec3-f6d43c063ae9,43.2961743,5.3699525,2025-09-14,21.5275,6.50875,59.375,clear sky
Marseille,nhow Marseille,"200 Corniche J.F. Kennedy, 13007 Marseille, France",8.3,3090,https://www.booking.com/hotel/fr/nhow-marseille.fr.html,"Situé dans la baie du Prado, le nhow Marseille se trouve à 4 km du centre-ville de Marseille.",43.2687356,5.3690743,e38e17cf-5351-4dc6-9ec3-f6d43c063ae9,43.2961743,5.3699525,2025-09-15,22.380000000000003,1.416,53.0,scattered clouds
Marseille,Maisons du Monde Hôtel & Suites - Marseille Vieux Port,"43 Quai des Belges, 13001 Marseille, France",8.8,1835,https://www.booking.com/hotel/fr/maisondumondehotelandsuitesmarseille.fr.html,"Surplombant le Vieux-Port, l’établissement Maisons du Monde Hôtel & Suites - Marseille Vieux Port vous accueille au cœur de Marseille.",43.2941237,5.3746399,e38e17cf-5351-4dc6-9ec3-f6d43c063ae9,43.2961743,5.3699525,2025-09-10,23.03333333333333,7.866666666666667,57.0,few clouds
Marseille,Maisons du Monde Hôtel & Suites - Marseille Vieux Port,"43 Quai des Belges, 13001 Marseille, France",8.8,1835,https://www.booking.com/hotel/fr/maisondumondehotelandsuitesmarseille.fr.html,"Surplombant le Vieux-Port, l’établissement Maisons du Monde Hôtel & Suites - Marseille Vieux Port vous accueille au cœur de Marseille.",43.2941237,5.3746399,e38e17cf-5351-4dc6-9ec3-f6d43c063ae9,43.2961743,5.3699525,2025-09-11,21.3375,9.4925,53.625,clear sky
Marseille,Maisons du Monde Hôtel & Suites - Marseille Vieux Port,"43 Quai des Belges, 13001 Marseille, France",8.8,1835,https://www.booking.com/hotel/fr/maisondumondehotelandsuitesmarseille.fr.html,"Surplombant le Vieux-Port, l’établissement Maisons du Monde Hôtel & Suites - Marseille Vieux Port vous accueille au cœur de Marseille.",43.2941237,5.3746399,e38e17cf-5351-4dc6-9ec3-f6d43c063ae9,43.2961743,5.3699525,2025-09-12,22.495,6.4625,57.0,clear sky
Marseille,Maisons du Monde Hôtel & Suites - Marseille Vieux Port,"43 Quai des Belges, 13001 Marseille, France",8.8,1835,https://www.booking.com/hotel/fr/maisondumondehotelandsuitesmarseille.fr.html,"Surplombant le Vieux-Port, l’établissement Maisons du Monde Hôtel & Suites - Marseille Vieux Port vous accueille au cœur de Marseille.",43.2941237,5.3746399,e38e17cf-5351-4dc6-9ec3-f6d43c063ae9,43.2961743,5.3699525,2025-09-13,20.575,2.44125,79.0,light rain
Marseille,Maisons du Monde Hôtel & Suites - Marseille Vieux Port,"43 Quai des Belges, 13001 Marseille, France",8.8,1835,https://www.booking.com/hotel/fr/maisondumondehotelandsuitesmarseille.fr.html,"Surplombant le Vieux-Port, l’établissement Maisons du Monde Hôtel & Suites - Marseille Vieux Port vous accueille au cœur de Marseille.",43.2941237,5.3746399,e38e17cf-5351-4dc6-9ec3-f6d43c063ae9,43.2961743,5.3699525,2025-09-14,21.5275,6.50875,59.375,clear sky
Marseille,Maisons du Monde Hôtel & Suites - Marseille Vieux Port,"43 Quai des Belges, 13001 Marseille, France",8.8,1835,https://www.booking.com/hotel/fr/maisondumondehotelandsuitesmarseille.fr.html,"Surplombant le Vieux-Port, l’établissement Maisons du Monde Hôtel & Suites - Marseille Vieux Port vous accueille au cœur de Marseille.",43.2941237,5.3746399,e38e17cf-5351-4dc6-9ec3-f6d43c063ae9,43.2961743,5.3699525,2025-09-15,22.380000000000003,1.416,53.0,scattered clouds
Marseille,InterContinental Marseille - Hotel Dieu by IHG,"1 Place Daviel, 13002 Marseille, France",8.7,1902,https://www.booking.com/hotel/fr/marseille-dieu.fr.html,"L'InterContinental Marseille - Hotel Dieu, an IHG Hotel vous accueille dans un magnifique bâtiment datant du XVIIIe siècle, dans le quartier historique de...",43.2985817,5.3697462,e38e17cf-5351-4dc6-9ec3-f6d43c063ae9,43.2961743,5.3699525,2025-09-10,23.03333333333333,7.866666666666667,57.0,few clouds
Marseille,InterContinental Marseille - Hotel Dieu by IHG,"1 Place Daviel, 13002 Marseille, France",8.7,1902,https://www.booking.com/hotel/fr/marseille-dieu.fr.html,"L'InterContinental Marseille - Hotel Dieu, an IHG Hotel vous accueille dans un magnifique bâtiment datant du XVIIIe siècle, dans le quartier historique de...",43.2985817,5.3697462,e38e17cf-5351-4dc6-9ec3-f6d43c063ae9,43.2961743,5.3699525,2025-09-11,21.3375,9.4925,53.625,clear sky
Marseille,InterContinental Marseille - Hotel Dieu by IHG,"1 Place Daviel, 13002 Marseille, France",8.7,1902,https://www.booking.com/hotel/fr/marseille-dieu.fr.html,"L'InterContinental Marseille - Hotel Dieu, an IHG Hotel vous accueille dans un magnifique bâtiment datant du XVIIIe siècle, dans le quartier historique de...",43.2985817,5.3697462,e38e17cf-5351-4dc6-9ec3-f6d43c063ae9,43.2961743,5.3699525,2025-09-12,22.495,6.4625,57.0,clear sky
Marseille,InterContinental Marseille - Hotel Dieu by IHG,"1 Place Daviel, 13002 Marseille, France",8.7,1902,https://www.booking.com/hotel/fr/marseille-dieu.fr.html,"L'InterContinental Marseille - Hotel Dieu, an IHG Hotel vous accueille dans un magnifique bâtiment datant du XVIIIe siècle, dans le quartier historique de...",43.2985817,5.3697462,e38e17cf-5351-4dc6-9ec3-f6d43c063ae9,43.2961743,5.3699525,2025-09-13,20.575,2.44125,79.0,light rain
Marseille,InterContinental Marseille - Hotel Dieu by IHG,"1 Place Daviel, 13002 Marseille, France",8.7,1902,https://www.booking.com/hotel/fr/marseille-dieu.fr.html,"L'InterContinental Marseille - Hotel Dieu, an IHG Hotel vous accueille dans un magnifique bâtiment datant du XVIIIe siècle, dans le quartier historique de...",43.2985817,5.3697462,e38e17cf-5351-4dc6-9ec3-f6d43c063ae9,43.2961743,5.3699525,2025-09-14,21.5275,6.50875,59.375,clear sky
Marseille,InterContinental Marseille - Hotel Dieu by IHG,"1 Place Daviel, 13002 Marseille, France",8.7,1902,https://www.booking.com/hotel/fr/marseille-dieu.fr.html,"L'InterContinental Marseille - Hotel Dieu, an IHG Hotel vous accueille dans un magnifique bâtiment datant du XVIIIe siècle, dans le quartier historique de...",43.2985817,5.3697462,e38e17cf-5351-4dc6-9ec3-f6d43c063ae9,43.2961743,5.3699525,2025-09-15,22.380000000000003,1.416,53.0,scattered clouds
Marseille,The Babel Community Hôtel - Vieux Port,"21 Rue Haxo, 13001 Marseille, France",8.2,2205,https://www.booking.com/hotel/fr/grand-t1-vieux-port-salle-de-sport-amp-rooftop.fr.html,"L’établissement The Babel Community Hôtel - Vieux Port se situe à Marseille, à 500 mètres du centre et à 2 km de ce lieu d’intérêt : Plage des Catalans.",43.2937579,5.3774478,e38e17cf-5351-4dc6-9ec3-f6d43c063ae9,43.2961743,5.3699525,2025-09-10,23.03333333333333,7.866666666666667,57.0,few clouds
Marseille,The Babel Community Hôtel - Vieux Port,"21 Rue Haxo, 13001 Marseille, France",8.2,2205,https://www.booking.com/hotel/fr/grand-t1-vieux-port-salle-de-sport-amp-rooftop.fr.html,"L’établissement The Babel Community Hôtel - Vieux Port se situe à Marseille, à 500 mètres du centre et à 2 km de ce lieu d’intérêt : Plage des Catalans.",43.2937579,5.3774478,e38e17cf-5351-4dc6-9ec3-f6d43c063ae9,43.2961743,5.3699525,2025-09-11,21.3375,9.4925,53.625,clear sky
Marseille,The Babel Community Hôtel - Vieux Port,"21 Rue Haxo, 13001 Marseille, France",8.2,2205,https://www.booking.com/hotel/fr/grand-t1-vieux-port-salle-de-sport-amp-rooftop.fr.html,"L’établissement The Babel Community Hôtel - Vieux Port se situe à Marseille, à 500 mètres du centre et à 2 km de ce lieu d’intérêt : Plage des Catalans.",43.2937579,5.3774478,e38e17cf-5351-4dc6-9ec3-f6d43c063ae9,43.2961743,5.3699525,2025-09-12,22.495,6.4625,57.0,clear sky
Marseille,The Babel Community Hôtel - Vieux Port,"21 Rue Haxo, 13001 Marseille, France",8.2,2205,https://www.booking.com/hotel/fr/grand-t1-vieux-port-salle-de-sport-amp-rooftop.fr.html,"L’établissement The Babel Community Hôtel - Vieux Port se situe à Marseille, à 500 mètres du centre et à 2 km de ce lieu d’intérêt : Plage des Catalans.",43.2937579,5.3774478,e38e17cf-5351-4dc6-9ec3-f6d43c063ae9,43.2961743,5.3699525,2025-09-13,20.575,2.44125,79.0,light rain
Marseille,The Babel Community Hôtel - Vieux Port,"21 Rue Haxo, 13001 Marseille, France",8.2,2205,https://www.booking.com/hotel/fr/grand-t1-vieux-port-salle-de-sport-amp-rooftop.fr.html,"L’établissement The Babel Community Hôtel - Vieux Port se situe à Marseille, à 500 mètres du centre et à 2 km de ce lieu d’intérêt : Plage des Catalans.",43.2937579,5.3774478,e38e17cf-5351-4dc6-9ec3-f6d43c063ae9,43.2961743,5.3699525,2025-09-14,21.5275,6.50875,59.375,clear sky
Marseille,The Babel Community Hôtel - Vieux Port,"21 Rue Haxo, 13001 Marseille, France",8.2,2205,https://www.booking.com/hotel/fr/grand-t1-vieux-port-salle-de-sport-amp-rooftop.fr.html,"L’établissement The Babel Community Hôtel - Vieux Port se situe à Marseille, à 500 mètres du centre et à 2 km de ce lieu d’intérêt : Plage des Catalans.",43.2937579,5.3774478,e38e17cf-5351-4dc6-9ec3-f6d43c063ae9,43.2961743,5.3699525,2025-09-15,22.380000000000003,1.416,53.0,scattered clouds
Marseille,Mercure Marseille Centre Vieux Port,"1 Rue Neuve Saint Martin, 13001 Marseille, France",7.9,1467,https://www.booking.com/hotel/fr/mercure-marseille-centre-vieux-port.fr.html,"Le Mercure Marseille Centre Vieux Port vous accueille à côté du centre de conventions WTC et du jardin des Vestiges, à seulement 5 minutes à pied du...",43.2986801,5.3753252,e38e17cf-5351-4dc6-9ec3-f6d43c063ae9,43.2961743,5.3699525,2025-09-10,23.03333333333333,7.866666666666667,57.0,few clouds
Marseille,Mercure Marseille Centre Vieux Port,"1 Rue Neuve Saint Martin, 13001 Marseille, France",7.9,1467,https://www.booking.com/hotel/fr/mercure-marseille-centre-vieux-port.fr.html,"Le Mercure Marseille Centre Vieux Port vous accueille à côté du centre de conventions WTC et du jardin des Vestiges, à seulement 5 minutes à pied du...",43.2986801,5.3753252,e38e17cf-5351-4dc6-9ec3-f6d43c063ae9,43.2961743,5.3699525,2025-09-11,21.3375,9.4925,53.625,clear sky
Marseille,Mercure Marseille Centre Vieux Port,"1 Rue Neuve Saint Martin, 13001 Marseille, France",7.9,1467,https://www.booking.com/hotel/fr/mercure-marseille-centre-vieux-port.fr.html,"Le Mercure Marseille Centre Vieux Port vous accueille à côté du centre de conventions WTC et du jardin des Vestiges, à seulement 5 minutes à pied du...",43.2986801,5.3753252,e38e17cf-5351-4dc6-9ec3-f6d43c063ae9,43.2961743,5.3699525,2025-09-12,22.495,6.4625,57.0,clear sky
Marseille,Mercure Marseille Centre Vieux Port,"1 Rue Neuve Saint Martin, 13001 Marseille, France",7.9,1467,https://www.booking.com/hotel/fr/mercure-marseille-centre-vieux-port.fr.html,"Le Mercure Marseille Centre Vieux Port vous accueille à côté du centre de conventions WTC et du jardin des Vestiges, à seulement 5 minutes à pied du...",43.2986801,5.3753252,e38e17cf-5351-4dc6-9ec3-f6d43c063ae9,43.2961743,5.3699525,2025-09-13,20.575,2.44125,79.0,light rain
Marseille,Mercure Marseille Centre Vieux Port,"1 Rue Neuve Saint Martin, 13001 Marseille, France",7.9,1467,https://www.booking.com/hotel/fr/mercure-marseille-centre-vieux-port.fr.html,"Le Mercure Marseille Centre Vieux Port vous accueille à côté du centre de conventions WTC et du jardin des Vestiges, à seulement 5 minutes à pied du...",43.2986801,5.3753252,e38e17cf-5351-4dc6-9ec3-f6d43c063ae9,43.2961743,5.3699525,2025-09-14,21.5275,6.50875,59.375,clear sky
Marseille,Mercure Marseille Centre Vieux Port,"1 Rue Neuve Saint Martin, 13001 Marseille, France",7.9,1467,https://www.booking.com/hotel/fr/mercure-marseille-centre-vieux-port.fr.html,"Le Mercure Marseille Centre Vieux Port vous accueille à côté du centre de conventions WTC et du jardin des Vestiges, à seulement 5 minutes à pied du...",43.2986801,5.3753252,e38e17cf-5351-4dc6-9ec3-f6d43c063ae9,43.2961743,5.3699525,2025-09-15,22.380000000000003,1.416,53.0,scattered clouds
Nimes,Appart'City Collection Nîmes Arènes,"1 Boulevard De Bruxelles, 30000 Nîmes, France",8.9,3145,https://www.booking.com/hotel/fr/appart-39-city-nimes.fr.html,"L'Appart'City Collection Nîmes Arènes vous accueille dans le centre historique de Nîmes, à 1 minute à pied des arènes et à 300 mètres de la gare.",43.8338735,4.361434,7e21bb9e-4fba-4a17-a50f-c05839b358be,43.8374249,4.3600687,2025-09-10,24.05666666666667,5.753333333333333,44.0,broken clouds
Nimes,Appart'City Collection Nîmes Arènes,"1 Boulevard De Bruxelles, 30000 Nîmes, France",8.9,3145,https://www.booking.com/hotel/fr/appart-39-city-nimes.fr.html,"L'Appart'City Collection Nîmes Arènes vous accueille dans le centre historique de Nîmes, à 1 minute à pied des arènes et à 300 mètres de la gare.",43.8338735,4.361434,7e21bb9e-4fba-4a17-a50f-c05839b358be,43.8374249,4.3600687,2025-09-11,21.335,4.9925,47.5,clear sky
Nimes,Appart'City Collection Nîmes Arènes,"1 Boulevard De Bruxelles, 30000 Nîmes, France",8.9,3145,https://www.booking.com/hotel/fr/appart-39-city-nimes.fr.html,"L'Appart'City Collection Nîmes Arènes vous accueille dans le centre historique de Nîmes, à 1 minute à pied des arènes et à 300 mètres de la gare.",43.8338735,4.361434,7e21bb9e-4fba-4a17-a50f-c05839b358be,43.8374249,4.3600687,2025-09-12,21.47375,2.625,49.375,clear sky
Nimes,Appart'City Collection Nîmes Arènes,"1 Boulevard De Bruxelles, 30000 Nîmes, France",8.9,3145,https://www.booking.com/hotel/fr/appart-39-city-nimes.fr.html,"L'Appart'City Collection Nîmes Arènes vous accueille dans le centre historique de Nîmes, à 1 minute à pied des arènes et à 300 mètres de la gare.",43.8338735,4.361434,7e21bb9e-4fba-4a17-a50f-c05839b358be,43.8374249,4.3600687,2025-09-13,18.65875,2.26875,69.125,light rain
Nimes,Appart'City Collection Nîmes Arènes,"1 Boulevard De Bruxelles, 30000 Nîmes, France",8.9,3145,https://www.booking.com/hotel/fr/appart-39-city-nimes.fr.html,"L'Appart'City Collection Nîmes Arènes vous accueille dans le centre historique de Nîmes, à 1 minute à pied des arènes et à 300 mètres de la gare.",43.8338735,4.361434,7e21bb9e-4fba-4a17-a50f-c05839b358be,43.8374249,4.3600687,2025-09-14,20.2475,2.54125,53.0,clear sky
Nimes,Appart'City Collection Nîmes Arènes,"1 Boulevard De Bruxelles, 30000 Nîmes, France",8.9,3145,https://www.booking.com/hotel/fr/appart-39-city-nimes.fr.html,"L'Appart'City Collection Nîmes Arènes vous accueille dans le centre historique de Nîmes, à 1 minute à pied des arènes et à 300 mètres de la gare.",43.8338735,4.361434,7e21bb9e-4fba-4a17-a50f-c05839b358be,43.8374249,4.3600687,2025-09-15,20.768,1.6960000000000002,49.4,broken clouds
Nimes,Logis NIMOTEL Hôtel Cosy,"152 Rue Claude Nicolas Ledoux, 30900 Nîmes, France",7.8,4502,https://www.booking.com/hotel/fr/nimotel.fr.html,Le Logis NIMOTEL Hôtel Cosy vous accueille à 1 km de l’autoroute A9 et à 10 minutes en voiture du centre-ville de Nîmes.,43.8155763,4.3466035,7e21bb9e-4fba-4a17-a50f-c05839b358be,43.8374249,4.3600687,2025-09-10,24.05666666666667,5.753333333333333,44.0,broken clouds
Nimes,Logis NIMOTEL Hôtel Cosy,"152 Rue Claude Nicolas Ledoux, 30900 Nîmes, France",7.8,4502,https://www.booking.com/hotel/fr/nimotel.fr.html,Le Logis NIMOTEL Hôtel Cosy vous accueille à 1 km de l’autoroute A9 et à 10 minutes en voiture du centre-ville de Nîmes.,43.8155763,4.3466035,7e21bb9e-4fba-4a17-a50f-c05839b358be,43.8374249,4.3600687,2025-09-11,21.335,4.9925,47.5,clear sky
Nimes,Logis NIMOTEL Hôtel Cosy,"152 Rue Claude Nicolas Ledoux, 30900 Nîmes, France",7.8,4502,https://www.booking.com/hotel/fr/nimotel.fr.html,Le Logis NIMOTEL Hôtel Cosy vous accueille à 1 km de l’autoroute A9 et à 10 minutes en voiture du centre-ville de Nîmes.,43.8155763,4.3466035,7e21bb9e-4fba-4a17-a50f-c05839b358be,43.8374249,4.3600687,2025-09-12,21.47375,2.625,49.375,clear sky
Nimes,Logis NIMOTEL Hôtel Cosy,"152 Rue Claude Nicolas Ledoux, 30900 Nîmes, France",7.8,4502,https://www.booking.com/hotel/fr/nimotel.fr.html,Le Logis NIMOTEL Hôtel Cosy vous accueille à 1 km de l’autoroute A9 et à 10 minutes en voiture du centre-ville de Nîmes.,43.8155763,4.3466035,7e21bb9e-4fba-4a17-a50f-c05839b358be,43.8374249,4.3600687,2025-09-13,18.65875,2.26875,69.125,light rain
Nimes,Logis NIMOTEL Hôtel Cosy,"152 Rue Claude Nicolas Ledoux, 30900 Nîmes, France",7.8,4502,https://www.booking.com/hotel/fr/nimotel.fr.html,Le Logis NIMOTEL Hôtel Cosy vous accueille à 1 km de l’autoroute A9 et à 10 minutes en voiture du centre-ville de Nîmes.,43.8155763,4.3466035,7e21bb9e-4fba-4a17-a50f-c05839b358be,43.8374249,4.3600687,2025-09-14,20.2475,2.54125,53.0,clear sky
Nimes,Logis NIMOTEL Hôtel Cosy,"152 Rue Claude Nicolas Ledoux, 30900 Nîmes, France",7.8,4502,https://www.booking.com/hotel/fr/nimotel.fr.html,Le Logis NIMOTEL Hôtel Cosy vous accueille à 1 km de l’autoroute A9 et à 10 minutes en voiture du centre-ville de Nîmes.,43.8155763,4.3466035,7e21bb9e-4fba-4a17-a50f-c05839b358be,43.8374249,4.3600687,2025-09-15,20.768,1.6960000000000002,49.4,broken clouds
Nimes,hotelF1 Nîmes Ouest,"Chemin de l'Hostellerie Ville active, centre hôtelier, 30900 Nîmes, France",7.1,2163,https://www.booking.com/hotel/fr/hotelf1-nimes-ouest.fr.html,"L'hotelF1 Nîmes Ouest est situé à Nîmes, à 44 km de Montpellier et à 40 km d'Avignon. Toutes les chambres donnent accès à une salle de bains commune.",43.815334,4.344052,7e21bb9e-4fba-4a17-a50f-c05839b358be,43.8374249,4.3600687,2025-09-10,24.05666666666667,5.753333333333333,44.0,broken clouds
Nimes,hotelF1 Nîmes Ouest,"Chemin de l'Hostellerie Ville active, centre hôtelier, 30900 Nîmes, France",7.1,2163,https://www.booking.com/hotel/fr/hotelf1-nimes-ouest.fr.html,"L'hotelF1 Nîmes Ouest est situé à Nîmes, à 44 km de Montpellier et à 40 km d'Avignon. Toutes les chambres donnent accès à une salle de bains commune.",43.815334,4.344052,7e21bb9e-4fba-4a17-a50f-c05839b358be,43.8374249,4.3600687,2025-09-11,21.335,4.9925,47.5,clear sky
Nimes,hotelF1 Nîmes Ouest,"Chemin de l'Hostellerie Ville active, centre hôtelier, 30900 Nîmes, France",7.1,2163,https://www.booking.com/hotel/fr/hotelf1-nimes-ouest.fr.html,"L'hotelF1 Nîmes Ouest est situé à Nîmes, à 44 km de Montpellier et à 40 km d'Avignon. Toutes les chambres donnent accès à une salle de bains commune.",43.815334,4.344052,7e21bb9e-4fba-4a17-a50f-c05839b358be,43.8374249,4.3600687,2025-09-12,21.47375,2.625,49.375,clear sky
Nimes,hotelF1 Nîmes Ouest,"Chemin de l'Hostellerie Ville active, centre hôtelier, 30900 Nîmes, France",7.1,2163,https://www.booking.com/hotel/fr/hotelf1-nimes-ouest.fr.html,"L'hotelF1 Nîmes Ouest est situé à Nîmes, à 44 km de Montpellier et à 40 km d'Avignon. Toutes les chambres donnent accès à une salle de bains commune.",43.815334,4.344052,7e21bb9e-4fba-4a17-a50f-c05839b358be,43.8374249,4.3600687,2025-09-13,18.65875,2.26875,69.125,light rain
Nimes,hotelF1 Nîmes Ouest,"Chemin de l'Hostellerie Ville active, centre hôtelier, 30900 Nîmes, France",7.1,2163,https://www.booking.com/hotel/fr/hotelf1-nimes-ouest.fr.html,"L'hotelF1 Nîmes Ouest est situé à Nîmes, à 44 km de Montpellier et à 40 km d'Avignon. Toutes les chambres donnent accès à une salle de bains commune.",43.815334,4.344052,7e21bb9e-4fba-4a17-a50f-c05839b358be,43.8374249,4.3600687,2025-09-14,20.2475,2.54125,53.0,clear sky
Nimes,hotelF1 Nîmes Ouest,"Chemin de l'Hostellerie Ville active, centre hôtelier, 30900 Nîmes, France",7.1,2163,https://www.booking.com/hotel/fr/hotelf1-nimes-ouest.fr.html,"L'hotelF1 Nîmes Ouest est situé à Nîmes, à 44 km de Montpellier et à 40 km d'Avignon. Toutes les chambres donnent accès à une salle de bains commune.",43.815334,4.344052,7e21bb9e-4fba-4a17-a50f-c05839b358be,43.8374249,4.3600687,2025-09-15,20.768,1.6960000000000002,49.4,broken clouds
Nimes,Duplex 120m2 terrasse vue sur Nîmes,"36 Boulevard Sergent Triaire, 30000 Nîmes, France",8.8,69,https://www.booking.com/hotel/fr/duplex-120m2-terrasse-vue-sur-nimes-nimes.fr.html,"L’hébergement Duplex 120m2 terrasse vue sur Nîmes vous accueille à Nîmes, à respectivement 1,8 km et 32 km de ces lieux d’intérêt : Parc des expositions de...",43.8293475,4.3612702,7e21bb9e-4fba-4a17-a50f-c05839b358be,43.8374249,4.3600687,2025-09-10,24.05666666666667,5.753333333333333,44.0,broken clouds
Nimes,Duplex 120m2 terrasse vue sur Nîmes,"36 Boulevard Sergent Triaire, 30000 Nîmes, France",8.8,69,https://www.booking.com/hotel/fr/duplex-120m2-terrasse-vue-sur-nimes-nimes.fr.html,"L’hébergement Duplex 120m2 terrasse vue sur Nîmes vous accueille à Nîmes, à respectivement 1,8 km et 32 km de ces lieux d’intérêt : Parc des expositions de...",43.8293475,4.3612702,7e21bb9e-4fba-4a17-a50f-c05839b358be,43.8374249,4.3600687,2025-09-11,21.335,4.9925,47.5,clear sky
Nimes,Duplex 120m2 terrasse vue sur Nîmes,"36 Boulevard Sergent Triaire, 30000 Nîmes, France",8.8,69,https://www.booking.com/hotel/fr/duplex-120m2-terrasse-vue-sur-nimes-nimes.fr.html,"L’hébergement Duplex 120m2 terrasse vue sur Nîmes vous accueille à Nîmes, à respectivement 1,8 km et 32 km de ces lieux d’intérêt : Parc des expositions de...",43.8293475,4.3612702,7e21bb9e-4fba-4a17-a50f-c05839b358be,43.8374249,4.3600687,2025-09-12,21.47375,2.625,49.375,clear sky
Nimes,Duplex 120m2 terrasse vue sur Nîmes,"36 Boulevard Sergent Triaire, 30000 Nîmes, France",8.8,69,https://www.booking.com/hotel/fr/duplex-120m2-terrasse-vue-sur-nimes-nimes.fr.html,"L’hébergement Duplex 120m2 terrasse vue sur Nîmes vous accueille à Nîmes, à respectivement 1,8 km et 32 km de ces lieux d’intérêt : Parc des expositions de...",43.8293475,4.3612702,7e21bb9e-4fba-4a17-a50f-c05839b358be,43.8374249,4.3600687,2025-09-13,18.65875,2.26875,69.125,light rain
Nimes,Duplex 120m2 terrasse vue sur Nîmes,"36 Boulevard Sergent Triaire, 30000 Nîmes, France",8.8,69,https://www.booking.com/hotel/fr/duplex-120m2-terrasse-vue-sur-nimes-nimes.fr.html,"L’hébergement Duplex 120m2 terrasse vue sur Nîmes vous accueille à Nîmes, à respectivement 1,8 km et 32 km de ces lieux d’intérêt : Parc des expositions de...",43.8293475,4.3612702,7e21bb9e-4fba-4a17-a50f-c05839b358be,43.8374249,4.3600687,2025-09-14,20.2475,2.54125,53.0,clear sky
Nimes,Duplex 120m2 terrasse vue sur Nîmes,"36 Boulevard Sergent Triaire, 30000 Nîmes, France",8.8,69,https://www.booking.com/hotel/fr/duplex-120m2-terrasse-vue-sur-nimes-nimes.fr.html,"L’hébergement Duplex 120m2 terrasse vue sur Nîmes vous accueille à Nîmes, à respectivement 1,8 km et 32 km de ces lieux d’intérêt : Parc des expositions de...",43.8293475,4.3612702,7e21bb9e-4fba-4a17-a50f-c05839b358be,43.8374249,4.3600687,2025-09-15,20.768,1.6960000000000002,49.4,broken clouds
Nimes,Novotel Atria Nimes Centre,"5 boulevard de Prague, 30000 Nîmes, France",8.4,95,https://www.booking.com/hotel/fr/atria-nimes-centre.fr.html,Le hall et les chambres de l'hôtel subiront des travaux de rénovation complets du 21 octobre 2024 au 30 avril 2025.,43.8354206,4.3634042,7e21bb9e-4fba-4a17-a50f-c05839b358be,43.8374249,4.3600687,2025-09-10,24.05666666666667,5.753333333333333,44.0,broken clouds
Nimes,Novotel Atria Nimes Centre,"5 boulevard de Prague, 30000 Nîmes, France",8.4,95,https://www.booking.com/hotel/fr/atria-nimes-centre.fr.html,Le hall et les chambres de l'hôtel subiront des travaux de rénovation complets du 21 octobre 2024 au 30 avril 2025.,43.8354206,4.3634042,7e21bb9e-4fba-4a17-a50f-c05839b358be,43.8374249,4.3600687,2025-09-11,21.335,4.9925,47.5,clear sky
Nimes,Novotel Atria Nimes Centre,"5 boulevard de Prague, 30000 Nîmes, France",8.4,95,https://www.booking.com/hotel/fr/atria-nimes-centre.fr.html,Le hall et les chambres de l'hôtel subiront des travaux de rénovation complets du 21 octobre 2024 au 30 avril 2025.,43.8354206,4.3634042,7e21bb9e-4fba-4a17-a50f-c05839b358be,43.8374249,4.3600687,2025-09-12,21.47375,2.625,49.375,clear sky
Nimes,Novotel Atria Nimes Centre,"5 boulevard de Prague, 30000 Nîmes, France",8.4,95,https://www.booking.com/hotel/fr/atria-nimes-centre.fr.html,Le hall et les chambres de l'hôtel subiront des travaux de rénovation complets du 21 octobre 2024 au 30 avril 2025.,43.8354206,4.3634042,7e21bb9e-4fba-4a17-a50f-c05839b358be,43.8374249,4.3600687,2025-09-13,18.65875,2.26875,69.125,light rain
Nimes,Novotel Atria Nimes Centre,"5 boulevard de Prague, 30000 Nîmes, France",8.4,95,https://www.booking.com/hotel/fr/atria-nimes-centre.fr.html,Le hall et les chambres de l'hôtel subiront des travaux de rénovation complets du 21 octobre 2024 au 30 avril 2025.,43.8354206,4.3634042,7e21bb9e-4fba-4a17-a50f-c05839b358be,43.8374249,4.3600687,2025-09-14,20.2475,2.54125,53.0,clear sky
Nimes,Novotel Atria Nimes Centre,"5 boulevard de Prague, 30000 Nîmes, France",8.4,95,https://www.booking.com/hotel/fr/atria-nimes-centre.fr.html,Le hall et les chambres de l'hôtel subiront des travaux de rénovation complets du 21 octobre 2024 au 30 avril 2025.,43.8354206,4.3634042,7e21bb9e-4fba-4a17-a50f-c05839b358be,43.8374249,4.3600687,2025-09-15,20.768,1.6960000000000002,49.4,broken clouds
Nimes,Royal Hôtel,"1 place d'Assas, 30000 Nîmes, France",8.3,3356,https://www.booking.com/hotel/fr/royal.fr.html,"Situé au cœur de Nîmes, le Royal Hôtel dispose d'un restaurant sur place, La Bodéguita, qui s'ouvre sur la place Assas.",43.8388151,4.3548185,7e21bb9e-4fba-4a17-a50f-c05839b358be,43.8374249,4.3600687,2025-09-10,24.05666666666667,5.753333333333333,44.0,broken clouds
Nimes,Royal Hôtel,"1 place d'Assas, 30000 Nîmes, France",8.3,3356,https://www.booking.com/hotel/fr/royal.fr.html,"Situé au cœur de Nîmes, le Royal Hôtel dispose d'un restaurant sur place, La Bodéguita, qui s'ouvre sur la place Assas.",43.8388151,4.3548185,7e21bb9e-4fba-4a17-a50f-c05839b358be,43.8374249,4.3600687,2025-09-11,21.335,4.9925,47.5,clear sky
Nimes,Royal Hôtel,"1 place d'Assas, 30000 Nîmes, France",8.3,3356,https://www.booking.com/hotel/fr/royal.fr.html,"Situé au cœur de Nîmes, le Royal Hôtel dispose d'un restaurant sur place, La Bodéguita, qui s'ouvre sur la place Assas.",43.8388151,4.3548185,7e21bb9e-4fba-4a17-a50f-c05839b358be,43.8374249,4.3600687,2025-09-12,21.47375,2.625,49.375,clear sky
Nimes,Royal Hôtel,"1 place d'Assas, 30000 Nîmes, France",8.3,3356,https://www.booking.com/hotel/fr/royal.fr.html,"Situé au cœur de Nîmes, le Royal Hôtel dispose d'un restaurant sur place, La Bodéguita, qui s'ouvre sur la place Assas.",43.8388151,4.3548185,7e21bb9e-4fba-4a17-a50f-c05839b358be,43.8374249,4.3600687,2025-09-13,18.65875,2.26875,69.125,light rain
Nimes,Royal Hôtel,"1 place d'Assas, 30000 Nîmes, France",8.3,3356,https://www.booking.com/hotel/fr/royal.fr.html,"Situé au cœur de Nîmes, le Royal Hôtel dispose d'un restaurant sur place, La Bodéguita, qui s'ouvre sur la place Assas.",43.8388151,4.3548185,7e21bb9e-4fba-4a17-a50f-c05839b358be,43.8374249,4.3600687,2025-09-14,20.2475,2.54125,53.0,clear sky
Nimes,Royal Hôtel,"1 place d'Assas, 30000 Nîmes, France",8.3,3356,https://www.booking.com/hotel/fr/royal.fr.html,"Situé au cœur de Nîmes, le Royal Hôtel dispose d'un restaurant sur place, La Bodéguita, qui s'ouvre sur la place Assas.",43.8388151,4.3548185,7e21bb9e-4fba-4a17-a50f-c05839b358be,43.8374249,4.3600687,2025-09-15,20.768,1.6960000000000002,49.4,broken clouds
Nimes,SQUARE HOTEL,"7 Square de la Couronne, 30000 Nîmes, France",8.7,3077,https://www.booking.com/hotel/fr/square-nimes.fr.html,"L’établissement SQUARE HOTEL vous accueille à Nîmes, à 3,6 km de ce lieu d’intérêt : Parc des expositions de Nîmes.",43.837032,4.363037,7e21bb9e-4fba-4a17-a50f-c05839b358be,43.8374249,4.3600687,2025-09-10,24.05666666666667,5.753333333333333,44.0,broken clouds
Nimes,SQUARE HOTEL,"7 Square de la Couronne, 30000 Nîmes, France",8.7,3077,https://www.booking.com/hotel/fr/square-nimes.fr.html,"L’établissement SQUARE HOTEL vous accueille à Nîmes, à 3,6 km de ce lieu d’intérêt : Parc des expositions de Nîmes.",43.837032,4.363037,7e21bb9e-4fba-4a17-a50f-c05839b358be,43.8374249,4.3600687,2025-09-11,21.335,4.9925,47.5,clear sky
Nimes,SQUARE HOTEL,"7 Square de la Couronne, 30000 Nîmes, France",8.7,3077,https://www.booking.com/hotel/fr/square-nimes.fr.html,"L’établissement SQUARE HOTEL vous accueille à Nîmes, à 3,6 km de ce lieu d’intérêt : Parc des expositions de Nîmes.",43.837032,4.363037,7e21bb9e-4fba-4a17-a50f-c05839b358be,43.8374249,4.3600687,2025-09-12,21.47375,2.625,49.375,clear sky
Nimes,SQUARE HOTEL,"7 Square de la Couronne, 30000 Nîmes, France",8.7,3077,https://www.booking.com/hotel/fr/square-nimes.fr.html,"L’établissement SQUARE HOTEL vous accueille à Nîmes, à 3,6 km de ce lieu d’intérêt : Parc des expositions de Nîmes.",43.837032,4.363037,7e21bb9e-4fba-4a17-a50f-c05839b358be,43.8374249,4.3600687,2025-09-13,18.65875,2.26875,69.125,light rain
Nimes,SQUARE HOTEL,"7 Square de la Couronne, 30000 Nîmes, France",8.7,3077,https://www.booking.com/hotel/fr/square-nimes.fr.html,"L’établissement SQUARE HOTEL vous accueille à Nîmes, à 3,6 km de ce lieu d’intérêt : Parc des expositions de Nîmes.",43.837032,4.363037,7e21bb9e-4fba-4a17-a50f-c05839b358be,43.8374249,4.3600687,2025-09-14,20.2475,2.54125,53.0,clear sky
Nimes,SQUARE HOTEL,"7 Square de la Couronne, 30000 Nîmes, France",8.7,3077,https://www.booking.com/hotel/fr/square-nimes.fr.html,"L’établissement SQUARE HOTEL vous accueille à Nîmes, à 3,6 km de ce lieu d’intérêt : Parc des expositions de Nîmes.",43.837032,4.363037,7e21bb9e-4fba-4a17-a50f-c05839b358be,43.8374249,4.3600687,2025-09-15,20.768,1.6960000000000002,49.4,broken clouds
Nimes,Margaret - Hôtel Chouleur,"6 Rue Fresque, 30000 Nîmes, France",9.1,490,https://www.booking.com/hotel/fr/margaret-chouleur.fr.html,L’établissement Margaret - Hôtel Chouleur bénéficie d’un emplacement idéal à Nîmes.,43.837117,4.357898,7e21bb9e-4fba-4a17-a50f-c05839b358be,43.8374249,4.3600687,2025-09-10,24.05666666666667,5.753333333333333,44.0,broken clouds
Nimes,Margaret - Hôtel Chouleur,"6 Rue Fresque, 30000 Nîmes, France",9.1,490,https://www.booking.com/hotel/fr/margaret-chouleur.fr.html,L’établissement Margaret - Hôtel Chouleur bénéficie d’un emplacement idéal à Nîmes.,43.837117,4.357898,7e21bb9e-4fba-4a17-a50f-c05839b358be,43.8374249,4.3600687,2025-09-11,21.335,4.9925,47.5,clear sky
Nimes,Margaret - Hôtel Chouleur,"6 Rue Fresque, 30000 Nîmes, France",9.1,490,https://www.booking.com/hotel/fr/margaret-chouleur.fr.html,L’établissement Margaret - Hôtel Chouleur bénéficie d’un emplacement idéal à Nîmes.,43.837117,4.357898,7e21bb9e-4fba-4a17-a50f-c05839b358be,43.8374249,4.3600687,2025-09-14,20.2475,2.54125,53.0,clear sky
Nimes,Margaret - Hôtel Chouleur,"6 Rue Fresque, 30000 Nîmes, France",9.1,490,https://www.booking.com/hotel/fr/margaret-chouleur.fr.html,L’établissement Margaret - Hôtel Chouleur bénéficie d’un emplacement idéal à Nîmes.,43.837117,4.357898,7e21bb9e-4fba-4a17-a50f-c05839b358be,43.8374249,4.3600687,2025-09-15,20.768,1.6960000000000002,49.4,broken clouds
Nimes,Hotel Des Tuileries,"22 Rue Roussy, 30000 Nîmes, France",8.5,615,https://www.booking.com/hotel/fr/hotel-des-tuileries.fr.html,"L'Hôtel des Tuileries se trouve à proximité du centre de Nîmes, à proximité des célèbres arènes de Nîmes et à 5 minutes à pied du tribunal de première...",43.8364238,4.3647453,7e21bb9e-4fba-4a17-a50f-c05839b358be,43.8374249,4.3600687,2025-09-10,24.05666666666667,5.753333333333333,44.0,broken clouds
Nimes,Hotel Des Tuileries,"22 Rue Roussy, 30000 Nîmes, France",8.5,615,https://www.booking.com/hotel/fr/hotel-des-tuileries.fr.html,"L'Hôtel des Tuileries se trouve à proximité du centre de Nîmes, à proximité des célèbres arènes de Nîmes et à 5 minutes à pied du tribunal de première...",43.8364238,4.3647453,7e21bb9e-4fba-4a17-a50f-c05839b358be,43.8374249,4.3600687,2025-09-11,21.335,4.9925,47.5,clear sky
Nimes,Hotel Des Tuileries,"22 Rue Roussy, 30000 Nîmes, France",8.5,615,https://www.booking.com/hotel/fr/hotel-des-tuileries.fr.html,"L'Hôtel des Tuileries se trouve à proximité du centre de Nîmes, à proximité des célèbres arènes de Nîmes et à 5 minutes à pied du tribunal de première...",43.8364238,4.3647453,7e21bb9e-4fba-4a17-a50f-c05839b358be,43.8374249,4.3600687,2025-09-12,21.47375,2.625,49.375,clear sky
Nimes,Hotel Des Tuileries,"22 Rue Roussy, 30000 Nîmes, France",8.5,615,https://www.booking.com/hotel/fr/hotel-des-tuileries.fr.html,"L'Hôtel des Tuileries se trouve à proximité du centre de Nîmes, à proximité des célèbres arènes de Nîmes et à 5 minutes à pied du tribunal de première...",43.8364238,4.3647453,7e21bb9e-4fba-4a17-a50f-c05839b358be,43.8374249,4.3600687,2025-09-13,18.65875,2.26875,69.125,light rain
Nimes,Hotel Des Tuileries,"22 Rue Roussy, 30000 Nîmes, France",8.5,615,https://www.booking.com/hotel/fr/hotel-des-tuileries.fr.html,"L'Hôtel des Tuileries se trouve à proximité du centre de Nîmes, à proximité des célèbres arènes de Nîmes et à 5 minutes à pied du tribunal de première...",43.8364238,4.3647453,7e21bb9e-4fba-4a17-a50f-c05839b358be,43.8374249,4.3600687,2025-09-14,20.2475,2.54125,53.0,clear sky
Nimes,Hotel Des Tuileries,"22 Rue Roussy, 30000 Nîmes, France",8.5,615,https://www.booking.com/hotel/fr/hotel-des-tuileries.fr.html,"L'Hôtel des Tuileries se trouve à proximité du centre de Nîmes, à proximité des célèbres arènes de Nîmes et à 5 minutes à pied du tribunal de première...",43.8364238,4.3647453,7e21bb9e-4fba-4a17-a50f-c05839b358be,43.8374249,4.3600687,2025-09-15,20.768,1.6960000000000002,49.4,broken clouds
Nimes,"B&B HOTEL Nîmes Ville Active, parking sécurisé gratuit","152 Rue Claude Nicolas Ledoux, 30900 Nîmes, France",7.5,1706,https://www.booking.com/hotel/fr/b-amp-b-nimes-villes-active.fr.html,"L’B&B HOTEL Nîmes Ville Active, parking sécurisé gratuit vous accueille à Nîmes, à proximité de la sortie 25 de l’autoroute A9 et à 2 km du centre...",43.8157834,4.3463127,7e21bb9e-4fba-4a17-a50f-c05839b358be,43.8374249,4.3600687,2025-09-10,24.05666666666667,5.753333333333333,44.0,broken clouds
Nimes,"B&B HOTEL Nîmes Ville Active, parking sécurisé gratuit","152 Rue Claude Nicolas Ledoux, 30900 Nîmes, France",7.5,1706,https://www.booking.com/hotel/fr/b-amp-b-nimes-villes-active.fr.html,"L’B&B HOTEL Nîmes Ville Active, parking sécurisé gratuit vous accueille à Nîmes, à proximité de la sortie 25 de l’autoroute A9 et à 2 km du centre...",43.8157834,4.3463127,7e21bb9e-4fba-4a17-a50f-c05839b358be,43.8374249,4.3600687,2025-09-11,21.335,4.9925,47.5,clear sky
Nimes,"B&B HOTEL Nîmes Ville Active, parking sécurisé gratuit","152 Rue Claude Nicolas Ledoux, 30900 Nîmes, France",7.5,1706,https://www.booking.com/hotel/fr/b-amp-b-nimes-villes-active.fr.html,"L’B&B HOTEL Nîmes Ville Active, parking sécurisé gratuit vous accueille à Nîmes, à proximité de la sortie 25 de l’autoroute A9 et à 2 km du centre...",43.8157834,4.3463127,7e21bb9e-4fba-4a17-a50f-c05839b358be,43.8374249,4.3600687,2025-09-12,21.47375,2.625,49.375,clear sky
Nimes,"B&B HOTEL Nîmes Ville Active, parking sécurisé gratuit","152 Rue Claude Nicolas Ledoux, 30900 Nîmes, France",7.5,1706,https://www.booking.com/hotel/fr/b-amp-b-nimes-villes-active.fr.html,"L’B&B HOTEL Nîmes Ville Active, parking sécurisé gratuit vous accueille à Nîmes, à proximité de la sortie 25 de l’autoroute A9 et à 2 km du centre...",43.8157834,4.3463127,7e21bb9e-4fba-4a17-a50f-c05839b358be,43.8374249,4.3600687,2025-09-13,18.65875,2.26875,69.125,light rain
Nimes,"B&B HOTEL Nîmes Ville Active, parking sécurisé gratuit","152 Rue Claude Nicolas Ledoux, 30900 Nîmes, France",7.5,1706,https://www.booking.com/hotel/fr/b-amp-b-nimes-villes-active.fr.html,"L’B&B HOTEL Nîmes Ville Active, parking sécurisé gratuit vous accueille à Nîmes, à proximité de la sortie 25 de l’autoroute A9 et à 2 km du centre...",43.8157834,4.3463127,7e21bb9e-4fba-4a17-a50f-c05839b358be,43.8374249,4.3600687,2025-09-14,20.2475,2.54125,53.0,clear sky
Nimes,"B&B HOTEL Nîmes Ville Active, parking sécurisé gratuit","152 Rue Claude Nicolas Ledoux, 30900 Nîmes, France",7.5,1706,https://www.booking.com/hotel/fr/b-amp-b-nimes-villes-active.fr.html,"L’B&B HOTEL Nîmes Ville Active, parking sécurisé gratuit vous accueille à Nîmes, à proximité de la sortie 25 de l’autoroute A9 et à 2 km du centre...",43.8157834,4.3463127,7e21bb9e-4fba-4a17-a50f-c05839b358be,43.8374249,4.3600687,2025-09-15,20.768,1.6960000000000002,49.4,broken clouds
Nimes,"Le Moderne à Nîmes, proche Arènes et gare","11 Rue Court de Gebelin, 30000 Nîmes, France",8.8,10,https://www.booking.com/hotel/fr/le-moderne-a-nimes-proche-arenes-et-gare.fr.html,"L’hébergement Le Moderne à Nîmes, proche Arènes et gare se situe à Nîmes, dans la région Languedoc-Roussillon. Il possède un balcon.",43.8310248,4.3630546,7e21bb9e-4fba-4a17-a50f-c05839b358be,43.8374249,4.3600687,2025-09-10,24.05666666666667,5.753333333333333,44.0,broken clouds
Nimes,"Le Moderne à Nîmes, proche Arènes et gare","11 Rue Court de Gebelin, 30000 Nîmes, France",8.8,10,https://www.booking.com/hotel/fr/le-moderne-a-nimes-proche-arenes-et-gare.fr.html,"L’hébergement Le Moderne à Nîmes, proche Arènes et gare se situe à Nîmes, dans la région Languedoc-Roussillon. Il possède un balcon.",43.8310248,4.3630546,7e21bb9e-4fba-4a17-a50f-c05839b358be,43.8374249,4.3600687,2025-09-11,21.335,4.9925,47.5,clear sky
Nimes,"Le Moderne à Nîmes, proche Arènes et gare","11 Rue Court de Gebelin, 30000 Nîmes, France",8.8,10,https://www.booking.com/hotel/fr/le-moderne-a-nimes-proche-arenes-et-gare.fr.html,"L’hébergement Le Moderne à Nîmes, proche Arènes et gare se situe à Nîmes, dans la région Languedoc-Roussillon. Il possède un balcon.",43.8310248,4.3630546,7e21bb9e-4fba-4a17-a50f-c05839b358be,43.8374249,4.3600687,2025-09-12,21.47375,2.625,49.375,clear sky
Nimes,"Le Moderne à Nîmes, proche Arènes et gare","11 Rue Court de Gebelin, 30000 Nîmes, France",8.8,10,https://www.booking.com/hotel/fr/le-moderne-a-nimes-proche-arenes-et-gare.fr.html,"L’hébergement Le Moderne à Nîmes, proche Arènes et gare se situe à Nîmes, dans la région Languedoc-Roussillon. Il possède un balcon.",43.8310248,4.3630546,7e21bb9e-4fba-4a17-a50f-c05839b358be,43.8374249,4.3600687,2025-09-13,18.65875,2.26875,69.125,light rain
Nimes,"Le Moderne à Nîmes, proche Arènes et gare","11 Rue Court de Gebelin, 30000 Nîmes, France",8.8,10,https://www.booking.com/hotel/fr/le-moderne-a-nimes-proche-arenes-et-gare.fr.html,"L’hébergement Le Moderne à Nîmes, proche Arènes et gare se situe à Nîmes, dans la région Languedoc-Roussillon. Il possède un balcon.",43.8310248,4.3630546,7e21bb9e-4fba-4a17-a50f-c05839b358be,43.8374249,4.3600687,2025-09-14,20.2475,2.54125,53.0,clear sky
Nimes,"Le Moderne à Nîmes, proche Arènes et gare","11 Rue Court de Gebelin, 30000 Nîmes, France",8.8,10,https://www.booking.com/hotel/fr/le-moderne-a-nimes-proche-arenes-et-gare.fr.html,"L’hébergement Le Moderne à Nîmes, proche Arènes et gare se situe à Nîmes, dans la région Languedoc-Roussillon. Il possède un balcon.",43.8310248,4.3630546,7e21bb9e-4fba-4a17-a50f-c05839b358be,43.8374249,4.3600687,2025-09-15,20.768,1.6960000000000002,49.4,broken clouds
Nimes,Sure Hotel by Best Western Nimes Est,"Rn 86, La Ponche Sud, 30320 Nîmes, France",7.8,226,https://www.booking.com/hotel/fr/ibis-budget-nimes-marguerittes.fr.html,"L’établissement Sure Hotel by Best Western Nimes Est vous accueille à Nîmes, à 12 km de ce lieu d’intérêt : Parc des expositions de Nîmes.",43.8574788,4.4198812,7e21bb9e-4fba-4a17-a50f-c05839b358be,43.8374249,4.3600687,2025-09-10,24.05666666666667,5.753333333333333,44.0,broken clouds
Nimes,Sure Hotel by Best Western Nimes Est,"Rn 86, La Ponche Sud, 30320 Nîmes, France",7.8,226,https://www.booking.com/hotel/fr/ibis-budget-nimes-marguerittes.fr.html,"L’établissement Sure Hotel by Best Western Nimes Est vous accueille à Nîmes, à 12 km de ce lieu d’intérêt : Parc des expositions de Nîmes.",43.8574788,4.4198812,7e21bb9e-4fba-4a17-a50f-c05839b358be,43.8374249,4.3600687,2025-09-11,21.335,4.9925,47.5,clear sky
Nimes,Sure Hotel by Best Western Nimes Est,"Rn 86, La Ponche Sud, 30320 Nîmes, France",7.8,226,https://www.booking.com/hotel/fr/ibis-budget-nimes-marguerittes.fr.html,"L’établissement Sure Hotel by Best Western Nimes Est vous accueille à Nîmes, à 12 km de ce lieu d’intérêt : Parc des expositions de Nîmes.",43.8574788,4.4198812,7e21bb9e-4fba-4a17-a50f-c05839b358be,43.8374249,4.3600687,2025-09-12,21.47375,2.625,49.375,clear sky
Nimes,Sure Hotel by Best Western Nimes Est,"Rn 86, La Ponche Sud, 30320 Nîmes, France",7.8,226,https://www.booking.com/hotel/fr/ibis-budget-nimes-marguerittes.fr.html,"L’établissement Sure Hotel by Best Western Nimes Est vous accueille à Nîmes, à 12 km de ce lieu d’intérêt : Parc des expositions de Nîmes.",43.8574788,4.4198812,7e21bb9e-4fba-4a17-a50f-c05839b358be,43.8374249,4.3600687,2025-09-13,18.65875,2.26875,69.125,light rain
Nimes,Sure Hotel by Best Western Nimes Est,"Rn 86, La Ponche Sud, 30320 Nîmes, France",7.8,226,https://www.booking.com/hotel/fr/ibis-budget-nimes-marguerittes.fr.html,"L’établissement Sure Hotel by Best Western Nimes Est vous accueille à Nîmes, à 12 km de ce lieu d’intérêt : Parc des expositions de Nîmes.",43.8574788,4.4198812,7e21bb9e-4fba-4a17-a50f-c05839b358be,43.8374249,4.3600687,2025-09-14,20.2475,2.54125,53.0,clear sky
Nimes,Sure Hotel by Best Western Nimes Est,"Rn 86, La Ponche Sud, 30320 Nîmes, France",7.8,226,https://www.booking.com/hotel/fr/ibis-budget-nimes-marguerittes.fr.html,"L’établissement Sure Hotel by Best Western Nimes Est vous accueille à Nîmes, à 12 km de ce lieu d’intérêt : Parc des expositions de Nîmes.",43.8574788,4.4198812,7e21bb9e-4fba-4a17-a50f-c05839b358be,43.8374249,4.3600687,2025-09-15,20.768,1.6960000000000002,49.4,broken clouds
Nimes,Kyriad Nîmes Ouest A9,"Ville Active - 157 rue Tony Garnier, 30900 Nîmes, France",7.7,2107,https://www.booking.com/hotel/fr/kyriad-na-r-mes-ouest.fr.html,"Idéalement situé à 10 minutes en voiture du centre de Nîmes et à 2 km de la sortie 25 de l’autoroute A9, l’établissement 3 étoiles Kyriad Nîmes Ouest...",43.8147073,4.3448326,7e21bb9e-4fba-4a17-a50f-c05839b358be,43.8374249,4.3600687,2025-09-10,24.05666666666667,5.753333333333333,44.0,broken clouds
Nimes,Kyriad Nîmes Ouest A9,"Ville Active - 157 rue Tony Garnier, 30900 Nîmes, France",7.7,2107,https://www.booking.com/hotel/fr/kyriad-na-r-mes-ouest.fr.html,"Idéalement situé à 10 minutes en voiture du centre de Nîmes et à 2 km de la sortie 25 de l’autoroute A9, l’établissement 3 étoiles Kyriad Nîmes Ouest...",43.8147073,4.3448326,7e21bb9e-4fba-4a17-a50f-c05839b358be,43.8374249,4.3600687,2025-09-11,21.335,4.9925,47.5,clear sky
Nimes,Kyriad Nîmes Ouest A9,"Ville Active - 157 rue Tony Garnier, 30900 Nîmes, France",7.7,2107,https://www.booking.com/hotel/fr/kyriad-na-r-mes-ouest.fr.html,"Idéalement situé à 10 minutes en voiture du centre de Nîmes et à 2 km de la sortie 25 de l’autoroute A9, l’établissement 3 étoiles Kyriad Nîmes Ouest...",43.8147073,4.3448326,7e21bb9e-4fba-4a17-a50f-c05839b358be,43.8374249,4.3600687,2025-09-12,21.47375,2.625,49.375,clear sky
Nimes,Kyriad Nîmes Ouest A9,"Ville Active - 157 rue Tony Garnier, 30900 Nîmes, France",7.7,2107,https://www.booking.com/hotel/fr/kyriad-na-r-mes-ouest.fr.html,"Idéalement situé à 10 minutes en voiture du centre de Nîmes et à 2 km de la sortie 25 de l’autoroute A9, l’établissement 3 étoiles Kyriad Nîmes Ouest...",43.8147073,4.3448326,7e21bb9e-4fba-4a17-a50f-c05839b358be,43.8374249,4.3600687,2025-09-13,18.65875,2.26875,69.125,light rain
Nimes,Kyriad Nîmes Ouest A9,"Ville Active - 157 rue Tony Garnier, 30900 Nîmes, France",7.7,2107,https://www.booking.com/hotel/fr/kyriad-na-r-mes-ouest.fr.html,"Idéalement situé à 10 minutes en voiture du centre de Nîmes et à 2 km de la sortie 25 de l’autoroute A9, l’établissement 3 étoiles Kyriad Nîmes Ouest...",43.8147073,4.3448326,7e21bb9e-4fba-4a17-a50f-c05839b358be,43.8374249,4.3600687,2025-09-14,20.2475,2.54125,53.0,clear sky
Nimes,Kyriad Nîmes Ouest A9,"Ville Active - 157 rue Tony Garnier, 30900 Nîmes, France",7.7,2107,https://www.booking.com/hotel/fr/kyriad-na-r-mes-ouest.fr.html,"Idéalement situé à 10 minutes en voiture du centre de Nîmes et à 2 km de la sortie 25 de l’autoroute A9, l’établissement 3 étoiles Kyriad Nîmes Ouest...",43.8147073,4.3448326,7e21bb9e-4fba-4a17-a50f-c05839b358be,43.8374249,4.3600687,2025-09-15,20.768,1.6960000000000002,49.4,broken clouds
Nimes,HÔTEL C SUITES chambres spacieuses,"152 rue claude nicolas ledoux, 30900 Nîmes, France",7.8,2948,https://www.booking.com/hotel/fr/c-suites.fr.html,"Le complexe hôtelier urbain C Suites se situe à Nîmes, à seulement 3 km des arènes. Il possède une piscine extérieure.",43.815377,4.345905,7e21bb9e-4fba-4a17-a50f-c05839b358be,43.8374249,4.3600687,2025-09-10,24.05666666666667,5.753333333333333,44.0,broken clouds
Nimes,HÔTEL C SUITES chambres spacieuses,"152 rue claude nicolas ledoux, 30900 Nîmes, France",7.8,2948,https://www.booking.com/hotel/fr/c-suites.fr.html,"Le complexe hôtelier urbain C Suites se situe à Nîmes, à seulement 3 km des arènes. Il possède une piscine extérieure.",43.815377,4.345905,7e21bb9e-4fba-4a17-a50f-c05839b358be,43.8374249,4.3600687,2025-09-11,21.335,4.9925,47.5,clear sky
Nimes,HÔTEL C SUITES chambres spacieuses,"152 rue claude nicolas ledoux, 30900 Nîmes, France",7.8,2948,https://www.booking.com/hotel/fr/c-suites.fr.html,"Le complexe hôtelier urbain C Suites se situe à Nîmes, à seulement 3 km des arènes. Il possède une piscine extérieure.",43.815377,4.345905,7e21bb9e-4fba-4a17-a50f-c05839b358be,43.8374249,4.3600687,2025-09-12,21.47375,2.625,49.375,clear sky
Nimes,HÔTEL C SUITES chambres spacieuses,"152 rue claude nicolas ledoux, 30900 Nîmes, France",7.8,2948,https://www.booking.com/hotel/fr/c-suites.fr.html,"Le complexe hôtelier urbain C Suites se situe à Nîmes, à seulement 3 km des arènes. Il possède une piscine extérieure.",43.815377,4.345905,7e21bb9e-4fba-4a17-a50f-c05839b358be,43.8374249,4.3600687,2025-09-13,18.65875,2.26875,69.125,light rain
Nimes,HÔTEL C SUITES chambres spacieuses,"152 rue claude nicolas ledoux, 30900 Nîmes, France",7.8,2948,https://www.booking.com/hotel/fr/c-suites.fr.html,"Le complexe hôtelier urbain C Suites se situe à Nîmes, à seulement 3 km des arènes. Il possède une piscine extérieure.",43.815377,4.345905,7e21bb9e-4fba-4a17-a50f-c05839b358be,43.8374249,4.3600687,2025-09-14,20.2475,2.54125,53.0,clear sky
Nimes,HÔTEL C SUITES chambres spacieuses,"152 rue claude nicolas ledoux, 30900 Nîmes, France",7.8,2948,https://www.booking.com/hotel/fr/c-suites.fr.html,"Le complexe hôtelier urbain C Suites se situe à Nîmes, à seulement 3 km des arènes. Il possède une piscine extérieure.",43.815377,4.345905,7e21bb9e-4fba-4a17-a50f-c05839b358be,43.8374249,4.3600687,2025-09-15,20.768,1.6960000000000002,49.4,broken clouds
Nimes,Best Western L'Orangerie,"755 Rue Tour De L'evèque, 30000 Nîmes, France",8.0,1537,https://www.booking.com/hotel/fr/bestwestern-lorangerie.fr.html,L'Hôtel Best Western l'Orangerie situé à Nîmes vous propose un cadre de détente et de découverte avec une localisation à 1 km du centre historique de...,43.8247659,4.3690462,7e21bb9e-4fba-4a17-a50f-c05839b358be,43.8374249,4.3600687,2025-09-10,24.05666666666667,5.753333333333333,44.0,broken clouds
Nimes,Best Western L'Orangerie,"755 Rue Tour De L'evèque, 30000 Nîmes, France",8.0,1537,https://www.booking.com/hotel/fr/bestwestern-lorangerie.fr.html,L'Hôtel Best Western l'Orangerie situé à Nîmes vous propose un cadre de détente et de découverte avec une localisation à 1 km du centre historique de...,43.8247659,4.3690462,7e21bb9e-4fba-4a17-a50f-c05839b358be,43.8374249,4.3600687,2025-09-11,21.335,4.9925,47.5,clear sky
Nimes,Best Western L'Orangerie,"755 Rue Tour De L'evèque, 30000 Nîmes, France",8.0,1537,https://www.booking.com/hotel/fr/bestwestern-lorangerie.fr.html,L'Hôtel Best Western l'Orangerie situé à Nîmes vous propose un cadre de détente et de découverte avec une localisation à 1 km du centre historique de...,43.8247659,4.3690462,7e21bb9e-4fba-4a17-a50f-c05839b358be,43.8374249,4.3600687,2025-09-12,21.47375,2.625,49.375,clear sky
Nimes,Best Western L'Orangerie,"755 Rue Tour De L'evèque, 30000 Nîmes, France",8.0,1537,https://www.booking.com/hotel/fr/bestwestern-lorangerie.fr.html,L'Hôtel Best Western l'Orangerie situé à Nîmes vous propose un cadre de détente et de découverte avec une localisation à 1 km du centre historique de...,43.8247659,4.3690462,7e21bb9e-4fba-4a17-a50f-c05839b358be,43.8374249,4.3600687,2025-09-13,18.65875,2.26875,69.125,light rain
Nimes,Best Western L'Orangerie,"755 Rue Tour De L'evèque, 30000 Nîmes, France",8.0,1537,https://www.booking.com/hotel/fr/bestwestern-lorangerie.fr.html,L'Hôtel Best Western l'Orangerie situé à Nîmes vous propose un cadre de détente et de découverte avec une localisation à 1 km du centre historique de...,43.8247659,4.3690462,7e21bb9e-4fba-4a17-a50f-c05839b358be,43.8374249,4.3600687,2025-09-14,20.2475,2.54125,53.0,clear sky
Nimes,Best Western L'Orangerie,"755 Rue Tour De L'evèque, 30000 Nîmes, France",8.0,1537,https://www.booking.com/hotel/fr/bestwestern-lorangerie.fr.html,L'Hôtel Best Western l'Orangerie situé à Nîmes vous propose un cadre de détente et de découverte avec une localisation à 1 km du centre historique de...,43.8247659,4.3690462,7e21bb9e-4fba-4a17-a50f-c05839b358be,43.8374249,4.3600687,2025-09-15,20.768,1.6960000000000002,49.4,broken clouds
Nimes,B&B HOTEL Nîmes Centre Arènes,"83, rue de la République, 30900 Nîmes, France",8.4,2600,https://www.booking.com/hotel/fr/b-amp-b-nimes-centre-ville.fr.html,"Situé à Nîmes, à 950 mètres des arènes, le B&B HOTEL Nîmes Centre Arènes propose une connexion Wi-Fi gratuite.",43.8281614,4.3547902,7e21bb9e-4fba-4a17-a50f-c05839b358be,43.8374249,4.3600687,2025-09-10,24.05666666666667,5.753333333333333,44.0,broken clouds
Nimes,B&B HOTEL Nîmes Centre Arènes,"83, rue de la République, 30900 Nîmes, France",8.4,2600,https://www.booking.com/hotel/fr/b-amp-b-nimes-centre-ville.fr.html,"Situé à Nîmes, à 950 mètres des arènes, le B&B HOTEL Nîmes Centre Arènes propose une connexion Wi-Fi gratuite.",43.8281614,4.3547902,7e21bb9e-4fba-4a17-a50f-c05839b358be,43.8374249,4.3600687,2025-09-11,21.335,4.9925,47.5,clear sky
Nimes,B&B HOTEL Nîmes Centre Arènes,"83, rue de la République, 30900 Nîmes, France",8.4,2600,https://www.booking.com/hotel/fr/b-amp-b-nimes-centre-ville.fr.html,"Situé à Nîmes, à 950 mètres des arènes, le B&B HOTEL Nîmes Centre Arènes propose une connexion Wi-Fi gratuite.",43.8281614,4.3547902,7e21bb9e-4fba-4a17-a50f-c05839b358be,43.8374249,4.3600687,2025-09-12,21.47375,2.625,49.375,clear sky
Nimes,B&B HOTEL Nîmes Centre Arènes,"83, rue de la République, 30900 Nîmes, France",8.4,2600,https://www.booking.com/hotel/fr/b-amp-b-nimes-centre-ville.fr.html,"Situé à Nîmes, à 950 mètres des arènes, le B&B HOTEL Nîmes Centre Arènes propose une connexion Wi-Fi gratuite.",43.8281614,4.3547902,7e21bb9e-4fba-4a17-a50f-c05839b358be,43.8374249,4.3600687,2025-09-13,18.65875,2.26875,69.125,light rain
Nimes,B&B HOTEL Nîmes Centre Arènes,"83, rue de la République, 30900 Nîmes, France",8.4,2600,https://www.booking.com/hotel/fr/b-amp-b-nimes-centre-ville.fr.html,"Situé à Nîmes, à 950 mètres des arènes, le B&B HOTEL Nîmes Centre Arènes propose une connexion Wi-Fi gratuite.",43.8281614,4.3547902,7e21bb9e-4fba-4a17-a50f-c05839b358be,43.8374249,4.3600687,2025-09-14,20.2475,2.54125,53.0,clear sky
Nimes,B&B HOTEL Nîmes Centre Arènes,"83, rue de la République, 30900 Nîmes, France",8.4,2600,https://www.booking.com/hotel/fr/b-amp-b-nimes-centre-ville.fr.html,"Situé à Nîmes, à 950 mètres des arènes, le B&B HOTEL Nîmes Centre Arènes propose une connexion Wi-Fi gratuite.",43.8281614,4.3547902,7e21bb9e-4fba-4a17-a50f-c05839b358be,43.8374249,4.3600687,2025-09-15,20.768,1.6960000000000002,49.4,broken clouds
Nimes,Comfort Aparthotel Nimes Centre,"5 allée Boissy d'Anglas - Triangle de la Gare, 30000 Nîmes, France",8.0,1901,https://www.booking.com/hotel/fr/adagio-access-nimes.fr.html,"Le Comfort Aparthotel Nîmes Centre est une résidence respectueuse de l’environnement située à Nîmes. Le parc des expositions vous attend à 1,6 km.",43.8324933,4.3678567,7e21bb9e-4fba-4a17-a50f-c05839b358be,43.8374249,4.3600687,2025-09-10,24.05666666666667,5.753333333333333,44.0,broken clouds
Nimes,Comfort Aparthotel Nimes Centre,"5 allée Boissy d'Anglas - Triangle de la Gare, 30000 Nîmes, France",8.0,1901,https://www.booking.com/hotel/fr/adagio-access-nimes.fr.html,"Le Comfort Aparthotel Nîmes Centre est une résidence respectueuse de l’environnement située à Nîmes. Le parc des expositions vous attend à 1,6 km.",43.8324933,4.3678567,7e21bb9e-4fba-4a17-a50f-c05839b358be,43.8374249,4.3600687,2025-09-11,21.335,4.9925,47.5,clear sky
Nimes,Comfort Aparthotel Nimes Centre,"5 allée Boissy d'Anglas - Triangle de la Gare, 30000 Nîmes, France",8.0,1901,https://www.booking.com/hotel/fr/adagio-access-nimes.fr.html,"Le Comfort Aparthotel Nîmes Centre est une résidence respectueuse de l’environnement située à Nîmes. Le parc des expositions vous attend à 1,6 km.",43.8324933,4.3678567,7e21bb9e-4fba-4a17-a50f-c05839b358be,43.8374249,4.3600687,2025-09-12,21.47375,2.625,49.375,clear sky
Nimes,Comfort Aparthotel Nimes Centre,"5 allée Boissy d'Anglas - Triangle de la Gare, 30000 Nîmes, France",8.0,1901,https://www.booking.com/hotel/fr/adagio-access-nimes.fr.html,"Le Comfort Aparthotel Nîmes Centre est une résidence respectueuse de l’environnement située à Nîmes. Le parc des expositions vous attend à 1,6 km.",43.8324933,4.3678567,7e21bb9e-4fba-4a17-a50f-c05839b358be,43.8374249,4.3600687,2025-09-13,18.65875,2.26875,69.125,light rain
Nimes,Comfort Aparthotel Nimes Centre,"5 allée Boissy d'Anglas - Triangle de la Gare, 30000 Nîmes, France",8.0,1901,https://www.booking.com/hotel/fr/adagio-access-nimes.fr.html,"Le Comfort Aparthotel Nîmes Centre est une résidence respectueuse de l’environnement située à Nîmes. Le parc des expositions vous attend à 1,6 km.",43.8324933,4.3678567,7e21bb9e-4fba-4a17-a50f-c05839b358be,43.8374249,4.3600687,2025-09-14,20.2475,2.54125,53.0,clear sky
Nimes,Comfort Aparthotel Nimes Centre,"5 allée Boissy d'Anglas - Triangle de la Gare, 30000 Nîmes, France",8.0,1901,https://www.booking.com/hotel/fr/adagio-access-nimes.fr.html,"Le Comfort Aparthotel Nîmes Centre est une résidence respectueuse de l’environnement située à Nîmes. Le parc des expositions vous attend à 1,6 km.",43.8324933,4.3678567,7e21bb9e-4fba-4a17-a50f-c05839b358be,43.8374249,4.3600687,2025-09-15,20.768,1.6960000000000002,49.4,broken clouds
Nimes,ibis Styles Nimes Gare Centre,"19 Allée Boissy d'Anglas - accès parking : 2 avenue du Général Leclerc , 30000 Nîmes, France",8.2,1233,https://www.booking.com/hotel/fr/ibis-styles-nimes-centre-gare.fr.html,"Situé en face de la gare de Nîmes, cet hôtel propose des chambres abordables dotées d'une connexion Wi-Fi gratuite et de la télévision par satellite.",43.8317575,4.3669736,7e21bb9e-4fba-4a17-a50f-c05839b358be,43.8374249,4.3600687,2025-09-10,24.05666666666667,5.753333333333333,44.0,broken clouds
Nimes,ibis Styles Nimes Gare Centre,"19 Allée Boissy d'Anglas - accès parking : 2 avenue du Général Leclerc , 30000 Nîmes, France",8.2,1233,https://www.booking.com/hotel/fr/ibis-styles-nimes-centre-gare.fr.html,"Situé en face de la gare de Nîmes, cet hôtel propose des chambres abordables dotées d'une connexion Wi-Fi gratuite et de la télévision par satellite.",43.8317575,4.3669736,7e21bb9e-4fba-4a17-a50f-c05839b358be,43.8374249,4.3600687,2025-09-11,21.335,4.9925,47.5,clear sky
Nimes,ibis Styles Nimes Gare Centre,"19 Allée Boissy d'Anglas - accès parking : 2 avenue du Général Leclerc , 30000 Nîmes, France",8.2,1233,https://www.booking.com/hotel/fr/ibis-styles-nimes-centre-gare.fr.html,"Situé en face de la gare de Nîmes, cet hôtel propose des chambres abordables dotées d'une connexion Wi-Fi gratuite et de la télévision par satellite.",43.8317575,4.3669736,7e21bb9e-4fba-4a17-a50f-c05839b358be,43.8374249,4.3600687,2025-09-12,21.47375,2.625,49.375,clear sky
Nimes,ibis Styles Nimes Gare Centre,"19 Allée Boissy d'Anglas - accès parking : 2 avenue du Général Leclerc , 30000 Nîmes, France",8.2,1233,https://www.booking.com/hotel/fr/ibis-styles-nimes-centre-gare.fr.html,"Situé en face de la gare de Nîmes, cet hôtel propose des chambres abordables dotées d'une connexion Wi-Fi gratuite et de la télévision par satellite.",43.8317575,4.3669736,7e21bb9e-4fba-4a17-a50f-c05839b358be,43.8374249,4.3600687,2025-09-13,18.65875,2.26875,69.125,light rain
Nimes,ibis Styles Nimes Gare Centre,"19 Allée Boissy d'Anglas - accès parking : 2 avenue du Général Leclerc , 30000 Nîmes, France",8.2,1233,https://www.booking.com/hotel/fr/ibis-styles-nimes-centre-gare.fr.html,"Situé en face de la gare de Nîmes, cet hôtel propose des chambres abordables dotées d'une connexion Wi-Fi gratuite et de la télévision par satellite.",43.8317575,4.3669736,7e21bb9e-4fba-4a17-a50f-c05839b358be,43.8374249,4.3600687,2025-09-14,20.2475,2.54125,53.0,clear sky
Nimes,ibis Styles Nimes Gare Centre,"19 Allée Boissy d'Anglas - accès parking : 2 avenue du Général Leclerc , 30000 Nîmes, France",8.2,1233,https://www.booking.com/hotel/fr/ibis-styles-nimes-centre-gare.fr.html,"Situé en face de la gare de Nîmes, cet hôtel propose des chambres abordables dotées d'une connexion Wi-Fi gratuite et de la télévision par satellite.",43.8317575,4.3669736,7e21bb9e-4fba-4a17-a50f-c05839b358be,43.8374249,4.3600687,2025-09-15,20.768,1.6960000000000002,49.4,broken clouds
Nimes,Best Western Marquis de la Baume,"21, rue Nationale, 30000 Nîmes, France",8.2,1997,https://www.booking.com/hotel/fr/ha-tel-la-baume.fr.html,"Situé dans le centre de la ville historique de Nîmes, le Best Western Marquis de la Baume occupe une maison de ville du XVIIe siècle, à seulement 3,7 km du...",43.8395948,4.3610841,7e21bb9e-4fba-4a17-a50f-c05839b358be,43.8374249,4.3600687,2025-09-10,24.05666666666667,5.753333333333333,44.0,broken clouds
Nimes,Best Western Marquis de la Baume,"21, rue Nationale, 30000 Nîmes, France",8.2,1997,https://www.booking.com/hotel/fr/ha-tel-la-baume.fr.html,"Situé dans le centre de la ville historique de Nîmes, le Best Western Marquis de la Baume occupe une maison de ville du XVIIe siècle, à seulement 3,7 km du...",43.8395948,4.3610841,7e21bb9e-4fba-4a17-a50f-c05839b358be,43.8374249,4.3600687,2025-09-11,21.335,4.9925,47.5,clear sky
Nimes,Best Western Marquis de la Baume,"21, rue Nationale, 30000 Nîmes, France",8.2,1997,https://www.booking.com/hotel/fr/ha-tel-la-baume.fr.html,"Situé dans le centre de la ville historique de Nîmes, le Best Western Marquis de la Baume occupe une maison de ville du XVIIe siècle, à seulement 3,7 km du...",43.8395948,4.3610841,7e21bb9e-4fba-4a17-a50f-c05839b358be,43.8374249,4.3600687,2025-09-12,21.47375,2.625,49.375,clear sky
Nimes,Best Western Marquis de la Baume,"21, rue Nationale, 30000 Nîmes, France",8.2,1997,https://www.booking.com/hotel/fr/ha-tel-la-baume.fr.html,"Situé dans le centre de la ville historique de Nîmes, le Best Western Marquis de la Baume occupe une maison de ville du XVIIe siècle, à seulement 3,7 km du...",43.8395948,4.3610841,7e21bb9e-4fba-4a17-a50f-c05839b358be,43.8374249,4.3600687,2025-09-13,18.65875,2.26875,69.125,light rain
Nimes,Best Western Marquis de la Baume,"21, rue Nationale, 30000 Nîmes, France",8.2,1997,https://www.booking.com/hotel/fr/ha-tel-la-baume.fr.html,"Situé dans le centre de la ville historique de Nîmes, le Best Western Marquis de la Baume occupe une maison de ville du XVIIe siècle, à seulement 3,7 km du...",43.8395948,4.3610841,7e21bb9e-4fba-4a17-a50f-c05839b358be,43.8374249,4.3600687,2025-09-14,20.2475,2.54125,53.0,clear sky
Nimes,Best Western Marquis de la Baume,"21, rue Nationale, 30000 Nîmes, France",8.2,1997,https://www.booking.com/hotel/fr/ha-tel-la-baume.fr.html,"Situé dans le centre de la ville historique de Nîmes, le Best Western Marquis de la Baume occupe une maison de ville du XVIIe siècle, à seulement 3,7 km du...",43.8395948,4.3610841,7e21bb9e-4fba-4a17-a50f-c05839b358be,43.8374249,4.3600687,2025-09-15,20.768,1.6960000000000002,49.4,broken clouds
Nimes,ibis budget Nimes Centre Gare,"2 Avenue de la Mediterranée  - Accès parking : 2 avenue du Général Leclerc - , 30900 Nîmes, France",8.1,3447,https://www.booking.com/hotel/fr/ibis-budget-nimes-centre-gare.fr.html,"Situé à seulement 50 mètres de la gare de Nîmes, l'ibis Budget Nîmes Centre Gare vous propose une réception ouverte 24h/24, une bagagerie et une connexion...",43.8320559,4.3673645,7e21bb9e-4fba-4a17-a50f-c05839b358be,43.8374249,4.3600687,2025-09-10,24.05666666666667,5.753333333333333,44.0,broken clouds
Nimes,ibis budget Nimes Centre Gare,"2 Avenue de la Mediterranée  - Accès parking : 2 avenue du Général Leclerc - , 30900 Nîmes, France",8.1,3447,https://www.booking.com/hotel/fr/ibis-budget-nimes-centre-gare.fr.html,"Situé à seulement 50 mètres de la gare de Nîmes, l'ibis Budget Nîmes Centre Gare vous propose une réception ouverte 24h/24, une bagagerie et une connexion...",43.8320559,4.3673645,7e21bb9e-4fba-4a17-a50f-c05839b358be,43.8374249,4.3600687,2025-09-11,21.335,4.9925,47.5,clear sky
Nimes,ibis budget Nimes Centre Gare,"2 Avenue de la Mediterranée  - Accès parking : 2 avenue du Général Leclerc - , 30900 Nîmes, France",8.1,3447,https://www.booking.com/hotel/fr/ibis-budget-nimes-centre-gare.fr.html,"Situé à seulement 50 mètres de la gare de Nîmes, l'ibis Budget Nîmes Centre Gare vous propose une réception ouverte 24h/24, une bagagerie et une connexion...",43.8320559,4.3673645,7e21bb9e-4fba-4a17-a50f-c05839b358be,43.8374249,4.3600687,2025-09-12,21.47375,2.625,49.375,clear sky
Nimes,ibis budget Nimes Centre Gare,"2 Avenue de la Mediterranée  - Accès parking : 2 avenue du Général Leclerc - , 30900 Nîmes, France",8.1,3447,https://www.booking.com/hotel/fr/ibis-budget-nimes-centre-gare.fr.html,"Situé à seulement 50 mètres de la gare de Nîmes, l'ibis Budget Nîmes Centre Gare vous propose une réception ouverte 24h/24, une bagagerie et une connexion...",43.8320559,4.3673645,7e21bb9e-4fba-4a17-a50f-c05839b358be,43.8374249,4.3600687,2025-09-13,18.65875,2.26875,69.125,light rain
Nimes,ibis budget Nimes Centre Gare,"2 Avenue de la Mediterranée  - Accès parking : 2 avenue du Général Leclerc - , 30900 Nîmes, France",8.1,3447,https://www.booking.com/hotel/fr/ibis-budget-nimes-centre-gare.fr.html,"Situé à seulement 50 mètres de la gare de Nîmes, l'ibis Budget Nîmes Centre Gare vous propose une réception ouverte 24h/24, une bagagerie et une connexion...",43.8320559,4.3673645,7e21bb9e-4fba-4a17-a50f-c05839b358be,43.8374249,4.3600687,2025-09-14,20.2475,2.54125,53.0,clear sky
Nimes,ibis budget Nimes Centre Gare,"2 Avenue de la Mediterranée  - Accès parking : 2 avenue du Général Leclerc - , 30900 Nîmes, France",8.1,3447,https://www.booking.com/hotel/fr/ibis-budget-nimes-centre-gare.fr.html,"Situé à seulement 50 mètres de la gare de Nîmes, l'ibis Budget Nîmes Centre Gare vous propose une réception ouverte 24h/24, une bagagerie et une connexion...",43.8320559,4.3673645,7e21bb9e-4fba-4a17-a50f-c05839b358be,43.8374249,4.3600687,2025-09-15,20.768,1.6960000000000002,49.4,broken clouds
Nimes,ibis Nîmes Ouest - A9,"268, Rue de l'Hostellerie / Parc Hotelier Ville Active, 30900 Nîmes, France",8.2,2246,https://www.booking.com/hotel/fr/ibis-na-r-mes-ouest.fr.html,"Situé à côté de la sortie 25 sur l’autoroute A9, l’ibis Nîmes Ouest - A9 se trouve à 4 km du centre-ville de Nîmes et à 12 km de l’aéroport de Nîmes.",43.8138906,4.3443418,7e21bb9e-4fba-4a17-a50f-c05839b358be,43.8374249,4.3600687,2025-09-10,24.05666666666667,5.753333333333333,44.0,broken clouds
Nimes,ibis Nîmes Ouest - A9,"268, Rue de l'Hostellerie / Parc Hotelier Ville Active, 30900 Nîmes, France",8.2,2246,https://www.booking.com/hotel/fr/ibis-na-r-mes-ouest.fr.html,"Situé à côté de la sortie 25 sur l’autoroute A9, l’ibis Nîmes Ouest - A9 se trouve à 4 km du centre-ville de Nîmes et à 12 km de l’aéroport de Nîmes.",43.8138906,4.3443418,7e21bb9e-4fba-4a17-a50f-c05839b358be,43.8374249,4.3600687,2025-09-11,21.335,4.9925,47.5,clear sky
Nimes,ibis Nîmes Ouest - A9,"268, Rue de l'Hostellerie / Parc Hotelier Ville Active, 30900 Nîmes, France",8.2,2246,https://www.booking.com/hotel/fr/ibis-na-r-mes-ouest.fr.html,"Situé à côté de la sortie 25 sur l’autoroute A9, l’ibis Nîmes Ouest - A9 se trouve à 4 km du centre-ville de Nîmes et à 12 km de l’aéroport de Nîmes.",43.8138906,4.3443418,7e21bb9e-4fba-4a17-a50f-c05839b358be,43.8374249,4.3600687,2025-09-12,21.47375,2.625,49.375,clear sky
Nimes,ibis Nîmes Ouest - A9,"268, Rue de l'Hostellerie / Parc Hotelier Ville Active, 30900 Nîmes, France",8.2,2246,https://www.booking.com/hotel/fr/ibis-na-r-mes-ouest.fr.html,"Situé à côté de la sortie 25 sur l’autoroute A9, l’ibis Nîmes Ouest - A9 se trouve à 4 km du centre-ville de Nîmes et à 12 km de l’aéroport de Nîmes.",43.8138906,4.3443418,7e21bb9e-4fba-4a17-a50f-c05839b358be,43.8374249,4.3600687,2025-09-13,18.65875,2.26875,69.125,light rain
Nimes,ibis Nîmes Ouest - A9,"268, Rue de l'Hostellerie / Parc Hotelier Ville Active, 30900 Nîmes, France",8.2,2246,https://www.booking.com/hotel/fr/ibis-na-r-mes-ouest.fr.html,"Situé à côté de la sortie 25 sur l’autoroute A9, l’ibis Nîmes Ouest - A9 se trouve à 4 km du centre-ville de Nîmes et à 12 km de l’aéroport de Nîmes.",43.8138906,4.3443418,7e21bb9e-4fba-4a17-a50f-c05839b358be,43.8374249,4.3600687,2025-09-14,20.2475,2.54125,53.0,clear sky
Nimes,ibis Nîmes Ouest - A9,"268, Rue de l'Hostellerie / Parc Hotelier Ville Active, 30900 Nîmes, France",8.2,2246,https://www.booking.com/hotel/fr/ibis-na-r-mes-ouest.fr.html,"Situé à côté de la sortie 25 sur l’autoroute A9, l’ibis Nîmes Ouest - A9 se trouve à 4 km du centre-ville de Nîmes et à 12 km de l’aéroport de Nîmes.",43.8138906,4.3443418,7e21bb9e-4fba-4a17-a50f-c05839b358be,43.8374249,4.3600687,2025-09-15,20.768,1.6960000000000002,49.4,broken clouds
Nimes,Hôtel & Spa Vatel,"140, rue Vatel, 30900 Nîmes, France",8.4,1096,https://www.booking.com/hotel/fr/vatel.fr.html,L’Hôtel & Spa Vatel vous accueille à 10 minutes de route du centre-ville de Nîmes et à 15 km de l’aéroport de Nîmes Alès Camargue Cévennes.,43.8205767,4.319127,7e21bb9e-4fba-4a17-a50f-c05839b358be,43.8374249,4.3600687,2025-09-10,24.05666666666667,5.753333333333333,44.0,broken clouds
Nimes,Hôtel & Spa Vatel,"140, rue Vatel, 30900 Nîmes, France",8.4,1096,https://www.booking.com/hotel/fr/vatel.fr.html,L’Hôtel & Spa Vatel vous accueille à 10 minutes de route du centre-ville de Nîmes et à 15 km de l’aéroport de Nîmes Alès Camargue Cévennes.,43.8205767,4.319127,7e21bb9e-4fba-4a17-a50f-c05839b358be,43.8374249,4.3600687,2025-09-11,21.335,4.9925,47.5,clear sky
Nimes,Hôtel & Spa Vatel,"140, rue Vatel, 30900 Nîmes, France",8.4,1096,https://www.booking.com/hotel/fr/vatel.fr.html,L’Hôtel & Spa Vatel vous accueille à 10 minutes de route du centre-ville de Nîmes et à 15 km de l’aéroport de Nîmes Alès Camargue Cévennes.,43.8205767,4.319127,7e21bb9e-4fba-4a17-a50f-c05839b358be,43.8374249,4.3600687,2025-09-12,21.47375,2.625,49.375,clear sky
Nimes,Hôtel & Spa Vatel,"140, rue Vatel, 30900 Nîmes, France",8.4,1096,https://www.booking.com/hotel/fr/vatel.fr.html,L’Hôtel & Spa Vatel vous accueille à 10 minutes de route du centre-ville de Nîmes et à 15 km de l’aéroport de Nîmes Alès Camargue Cévennes.,43.8205767,4.319127,7e21bb9e-4fba-4a17-a50f-c05839b358be,43.8374249,4.3600687,2025-09-13,18.65875,2.26875,69.125,light rain
Nimes,Hôtel & Spa Vatel,"140, rue Vatel, 30900 Nîmes, France",8.4,1096,https://www.booking.com/hotel/fr/vatel.fr.html,L’Hôtel & Spa Vatel vous accueille à 10 minutes de route du centre-ville de Nîmes et à 15 km de l’aéroport de Nîmes Alès Camargue Cévennes.,43.8205767,4.319127,7e21bb9e-4fba-4a17-a50f-c05839b358be,43.8374249,4.3600687,2025-09-14,20.2475,2.54125,53.0,clear sky
Nimes,Hôtel & Spa Vatel,"140, rue Vatel, 30900 Nîmes, France",8.4,1096,https://www.booking.com/hotel/fr/vatel.fr.html,L’Hôtel & Spa Vatel vous accueille à 10 minutes de route du centre-ville de Nîmes et à 15 km de l’aéroport de Nîmes Alès Camargue Cévennes.,43.8205767,4.319127,7e21bb9e-4fba-4a17-a50f-c05839b358be,43.8374249,4.3600687,2025-09-15,20.768,1.6960000000000002,49.4,broken clouds
Nimes,Maison Albar Hotels L’Imperator,"15 Rue Gaston Boissier, 30900 Nîmes, France",9.1,1323,https://www.booking.com/hotel/fr/imperator-nimes.fr.html,"La Maison Albar Hotels L’Imperator est un hôtel situé dans la ville de Nîmes, près des jardins de la Fontaine et à moins de 5 minutes à pied du temple...",43.8386661,4.3527679,7e21bb9e-4fba-4a17-a50f-c05839b358be,43.8374249,4.3600687,2025-09-10,24.05666666666667,5.753333333333333,44.0,broken clouds
Nimes,Maison Albar Hotels L’Imperator,"15 Rue Gaston Boissier, 30900 Nîmes, France",9.1,1323,https://www.booking.com/hotel/fr/imperator-nimes.fr.html,"La Maison Albar Hotels L’Imperator est un hôtel situé dans la ville de Nîmes, près des jardins de la Fontaine et à moins de 5 minutes à pied du temple...",43.8386661,4.3527679,7e21bb9e-4fba-4a17-a50f-c05839b358be,43.8374249,4.3600687,2025-09-11,21.335,4.9925,47.5,clear sky
Nimes,Maison Albar Hotels L’Imperator,"15 Rue Gaston Boissier, 30900 Nîmes, France",9.1,1323,https://www.booking.com/hotel/fr/imperator-nimes.fr.html,"La Maison Albar Hotels L’Imperator est un hôtel situé dans la ville de Nîmes, près des jardins de la Fontaine et à moins de 5 minutes à pied du temple...",43.8386661,4.3527679,7e21bb9e-4fba-4a17-a50f-c05839b358be,43.8374249,4.3600687,2025-09-12,21.47375,2.625,49.375,clear sky
Nimes,Maison Albar Hotels L’Imperator,"15 Rue Gaston Boissier, 30900 Nîmes, France",9.1,1323,https://www.booking.com/hotel/fr/imperator-nimes.fr.html,"La Maison Albar Hotels L’Imperator est un hôtel situé dans la ville de Nîmes, près des jardins de la Fontaine et à moins de 5 minutes à pied du temple...",43.8386661,4.3527679,7e21bb9e-4fba-4a17-a50f-c05839b358be,43.8374249,4.3600687,2025-09-13,18.65875,2.26875,69.125,light rain
Nimes,Maison Albar Hotels L’Imperator,"15 Rue Gaston Boissier, 30900 Nîmes, France",9.1,1323,https://www.booking.com/hotel/fr/imperator-nimes.fr.html,"La Maison Albar Hotels L’Imperator est un hôtel situé dans la ville de Nîmes, près des jardins de la Fontaine et à moins de 5 minutes à pied du temple...",43.8386661,4.3527679,7e21bb9e-4fba-4a17-a50f-c05839b358be,43.8374249,4.3600687,2025-09-14,20.2475,2.54125,53.0,clear sky
Nimes,Maison Albar Hotels L’Imperator,"15 Rue Gaston Boissier, 30900 Nîmes, France",9.1,1323,https://www.booking.com/hotel/fr/imperator-nimes.fr.html,"La Maison Albar Hotels L’Imperator est un hôtel situé dans la ville de Nîmes, près des jardins de la Fontaine et à moins de 5 minutes à pied du temple...",43.8386661,4.3527679,7e21bb9e-4fba-4a17-a50f-c05839b358be,43.8374249,4.3600687,2025-09-15,20.768,1.6960000000000002,49.4,broken clouds
Nimes,Campanile PRIME - Nîmes Centre,"45 Rue San-Lucar, Zac Du Mas-Carbonnel, 30900 Nîmes, France",8.0,680,https://www.booking.com/hotel/fr/campanile-nimes-centre-mas-carbonnel.fr.html,"Situé à Nîmes, l’établissement 3 étoiles Campanile PRIME - Nîmes Centre propose une connexion Wi-Fi gratuite, une réception ouverte 24h/24 et la presse...",43.8227311,4.3641257,7e21bb9e-4fba-4a17-a50f-c05839b358be,43.8374249,4.3600687,2025-09-10,24.05666666666667,5.753333333333333,44.0,broken clouds
Nimes,Campanile PRIME - Nîmes Centre,"45 Rue San-Lucar, Zac Du Mas-Carbonnel, 30900 Nîmes, France",8.0,680,https://www.booking.com/hotel/fr/campanile-nimes-centre-mas-carbonnel.fr.html,"Situé à Nîmes, l’établissement 3 étoiles Campanile PRIME - Nîmes Centre propose une connexion Wi-Fi gratuite, une réception ouverte 24h/24 et la presse...",43.8227311,4.3641257,7e21bb9e-4fba-4a17-a50f-c05839b358be,43.8374249,4.3600687,2025-09-11,21.335,4.9925,47.5,clear sky
Nimes,Campanile PRIME - Nîmes Centre,"45 Rue San-Lucar, Zac Du Mas-Carbonnel, 30900 Nîmes, France",8.0,680,https://www.booking.com/hotel/fr/campanile-nimes-centre-mas-carbonnel.fr.html,"Situé à Nîmes, l’établissement 3 étoiles Campanile PRIME - Nîmes Centre propose une connexion Wi-Fi gratuite, une réception ouverte 24h/24 et la presse...",43.8227311,4.3641257,7e21bb9e-4fba-4a17-a50f-c05839b358be,43.8374249,4.3600687,2025-09-12,21.47375,2.625,49.375,clear sky
Nimes,Campanile PRIME - Nîmes Centre,"45 Rue San-Lucar, Zac Du Mas-Carbonnel, 30900 Nîmes, France",8.0,680,https://www.booking.com/hotel/fr/campanile-nimes-centre-mas-carbonnel.fr.html,"Situé à Nîmes, l’établissement 3 étoiles Campanile PRIME - Nîmes Centre propose une connexion Wi-Fi gratuite, une réception ouverte 24h/24 et la presse...",43.8227311,4.3641257,7e21bb9e-4fba-4a17-a50f-c05839b358be,43.8374249,4.3600687,2025-09-13,18.65875,2.26875,69.125,light rain
Nimes,Campanile PRIME - Nîmes Centre,"45 Rue San-Lucar, Zac Du Mas-Carbonnel, 30900 Nîmes, France",8.0,680,https://www.booking.com/hotel/fr/campanile-nimes-centre-mas-carbonnel.fr.html,"Situé à Nîmes, l’établissement 3 étoiles Campanile PRIME - Nîmes Centre propose une connexion Wi-Fi gratuite, une réception ouverte 24h/24 et la presse...",43.8227311,4.3641257,7e21bb9e-4fba-4a17-a50f-c05839b358be,43.8374249,4.3600687,2025-09-14,20.2475,2.54125,53.0,clear sky
Nimes,Campanile PRIME - Nîmes Centre,"45 Rue San-Lucar, Zac Du Mas-Carbonnel, 30900 Nîmes, France",8.0,680,https://www.booking.com/hotel/fr/campanile-nimes-centre-mas-carbonnel.fr.html,"Situé à Nîmes, l’établissement 3 étoiles Campanile PRIME - Nîmes Centre propose une connexion Wi-Fi gratuite, une réception ouverte 24h/24 et la presse...",43.8227311,4.3641257,7e21bb9e-4fba-4a17-a50f-c05839b358be,43.8374249,4.3600687,2025-09-15,20.768,1.6960000000000002,49.4,broken clouds
Nimes,Appart'hôtel Odalys City - Nîmes Arènes - Palais des Congrès,"4 Rue Alexandre Ducros, 30000 Nîmes, France",8.5,2662,https://www.booking.com/hotel/fr/odalys-city-nimes-arenes.fr.html,"L’établissement Appart'hôtel Odalys City - Nîmes Arènes - Palais des Congrès se trouve à Nîmes, à respectivement 2,6 km et 33 km de ces lieux d’intérêt :...",43.8340619,4.3589907,7e21bb9e-4fba-4a17-a50f-c05839b358be,43.8374249,4.3600687,2025-09-10,24.05666666666667,5.753333333333333,44.0,broken clouds
Nimes,Appart'hôtel Odalys City - Nîmes Arènes - Palais des Congrès,"4 Rue Alexandre Ducros, 30000 Nîmes, France",8.5,2662,https://www.booking.com/hotel/fr/odalys-city-nimes-arenes.fr.html,"L’établissement Appart'hôtel Odalys City - Nîmes Arènes - Palais des Congrès se trouve à Nîmes, à respectivement 2,6 km et 33 km de ces lieux d’intérêt :...",43.8340619,4.3589907,7e21bb9e-4fba-4a17-a50f-c05839b358be,43.8374249,4.3600687,2025-09-11,21.335,4.9925,47.5,clear sky
Nimes,Appart'hôtel Odalys City - Nîmes Arènes - Palais des Congrès,"4 Rue Alexandre Ducros, 30000 Nîmes, France",8.5,2662,https://www.booking.com/hotel/fr/odalys-city-nimes-arenes.fr.html,"L’établissement Appart'hôtel Odalys City - Nîmes Arènes - Palais des Congrès se trouve à Nîmes, à respectivement 2,6 km et 33 km de ces lieux d’intérêt :...",43.8340619,4.3589907,7e21bb9e-4fba-4a17-a50f-c05839b358be,43.8374249,4.3600687,2025-09-12,21.47375,2.625,49.375,clear sky
Nimes,Appart'hôtel Odalys City - Nîmes Arènes - Palais des Congrès,"4 Rue Alexandre Ducros, 30000 Nîmes, France",8.5,2662,https://www.booking.com/hotel/fr/odalys-city-nimes-arenes.fr.html,"L’établissement Appart'hôtel Odalys City - Nîmes Arènes - Palais des Congrès se trouve à Nîmes, à respectivement 2,6 km et 33 km de ces lieux d’intérêt :...",43.8340619,4.3589907,7e21bb9e-4fba-4a17-a50f-c05839b358be,43.8374249,4.3600687,2025-09-13,18.65875,2.26875,69.125,light rain
Nimes,Appart'hôtel Odalys City - Nîmes Arènes - Palais des Congrès,"4 Rue Alexandre Ducros, 30000 Nîmes, France",8.5,2662,https://www.booking.com/hotel/fr/odalys-city-nimes-arenes.fr.html,"L’établissement Appart'hôtel Odalys City - Nîmes Arènes - Palais des Congrès se trouve à Nîmes, à respectivement 2,6 km et 33 km de ces lieux d’intérêt :...",43.8340619,4.3589907,7e21bb9e-4fba-4a17-a50f-c05839b358be,43.8374249,4.3600687,2025-09-14,20.2475,2.54125,53.0,clear sky
Nimes,Appart'hôtel Odalys City - Nîmes Arènes - Palais des Congrès,"4 Rue Alexandre Ducros, 30000 Nîmes, France",8.5,2662,https://www.booking.com/hotel/fr/odalys-city-nimes-arenes.fr.html,"L’établissement Appart'hôtel Odalys City - Nîmes Arènes - Palais des Congrès se trouve à Nîmes, à respectivement 2,6 km et 33 km de ces lieux d’intérêt :...",43.8340619,4.3589907,7e21bb9e-4fba-4a17-a50f-c05839b358be,43.8374249,4.3600687,2025-09-15,20.768,1.6960000000000002,49.4,broken clouds
